Country,Indicator,Units,Year,Value
AFGHANISTAN,Total trips,Thousands,1995,
AFGHANISTAN,Overnights visitors (tourists),Thousands,1995,
AFGHANISTAN,Same-day visitors (excursionists),Thousands,1995,
ALBANIA,Total trips,Thousands,1995,
ALBANIA,Overnights visitors (tourists),Thousands,1995,
ALBANIA,Same-day visitors (excursionists),Thousands,1995,
ALGERIA,Total trips,Thousands,1995,
ALGERIA,Overnights visitors (tourists),Thousands,1995,
ALGERIA,Same-day visitors (excursionists),Thousands,1995,
AMERICAN SAMOA,Total trips,Thousands,1995,
AMERICAN SAMOA,Overnights visitors (tourists),Thousands,1995,
AMERICAN SAMOA,Same-day visitors (excursionists),Thousands,1995,
ANDORRA,Total trips,Thousands,1995,
ANDORRA,Overnights visitors (tourists),Thousands,1995,
ANDORRA,Same-day visitors (excursionists),Thousands,1995,
ANGOLA,Total trips,Thousands,1995,
ANGOLA,Overnights visitors (tourists),Thousands,1995,
ANGOLA,Same-day visitors (excursionists),Thousands,1995,
ANGUILLA,Total trips,Thousands,1995,
ANGUILLA,Overnights visitors (tourists),Thousands,1995,
ANGUILLA,Same-day visitors (excursionists),Thousands,1995,
ANTIGUA AND BARBUDA,Total trips,Thousands,1995,
ANTIGUA AND BARBUDA,Overnights visitors (tourists),Thousands,1995,
ANTIGUA AND BARBUDA,Same-day visitors (excursionists),Thousands,1995,
ARGENTINA,Total trips,Thousands,1995,
ARGENTINA,Overnights visitors (tourists),Thousands,1995,
ARGENTINA,Same-day visitors (excursionists),Thousands,1995,
ARMENIA,Total trips,Thousands,1995,
ARMENIA,Overnights visitors (tourists),Thousands,1995,
ARMENIA,Same-day visitors (excursionists),Thousands,1995,
ARUBA,Total trips,Thousands,1995,
ARUBA,Overnights visitors (tourists),Thousands,1995,
ARUBA,Same-day visitors (excursionists),Thousands,1995,
AUSTRALIA,Total trips,Thousands,1995,
AUSTRALIA,Overnights visitors (tourists),Thousands,1995,
AUSTRALIA,Same-day visitors (excursionists),Thousands,1995,
AUSTRIA,Total trips,Thousands,1995,
AUSTRIA,Overnights visitors (tourists),Thousands,1995,
AUSTRIA,Same-day visitors (excursionists),Thousands,1995,
AZERBAIJAN,Total trips,Thousands,1995,
AZERBAIJAN,Overnights visitors (tourists),Thousands,1995,
AZERBAIJAN,Same-day visitors (excursionists),Thousands,1995,
BAHAMAS,Total trips,Thousands,1995,
BAHAMAS,Overnights visitors (tourists),Thousands,1995,
BAHAMAS,Same-day visitors (excursionists),Thousands,1995,
BAHRAIN,Total trips,Thousands,1995,
BAHRAIN,Overnights visitors (tourists),Thousands,1995,
BAHRAIN,Same-day visitors (excursionists),Thousands,1995,
BANGLADESH,Total trips,Thousands,1995,
BANGLADESH,Overnights visitors (tourists),Thousands,1995,
BANGLADESH,Same-day visitors (excursionists),Thousands,1995,
BARBADOS,Total trips,Thousands,1995,
BARBADOS,Overnights visitors (tourists),Thousands,1995,
BARBADOS,Same-day visitors (excursionists),Thousands,1995,
BELARUS,Total trips,Thousands,1995,
BELARUS,Overnights visitors (tourists),Thousands,1995,
BELARUS,Same-day visitors (excursionists),Thousands,1995,
BELGIUM,Total trips,Thousands,1995,
BELGIUM,Overnights visitors (tourists),Thousands,1995,
BELGIUM,Same-day visitors (excursionists),Thousands,1995,
BELIZE,Total trips,Thousands,1995,
BELIZE,Overnights visitors (tourists),Thousands,1995,
BELIZE,Same-day visitors (excursionists),Thousands,1995,
BENIN,Total trips,Thousands,1995,
BENIN,Overnights visitors (tourists),Thousands,1995,
BENIN,Same-day visitors (excursionists),Thousands,1995,
BERMUDA,Total trips,Thousands,1995,
BERMUDA,Overnights visitors (tourists),Thousands,1995,
BERMUDA,Same-day visitors (excursionists),Thousands,1995,
BHUTAN,Total trips,Thousands,1995,
BHUTAN,Overnights visitors (tourists),Thousands,1995,
BHUTAN,Same-day visitors (excursionists),Thousands,1995,
"BOLIVIA, PLURINATIONAL STATE OF",Total trips,Thousands,1995,
"BOLIVIA, PLURINATIONAL STATE OF",Overnights visitors (tourists),Thousands,1995,
"BOLIVIA, PLURINATIONAL STATE OF",Same-day visitors (excursionists),Thousands,1995,
BONAIRE,Total trips,Thousands,1995,
BONAIRE,Overnights visitors (tourists),Thousands,1995,
BONAIRE,Same-day visitors (excursionists),Thousands,1995,
BOSNIA AND HERZEGOVINA,Total trips,Thousands,1995,
BOSNIA AND HERZEGOVINA,Overnights visitors (tourists),Thousands,1995,
BOSNIA AND HERZEGOVINA,Same-day visitors (excursionists),Thousands,1995,
BOTSWANA,Total trips,Thousands,1995,
BOTSWANA,Overnights visitors (tourists),Thousands,1995,
BOTSWANA,Same-day visitors (excursionists),Thousands,1995,
BRAZIL,Total trips,Thousands,1995,
BRAZIL,Overnights visitors (tourists),Thousands,1995,
BRAZIL,Same-day visitors (excursionists),Thousands,1995,
BRITISH VIRGIN ISLANDS,Total trips,Thousands,1995,
BRITISH VIRGIN ISLANDS,Overnights visitors (tourists),Thousands,1995,
BRITISH VIRGIN ISLANDS,Same-day visitors (excursionists),Thousands,1995,
BRUNEI DARUSSALAM,Total trips,Thousands,1995,
BRUNEI DARUSSALAM,Overnights visitors (tourists),Thousands,1995,
BRUNEI DARUSSALAM,Same-day visitors (excursionists),Thousands,1995,
BULGARIA,Total trips,Thousands,1995,
BULGARIA,Overnights visitors (tourists),Thousands,1995,
BULGARIA,Same-day visitors (excursionists),Thousands,1995,
BURKINA FASO,Total trips,Thousands,1995,
BURKINA FASO,Overnights visitors (tourists),Thousands,1995,
BURKINA FASO,Same-day visitors (excursionists),Thousands,1995,
BURUNDI,Total trips,Thousands,1995,
BURUNDI,Overnights visitors (tourists),Thousands,1995,
BURUNDI,Same-day visitors (excursionists),Thousands,1995,
CABO VERDE,Total trips,Thousands,1995,
CABO VERDE,Overnights visitors (tourists),Thousands,1995,
CABO VERDE,Same-day visitors (excursionists),Thousands,1995,
CAMBODIA,Total trips,Thousands,1995,
CAMBODIA,Overnights visitors (tourists),Thousands,1995,
CAMBODIA,Same-day visitors (excursionists),Thousands,1995,
CAMEROON,Total trips,Thousands,1995,
CAMEROON,Overnights visitors (tourists),Thousands,1995,
CAMEROON,Same-day visitors (excursionists),Thousands,1995,
CANADA,Total trips,Thousands,1995,
CANADA,Overnights visitors (tourists),Thousands,1995,
CANADA,Same-day visitors (excursionists),Thousands,1995,
CAYMAN ISLANDS,Total trips,Thousands,1995,
CAYMAN ISLANDS,Overnights visitors (tourists),Thousands,1995,
CAYMAN ISLANDS,Same-day visitors (excursionists),Thousands,1995,
CENTRAL AFRICAN REPUBLIC,Total trips,Thousands,1995,
CENTRAL AFRICAN REPUBLIC,Overnights visitors (tourists),Thousands,1995,
CENTRAL AFRICAN REPUBLIC,Same-day visitors (excursionists),Thousands,1995,
CHAD,Total trips,Thousands,1995,
CHAD,Overnights visitors (tourists),Thousands,1995,
CHAD,Same-day visitors (excursionists),Thousands,1995,
CHILE,Total trips,Thousands,1995,
CHILE,Overnights visitors (tourists),Thousands,1995,
CHILE,Same-day visitors (excursionists),Thousands,1995,
CHINA,Total trips,Thousands,1995,
CHINA,Overnights visitors (tourists),Thousands,1995,
CHINA,Same-day visitors (excursionists),Thousands,1995,
COLOMBIA,Total trips,Thousands,1995,
COLOMBIA,Overnights visitors (tourists),Thousands,1995,
COLOMBIA,Same-day visitors (excursionists),Thousands,1995,
COMOROS,Total trips,Thousands,1995,
COMOROS,Overnights visitors (tourists),Thousands,1995,
COMOROS,Same-day visitors (excursionists),Thousands,1995,
CONGO,Total trips,Thousands,1995,
CONGO,Overnights visitors (tourists),Thousands,1995,
CONGO,Same-day visitors (excursionists),Thousands,1995,
"CONGO, DEMOCRATIC REPUBLIC OF THE",Total trips,Thousands,1995,
"CONGO, DEMOCRATIC REPUBLIC OF THE",Overnights visitors (tourists),Thousands,1995,
"CONGO, DEMOCRATIC REPUBLIC OF THE",Same-day visitors (excursionists),Thousands,1995,
COOK ISLANDS,Total trips,Thousands,1995,
COOK ISLANDS,Overnights visitors (tourists),Thousands,1995,
COOK ISLANDS,Same-day visitors (excursionists),Thousands,1995,
COSTA RICA,Total trips,Thousands,1995,
COSTA RICA,Overnights visitors (tourists),Thousands,1995,
COSTA RICA,Same-day visitors (excursionists),Thousands,1995,
COTE D´IVOIRE,Total trips,Thousands,1995,
COTE D´IVOIRE,Overnights visitors (tourists),Thousands,1995,
COTE D´IVOIRE,Same-day visitors (excursionists),Thousands,1995,
CROATIA,Total trips,Thousands,1995,
CROATIA,Overnights visitors (tourists),Thousands,1995,
CROATIA,Same-day visitors (excursionists),Thousands,1995,
CUBA,Total trips,Thousands,1995,
CUBA,Overnights visitors (tourists),Thousands,1995,
CUBA,Same-day visitors (excursionists),Thousands,1995,
CURAÇAO,Total trips,Thousands,1995,
CURAÇAO,Overnights visitors (tourists),Thousands,1995,
CURAÇAO,Same-day visitors (excursionists),Thousands,1995,
CYPRUS,Total trips,Thousands,1995,
CYPRUS,Overnights visitors (tourists),Thousands,1995,
CYPRUS,Same-day visitors (excursionists),Thousands,1995,
CZECH REPUBLIC (CZECHIA),Total trips,Thousands,1995,
CZECH REPUBLIC (CZECHIA),Overnights visitors (tourists),Thousands,1995,
CZECH REPUBLIC (CZECHIA),Same-day visitors (excursionists),Thousands,1995,
DENMARK,Total trips,Thousands,1995,
DENMARK,Overnights visitors (tourists),Thousands,1995,
DENMARK,Same-day visitors (excursionists),Thousands,1995,
DJIBOUTI,Total trips,Thousands,1995,
DJIBOUTI,Overnights visitors (tourists),Thousands,1995,
DJIBOUTI,Same-day visitors (excursionists),Thousands,1995,
DOMINICA,Total trips,Thousands,1995,
DOMINICA,Overnights visitors (tourists),Thousands,1995,
DOMINICA,Same-day visitors (excursionists),Thousands,1995,
DOMINICAN REPUBLIC,Total trips,Thousands,1995,
DOMINICAN REPUBLIC,Overnights visitors (tourists),Thousands,1995,
DOMINICAN REPUBLIC,Same-day visitors (excursionists),Thousands,1995,
ECUADOR,Total trips,Thousands,1995,
ECUADOR,Overnights visitors (tourists),Thousands,1995,
ECUADOR,Same-day visitors (excursionists),Thousands,1995,
EGYPT,Total trips,Thousands,1995,
EGYPT,Overnights visitors (tourists),Thousands,1995,
EGYPT,Same-day visitors (excursionists),Thousands,1995,
EL SALVADOR,Total trips,Thousands,1995,
EL SALVADOR,Overnights visitors (tourists),Thousands,1995,
EL SALVADOR,Same-day visitors (excursionists),Thousands,1995,
EQUATORIAL GUINEA,Total trips,Thousands,1995,
EQUATORIAL GUINEA,Overnights visitors (tourists),Thousands,1995,
EQUATORIAL GUINEA,Same-day visitors (excursionists),Thousands,1995,
ERITREA,Total trips,Thousands,1995,
ERITREA,Overnights visitors (tourists),Thousands,1995,
ERITREA,Same-day visitors (excursionists),Thousands,1995,
ESTONIA,Total trips,Thousands,1995,
ESTONIA,Overnights visitors (tourists),Thousands,1995,
ESTONIA,Same-day visitors (excursionists),Thousands,1995,
ESWATINI,Total trips,Thousands,1995,
ESWATINI,Overnights visitors (tourists),Thousands,1995,
ESWATINI,Same-day visitors (excursionists),Thousands,1995,
ETHIOPIA,Total trips,Thousands,1995,
ETHIOPIA,Overnights visitors (tourists),Thousands,1995,
ETHIOPIA,Same-day visitors (excursionists),Thousands,1995,
FIJI,Total trips,Thousands,1995,
FIJI,Overnights visitors (tourists),Thousands,1995,
FIJI,Same-day visitors (excursionists),Thousands,1995,
FINLAND,Total trips,Thousands,1995,
FINLAND,Overnights visitors (tourists),Thousands,1995,
FINLAND,Same-day visitors (excursionists),Thousands,1995,
FRANCE,Total trips,Thousands,1995,
FRANCE,Overnights visitors (tourists),Thousands,1995,
FRANCE,Same-day visitors (excursionists),Thousands,1995,
FRENCH GUIANA,Total trips,Thousands,1995,
FRENCH GUIANA,Overnights visitors (tourists),Thousands,1995,
FRENCH GUIANA,Same-day visitors (excursionists),Thousands,1995,
FRENCH POLYNESIA,Total trips,Thousands,1995,
FRENCH POLYNESIA,Overnights visitors (tourists),Thousands,1995,
FRENCH POLYNESIA,Same-day visitors (excursionists),Thousands,1995,
GABON,Total trips,Thousands,1995,
GABON,Overnights visitors (tourists),Thousands,1995,
GABON,Same-day visitors (excursionists),Thousands,1995,
GAMBIA,Total trips,Thousands,1995,
GAMBIA,Overnights visitors (tourists),Thousands,1995,
GAMBIA,Same-day visitors (excursionists),Thousands,1995,
GEORGIA,Total trips,Thousands,1995,
GEORGIA,Overnights visitors (tourists),Thousands,1995,
GEORGIA,Same-day visitors (excursionists),Thousands,1995,
GERMANY,Total trips,Thousands,1995,
GERMANY,Overnights visitors (tourists),Thousands,1995,
GERMANY,Same-day visitors (excursionists),Thousands,1995,
GHANA,Total trips,Thousands,1995,
GHANA,Overnights visitors (tourists),Thousands,1995,
GHANA,Same-day visitors (excursionists),Thousands,1995,
GREECE,Total trips,Thousands,1995,
GREECE,Overnights visitors (tourists),Thousands,1995,
GREECE,Same-day visitors (excursionists),Thousands,1995,
GRENADA,Total trips,Thousands,1995,
GRENADA,Overnights visitors (tourists),Thousands,1995,
GRENADA,Same-day visitors (excursionists),Thousands,1995,
GUADELOUPE,Total trips,Thousands,1995,
GUADELOUPE,Overnights visitors (tourists),Thousands,1995,
GUADELOUPE,Same-day visitors (excursionists),Thousands,1995,
GUAM,Total trips,Thousands,1995,
GUAM,Overnights visitors (tourists),Thousands,1995,
GUAM,Same-day visitors (excursionists),Thousands,1995,
GUATEMALA,Total trips,Thousands,1995,
GUATEMALA,Overnights visitors (tourists),Thousands,1995,
GUATEMALA,Same-day visitors (excursionists),Thousands,1995,
GUINEA,Total trips,Thousands,1995,
GUINEA,Overnights visitors (tourists),Thousands,1995,
GUINEA,Same-day visitors (excursionists),Thousands,1995,
GUINEA-BISSAU,Total trips,Thousands,1995,
GUINEA-BISSAU,Overnights visitors (tourists),Thousands,1995,
GUINEA-BISSAU,Same-day visitors (excursionists),Thousands,1995,
GUYANA,Total trips,Thousands,1995,
GUYANA,Overnights visitors (tourists),Thousands,1995,
GUYANA,Same-day visitors (excursionists),Thousands,1995,
HAITI,Total trips,Thousands,1995,
HAITI,Overnights visitors (tourists),Thousands,1995,
HAITI,Same-day visitors (excursionists),Thousands,1995,
HONDURAS,Total trips,Thousands,1995,
HONDURAS,Overnights visitors (tourists),Thousands,1995,
HONDURAS,Same-day visitors (excursionists),Thousands,1995,
"HONG KONG, CHINA",Total trips,Thousands,1995,
"HONG KONG, CHINA",Overnights visitors (tourists),Thousands,1995,
"HONG KONG, CHINA",Same-day visitors (excursionists),Thousands,1995,
HUNGARY,Total trips,Thousands,1995,
HUNGARY,Overnights visitors (tourists),Thousands,1995,
HUNGARY,Same-day visitors (excursionists),Thousands,1995,
ICELAND,Total trips,Thousands,1995,
ICELAND,Overnights visitors (tourists),Thousands,1995,
ICELAND,Same-day visitors (excursionists),Thousands,1995,
INDIA,Total trips,Thousands,1995,
INDIA,Overnights visitors (tourists),Thousands,1995,
INDIA,Same-day visitors (excursionists),Thousands,1995,
INDONESIA,Total trips,Thousands,1995,
INDONESIA,Overnights visitors (tourists),Thousands,1995,
INDONESIA,Same-day visitors (excursionists),Thousands,1995,
"IRAN, ISLAMIC REPUBLIC OF",Total trips,Thousands,1995,
"IRAN, ISLAMIC REPUBLIC OF",Overnights visitors (tourists),Thousands,1995,
"IRAN, ISLAMIC REPUBLIC OF",Same-day visitors (excursionists),Thousands,1995,
IRAQ,Total trips,Thousands,1995,
IRAQ,Overnights visitors (tourists),Thousands,1995,
IRAQ,Same-day visitors (excursionists),Thousands,1995,
IRELAND,Total trips,Thousands,1995,
IRELAND,Overnights visitors (tourists),Thousands,1995,
IRELAND,Same-day visitors (excursionists),Thousands,1995,
ISRAEL,Total trips,Thousands,1995,
ISRAEL,Overnights visitors (tourists),Thousands,1995,
ISRAEL,Same-day visitors (excursionists),Thousands,1995,
ITALY,Total trips,Thousands,1995,
ITALY,Overnights visitors (tourists),Thousands,1995,
ITALY,Same-day visitors (excursionists),Thousands,1995,
JAMAICA,Total trips,Thousands,1995,
JAMAICA,Overnights visitors (tourists),Thousands,1995,
JAMAICA,Same-day visitors (excursionists),Thousands,1995,
JAPAN,Total trips,Thousands,1995,
JAPAN,Overnights visitors (tourists),Thousands,1995,
JAPAN,Same-day visitors (excursionists),Thousands,1995,
JORDAN,Total trips,Thousands,1995,
JORDAN,Overnights visitors (tourists),Thousands,1995,
JORDAN,Same-day visitors (excursionists),Thousands,1995,
KAZAKHSTAN,Total trips,Thousands,1995,
KAZAKHSTAN,Overnights visitors (tourists),Thousands,1995,
KAZAKHSTAN,Same-day visitors (excursionists),Thousands,1995,
KENYA,Total trips,Thousands,1995,
KENYA,Overnights visitors (tourists),Thousands,1995,
KENYA,Same-day visitors (excursionists),Thousands,1995,
KIRIBATI,Total trips,Thousands,1995,
KIRIBATI,Overnights visitors (tourists),Thousands,1995,
KIRIBATI,Same-day visitors (excursionists),Thousands,1995,
"KOREA, DEMOCRATIC PEOPLE´S REPUBLIC OF",Total trips,Thousands,1995,
"KOREA, DEMOCRATIC PEOPLE´S REPUBLIC OF",Overnights visitors (tourists),Thousands,1995,
"KOREA, DEMOCRATIC PEOPLE´S REPUBLIC OF",Same-day visitors (excursionists),Thousands,1995,
"KOREA, REPUBLIC OF",Total trips,Thousands,1995,
"KOREA, REPUBLIC OF",Overnights visitors (tourists),Thousands,1995,
"KOREA, REPUBLIC OF",Same-day visitors (excursionists),Thousands,1995,
KUWAIT,Total trips,Thousands,1995,
KUWAIT,Overnights visitors (tourists),Thousands,1995,
KUWAIT,Same-day visitors (excursionists),Thousands,1995,
KYRGYZSTAN,Total trips,Thousands,1995,
KYRGYZSTAN,Overnights visitors (tourists),Thousands,1995,
KYRGYZSTAN,Same-day visitors (excursionists),Thousands,1995,
LAO PEOPLE´S DEMOCRATIC REPUBLIC,Total trips,Thousands,1995,
LAO PEOPLE´S DEMOCRATIC REPUBLIC,Overnights visitors (tourists),Thousands,1995,
LAO PEOPLE´S DEMOCRATIC REPUBLIC,Same-day visitors (excursionists),Thousands,1995,
LATVIA,Total trips,Thousands,1995,
LATVIA,Overnights visitors (tourists),Thousands,1995,
LATVIA,Same-day visitors (excursionists),Thousands,1995,
LEBANON,Total trips,Thousands,1995,
LEBANON,Overnights visitors (tourists),Thousands,1995,
LEBANON,Same-day visitors (excursionists),Thousands,1995,
LESOTHO,Total trips,Thousands,1995,
LESOTHO,Overnights visitors (tourists),Thousands,1995,
LESOTHO,Same-day visitors (excursionists),Thousands,1995,
LIBERIA,Total trips,Thousands,1995,
LIBERIA,Overnights visitors (tourists),Thousands,1995,
LIBERIA,Same-day visitors (excursionists),Thousands,1995,
LIBYA,Total trips,Thousands,1995,
LIBYA,Overnights visitors (tourists),Thousands,1995,
LIBYA,Same-day visitors (excursionists),Thousands,1995,
LIECHTENSTEIN,Total trips,Thousands,1995,
LIECHTENSTEIN,Overnights visitors (tourists),Thousands,1995,
LIECHTENSTEIN,Same-day visitors (excursionists),Thousands,1995,
LITHUANIA,Total trips,Thousands,1995,
LITHUANIA,Overnights visitors (tourists),Thousands,1995,
LITHUANIA,Same-day visitors (excursionists),Thousands,1995,
LUXEMBOURG,Total trips,Thousands,1995,
LUXEMBOURG,Overnights visitors (tourists),Thousands,1995,
LUXEMBOURG,Same-day visitors (excursionists),Thousands,1995,
"MACAO, CHINA",Total trips,Thousands,1995,
"MACAO, CHINA",Overnights visitors (tourists),Thousands,1995,
"MACAO, CHINA",Same-day visitors (excursionists),Thousands,1995,
MADAGASCAR,Total trips,Thousands,1995,
MADAGASCAR,Overnights visitors (tourists),Thousands,1995,
MADAGASCAR,Same-day visitors (excursionists),Thousands,1995,
MALAWI,Total trips,Thousands,1995,
MALAWI,Overnights visitors (tourists),Thousands,1995,
MALAWI,Same-day visitors (excursionists),Thousands,1995,
MALAYSIA,Total trips,Thousands,1995,
MALAYSIA,Overnights visitors (tourists),Thousands,1995,
MALAYSIA,Same-day visitors (excursionists),Thousands,1995,
MALDIVES,Total trips,Thousands,1995,
MALDIVES,Overnights visitors (tourists),Thousands,1995,
MALDIVES,Same-day visitors (excursionists),Thousands,1995,
MALI,Total trips,Thousands,1995,
MALI,Overnights visitors (tourists),Thousands,1995,
MALI,Same-day visitors (excursionists),Thousands,1995,
MALTA,Total trips,Thousands,1995,
MALTA,Overnights visitors (tourists),Thousands,1995,
MALTA,Same-day visitors (excursionists),Thousands,1995,
MARSHALL ISLANDS,Total trips,Thousands,1995,
MARSHALL ISLANDS,Overnights visitors (tourists),Thousands,1995,
MARSHALL ISLANDS,Same-day visitors (excursionists),Thousands,1995,
MARTINIQUE,Total trips,Thousands,1995,
MARTINIQUE,Overnights visitors (tourists),Thousands,1995,
MARTINIQUE,Same-day visitors (excursionists),Thousands,1995,
MAURITANIA,Total trips,Thousands,1995,
MAURITANIA,Overnights visitors (tourists),Thousands,1995,
MAURITANIA,Same-day visitors (excursionists),Thousands,1995,
MAURITIUS,Total trips,Thousands,1995,
MAURITIUS,Overnights visitors (tourists),Thousands,1995,
MAURITIUS,Same-day visitors (excursionists),Thousands,1995,
MEXICO,Total trips,Thousands,1995,
MEXICO,Overnights visitors (tourists),Thousands,1995,
MEXICO,Same-day visitors (excursionists),Thousands,1995,
"MICRONESIA, FEDERATED STATES OF",Total trips,Thousands,1995,
"MICRONESIA, FEDERATED STATES OF",Overnights visitors (tourists),Thousands,1995,
"MICRONESIA, FEDERATED STATES OF",Same-day visitors (excursionists),Thousands,1995,
"MOLDOVA, REPUBLIC OF",Total trips,Thousands,1995,
"MOLDOVA, REPUBLIC OF",Overnights visitors (tourists),Thousands,1995,
"MOLDOVA, REPUBLIC OF",Same-day visitors (excursionists),Thousands,1995,
MONACO,Total trips,Thousands,1995,
MONACO,Overnights visitors (tourists),Thousands,1995,
MONACO,Same-day visitors (excursionists),Thousands,1995,
MONGOLIA,Total trips,Thousands,1995,
MONGOLIA,Overnights visitors (tourists),Thousands,1995,
MONGOLIA,Same-day visitors (excursionists),Thousands,1995,
MONTENEGRO,Total trips,Thousands,1995,
MONTENEGRO,Overnights visitors (tourists),Thousands,1995,
MONTENEGRO,Same-day visitors (excursionists),Thousands,1995,
MONTSERRAT,Total trips,Thousands,1995,
MONTSERRAT,Overnights visitors (tourists),Thousands,1995,
MONTSERRAT,Same-day visitors (excursionists),Thousands,1995,
MOROCCO,Total trips,Thousands,1995,
MOROCCO,Overnights visitors (tourists),Thousands,1995,
MOROCCO,Same-day visitors (excursionists),Thousands,1995,
MOZAMBIQUE,Total trips,Thousands,1995,
MOZAMBIQUE,Overnights visitors (tourists),Thousands,1995,
MOZAMBIQUE,Same-day visitors (excursionists),Thousands,1995,
MYANMAR,Total trips,Thousands,1995,
MYANMAR,Overnights visitors (tourists),Thousands,1995,
MYANMAR,Same-day visitors (excursionists),Thousands,1995,
NAMIBIA,Total trips,Thousands,1995,
NAMIBIA,Overnights visitors (tourists),Thousands,1995,
NAMIBIA,Same-day visitors (excursionists),Thousands,1995,
NAURU,Total trips,Thousands,1995,
NAURU,Overnights visitors (tourists),Thousands,1995,
NAURU,Same-day visitors (excursionists),Thousands,1995,
NEPAL,Total trips,Thousands,1995,
NEPAL,Overnights visitors (tourists),Thousands,1995,
NEPAL,Same-day visitors (excursionists),Thousands,1995,
NETHERLANDS,Total trips,Thousands,1995,
NETHERLANDS,Overnights visitors (tourists),Thousands,1995,
NETHERLANDS,Same-day visitors (excursionists),Thousands,1995,
NEW CALEDONIA,Total trips,Thousands,1995,
NEW CALEDONIA,Overnights visitors (tourists),Thousands,1995,
NEW CALEDONIA,Same-day visitors (excursionists),Thousands,1995,
NEW ZEALAND,Total trips,Thousands,1995,
NEW ZEALAND,Overnights visitors (tourists),Thousands,1995,
NEW ZEALAND,Same-day visitors (excursionists),Thousands,1995,
NICARAGUA,Total trips,Thousands,1995,
NICARAGUA,Overnights visitors (tourists),Thousands,1995,
NICARAGUA,Same-day visitors (excursionists),Thousands,1995,
NIGER,Total trips,Thousands,1995,
NIGER,Overnights visitors (tourists),Thousands,1995,
NIGER,Same-day visitors (excursionists),Thousands,1995,
NIGERIA,Total trips,Thousands,1995,
NIGERIA,Overnights visitors (tourists),Thousands,1995,
NIGERIA,Same-day visitors (excursionists),Thousands,1995,
NIUE,Total trips,Thousands,1995,
NIUE,Overnights visitors (tourists),Thousands,1995,
NIUE,Same-day visitors (excursionists),Thousands,1995,
NORTH MACEDONIA,Total trips,Thousands,1995,
NORTH MACEDONIA,Overnights visitors (tourists),Thousands,1995,
NORTH MACEDONIA,Same-day visitors (excursionists),Thousands,1995,
NORTHERN MARIANA ISLANDS,Total trips,Thousands,1995,
NORTHERN MARIANA ISLANDS,Overnights visitors (tourists),Thousands,1995,
NORTHERN MARIANA ISLANDS,Same-day visitors (excursionists),Thousands,1995,
NORWAY,Total trips,Thousands,1995,
NORWAY,Overnights visitors (tourists),Thousands,1995,
NORWAY,Same-day visitors (excursionists),Thousands,1995,
OMAN,Total trips,Thousands,1995,
OMAN,Overnights visitors (tourists),Thousands,1995,
OMAN,Same-day visitors (excursionists),Thousands,1995,
PAKISTAN,Total trips,Thousands,1995,
PAKISTAN,Overnights visitors (tourists),Thousands,1995,
PAKISTAN,Same-day visitors (excursionists),Thousands,1995,
PALAU,Total trips,Thousands,1995,
PALAU,Overnights visitors (tourists),Thousands,1995,
PALAU,Same-day visitors (excursionists),Thousands,1995,
PANAMA,Total trips,Thousands,1995,
PANAMA,Overnights visitors (tourists),Thousands,1995,
PANAMA,Same-day visitors (excursionists),Thousands,1995,
PAPUA NEW GUINEA,Total trips,Thousands,1995,
PAPUA NEW GUINEA,Overnights visitors (tourists),Thousands,1995,
PAPUA NEW GUINEA,Same-day visitors (excursionists),Thousands,1995,
PARAGUAY,Total trips,Thousands,1995,
PARAGUAY,Overnights visitors (tourists),Thousands,1995,
PARAGUAY,Same-day visitors (excursionists),Thousands,1995,
PERU,Total trips,Thousands,1995,
PERU,Overnights visitors (tourists),Thousands,1995,
PERU,Same-day visitors (excursionists),Thousands,1995,
PHILIPPINES,Total trips,Thousands,1995,
PHILIPPINES,Overnights visitors (tourists),Thousands,1995,
PHILIPPINES,Same-day visitors (excursionists),Thousands,1995,
POLAND,Total trips,Thousands,1995,
POLAND,Overnights visitors (tourists),Thousands,1995,
POLAND,Same-day visitors (excursionists),Thousands,1995,
PORTUGAL,Total trips,Thousands,1995,
PORTUGAL,Overnights visitors (tourists),Thousands,1995,
PORTUGAL,Same-day visitors (excursionists),Thousands,1995,
PUERTO RICO,Total trips,Thousands,1995,
PUERTO RICO,Overnights visitors (tourists),Thousands,1995,
PUERTO RICO,Same-day visitors (excursionists),Thousands,1995,
QATAR,Total trips,Thousands,1995,
QATAR,Overnights visitors (tourists),Thousands,1995,
QATAR,Same-day visitors (excursionists),Thousands,1995,
REUNION,Total trips,Thousands,1995,
REUNION,Overnights visitors (tourists),Thousands,1995,
REUNION,Same-day visitors (excursionists),Thousands,1995,
ROMANIA,Total trips,Thousands,1995,
ROMANIA,Overnights visitors (tourists),Thousands,1995,
ROMANIA,Same-day visitors (excursionists),Thousands,1995,
RUSSIAN FEDERATION,Total trips,Thousands,1995,
RUSSIAN FEDERATION,Overnights visitors (tourists),Thousands,1995,
RUSSIAN FEDERATION,Same-day visitors (excursionists),Thousands,1995,
RWANDA,Total trips,Thousands,1995,
RWANDA,Overnights visitors (tourists),Thousands,1995,
RWANDA,Same-day visitors (excursionists),Thousands,1995,
SABA,Total trips,Thousands,1995,
SABA,Overnights visitors (tourists),Thousands,1995,
SABA,Same-day visitors (excursionists),Thousands,1995,
SAINT KITTS AND NEVIS,Total trips,Thousands,1995,
SAINT KITTS AND NEVIS,Overnights visitors (tourists),Thousands,1995,
SAINT KITTS AND NEVIS,Same-day visitors (excursionists),Thousands,1995,
SAINT LUCIA,Total trips,Thousands,1995,
SAINT LUCIA,Overnights visitors (tourists),Thousands,1995,
SAINT LUCIA,Same-day visitors (excursionists),Thousands,1995,
SAINT VINCENT AND THE GRENADINES,Total trips,Thousands,1995,
SAINT VINCENT AND THE GRENADINES,Overnights visitors (tourists),Thousands,1995,
SAINT VINCENT AND THE GRENADINES,Same-day visitors (excursionists),Thousands,1995,
SAMOA,Total trips,Thousands,1995,
SAMOA,Overnights visitors (tourists),Thousands,1995,
SAMOA,Same-day visitors (excursionists),Thousands,1995,
SAN MARINO,Total trips,Thousands,1995,
SAN MARINO,Overnights visitors (tourists),Thousands,1995,
SAN MARINO,Same-day visitors (excursionists),Thousands,1995,
SAO TOME AND PRINCIPE,Total trips,Thousands,1995,
SAO TOME AND PRINCIPE,Overnights visitors (tourists),Thousands,1995,
SAO TOME AND PRINCIPE,Same-day visitors (excursionists),Thousands,1995,
SAUDI ARABIA,Total trips,Thousands,1995,
SAUDI ARABIA,Overnights visitors (tourists),Thousands,1995,
SAUDI ARABIA,Same-day visitors (excursionists),Thousands,1995,
SENEGAL,Total trips,Thousands,1995,
SENEGAL,Overnights visitors (tourists),Thousands,1995,
SENEGAL,Same-day visitors (excursionists),Thousands,1995,
SERBIA,Total trips,Thousands,1995,
SERBIA,Overnights visitors (tourists),Thousands,1995,
SERBIA,Same-day visitors (excursionists),Thousands,1995,
SERBIA AND MONTENEGRO,Total trips,Thousands,1995,
SERBIA AND MONTENEGRO,Overnights visitors (tourists),Thousands,1995,
SERBIA AND MONTENEGRO,Same-day visitors (excursionists),Thousands,1995,
SEYCHELLES,Total trips,Thousands,1995,
SEYCHELLES,Overnights visitors (tourists),Thousands,1995,
SEYCHELLES,Same-day visitors (excursionists),Thousands,1995,
SIERRA LEONE,Total trips,Thousands,1995,
SIERRA LEONE,Overnights visitors (tourists),Thousands,1995,
SIERRA LEONE,Same-day visitors (excursionists),Thousands,1995,
SINGAPORE,Total trips,Thousands,1995,
SINGAPORE,Overnights visitors (tourists),Thousands,1995,
SINGAPORE,Same-day visitors (excursionists),Thousands,1995,
SINT EUSTATIUS,Total trips,Thousands,1995,
SINT EUSTATIUS,Overnights visitors (tourists),Thousands,1995,
SINT EUSTATIUS,Same-day visitors (excursionists),Thousands,1995,
SINT MAARTEN (DUTCH PART),Total trips,Thousands,1995,
SINT MAARTEN (DUTCH PART),Overnights visitors (tourists),Thousands,1995,
SINT MAARTEN (DUTCH PART),Same-day visitors (excursionists),Thousands,1995,
SLOVAKIA,Total trips,Thousands,1995,
SLOVAKIA,Overnights visitors (tourists),Thousands,1995,
SLOVAKIA,Same-day visitors (excursionists),Thousands,1995,
SLOVENIA,Total trips,Thousands,1995,
SLOVENIA,Overnights visitors (tourists),Thousands,1995,
SLOVENIA,Same-day visitors (excursionists),Thousands,1995,
SOLOMON ISLANDS,Total trips,Thousands,1995,
SOLOMON ISLANDS,Overnights visitors (tourists),Thousands,1995,
SOLOMON ISLANDS,Same-day visitors (excursionists),Thousands,1995,
SOMALIA,Total trips,Thousands,1995,
SOMALIA,Overnights visitors (tourists),Thousands,1995,
SOMALIA,Same-day visitors (excursionists),Thousands,1995,
SOUTH AFRICA,Total trips,Thousands,1995,
SOUTH AFRICA,Overnights visitors (tourists),Thousands,1995,
SOUTH AFRICA,Same-day visitors (excursionists),Thousands,1995,
SOUTH SUDAN,Total trips,Thousands,1995,
SOUTH SUDAN,Overnights visitors (tourists),Thousands,1995,
SOUTH SUDAN,Same-day visitors (excursionists),Thousands,1995,
SPAIN,Total trips,Thousands,1995,
SPAIN,Overnights visitors (tourists),Thousands,1995,
SPAIN,Same-day visitors (excursionists),Thousands,1995,
SRI LANKA,Total trips,Thousands,1995,
SRI LANKA,Overnights visitors (tourists),Thousands,1995,
SRI LANKA,Same-day visitors (excursionists),Thousands,1995,
STATE OF PALESTINE,Total trips,Thousands,1995,
STATE OF PALESTINE,Overnights visitors (tourists),Thousands,1995,
STATE OF PALESTINE,Same-day visitors (excursionists),Thousands,1995,
SUDAN,Total trips,Thousands,1995,
SUDAN,Overnights visitors (tourists),Thousands,1995,
SUDAN,Same-day visitors (excursionists),Thousands,1995,
SURINAME,Total trips,Thousands,1995,
SURINAME,Overnights visitors (tourists),Thousands,1995,
SURINAME,Same-day visitors (excursionists),Thousands,1995,
SWEDEN,Total trips,Thousands,1995,
SWEDEN,Overnights visitors (tourists),Thousands,1995,
SWEDEN,Same-day visitors (excursionists),Thousands,1995,
SWITZERLAND,Total trips,Thousands,1995,
SWITZERLAND,Overnights visitors (tourists),Thousands,1995,
SWITZERLAND,Same-day visitors (excursionists),Thousands,1995,
SYRIAN ARAB REPUBLIC,Total trips,Thousands,1995,
SYRIAN ARAB REPUBLIC,Overnights visitors (tourists),Thousands,1995,
SYRIAN ARAB REPUBLIC,Same-day visitors (excursionists),Thousands,1995,
TAIWAN PROVINCE OF CHINA,Total trips,Thousands,1995,
TAIWAN PROVINCE OF CHINA,Overnights visitors (tourists),Thousands,1995,
TAIWAN PROVINCE OF CHINA,Same-day visitors (excursionists),Thousands,1995,
TAJIKISTAN,Total trips,Thousands,1995,
TAJIKISTAN,Overnights visitors (tourists),Thousands,1995,
TAJIKISTAN,Same-day visitors (excursionists),Thousands,1995,
"TANZANIA, UNITED REPUBLIC OF",Total trips,Thousands,1995,
"TANZANIA, UNITED REPUBLIC OF",Overnights visitors (tourists),Thousands,1995,
"TANZANIA, UNITED REPUBLIC OF",Same-day visitors (excursionists),Thousands,1995,
THAILAND,Total trips,Thousands,1995,
THAILAND,Overnights visitors (tourists),Thousands,1995,
THAILAND,Same-day visitors (excursionists),Thousands,1995,
TIMOR-LESTE,Total trips,Thousands,1995,
TIMOR-LESTE,Overnights visitors (tourists),Thousands,1995,
TIMOR-LESTE,Same-day visitors (excursionists),Thousands,1995,
TOGO,Total trips,Thousands,1995,
TOGO,Overnights visitors (tourists),Thousands,1995,
TOGO,Same-day visitors (excursionists),Thousands,1995,
TONGA,Total trips,Thousands,1995,
TONGA,Overnights visitors (tourists),Thousands,1995,
TONGA,Same-day visitors (excursionists),Thousands,1995,
TRINIDAD AND TOBAGO,Total trips,Thousands,1995,
TRINIDAD AND TOBAGO,Overnights visitors (tourists),Thousands,1995,
TRINIDAD AND TOBAGO,Same-day visitors (excursionists),Thousands,1995,
TUNISIA,Total trips,Thousands,1995,
TUNISIA,Overnights visitors (tourists),Thousands,1995,
TUNISIA,Same-day visitors (excursionists),Thousands,1995,
TÜRKIYE,Total trips,Thousands,1995,
TÜRKIYE,Overnights visitors (tourists),Thousands,1995,
TÜRKIYE,Same-day visitors (excursionists),Thousands,1995,
TURKMENISTAN,Total trips,Thousands,1995,
TURKMENISTAN,Overnights visitors (tourists),Thousands,1995,
TURKMENISTAN,Same-day visitors (excursionists),Thousands,1995,
TURKS AND CAICOS ISLANDS,Total trips,Thousands,1995,
TURKS AND CAICOS ISLANDS,Overnights visitors (tourists),Thousands,1995,
TURKS AND CAICOS ISLANDS,Same-day visitors (excursionists),Thousands,1995,
TUVALU,Total trips,Thousands,1995,
TUVALU,Overnights visitors (tourists),Thousands,1995,
TUVALU,Same-day visitors (excursionists),Thousands,1995,
UGANDA,Total trips,Thousands,1995,
UGANDA,Overnights visitors (tourists),Thousands,1995,
UGANDA,Same-day visitors (excursionists),Thousands,1995,
UKRAINE,Total trips,Thousands,1995,
UKRAINE,Overnights visitors (tourists),Thousands,1995,
UKRAINE,Same-day visitors (excursionists),Thousands,1995,
UNITED ARAB EMIRATES,Total trips,Thousands,1995,
UNITED ARAB EMIRATES,Overnights visitors (tourists),Thousands,1995,
UNITED ARAB EMIRATES,Same-day visitors (excursionists),Thousands,1995,
UNITED KINGDOM,Total trips,Thousands,1995,
UNITED KINGDOM,Overnights visitors (tourists),Thousands,1995,
UNITED KINGDOM,Same-day visitors (excursionists),Thousands,1995,
UNITED STATES OF AMERICA,Total trips,Thousands,1995,
UNITED STATES OF AMERICA,Overnights visitors (tourists),Thousands,1995,
UNITED STATES OF AMERICA,Same-day visitors (excursionists),Thousands,1995,
UNITED STATES VIRGIN ISLANDS,Total trips,Thousands,1995,
UNITED STATES VIRGIN ISLANDS,Overnights visitors (tourists),Thousands,1995,
UNITED STATES VIRGIN ISLANDS,Same-day visitors (excursionists),Thousands,1995,
URUGUAY,Total trips,Thousands,1995,
URUGUAY,Overnights visitors (tourists),Thousands,1995,
URUGUAY,Same-day visitors (excursionists),Thousands,1995,
UZBEKISTAN,Total trips,Thousands,1995,
UZBEKISTAN,Overnights visitors (tourists),Thousands,1995,
UZBEKISTAN,Same-day visitors (excursionists),Thousands,1995,
VANUATU,Total trips,Thousands,1995,
VANUATU,Overnights visitors (tourists),Thousands,1995,
VANUATU,Same-day visitors (excursionists),Thousands,1995,
"VENEZUELA, BOLIVARIAN REPUBLIC OF",Total trips,Thousands,1995,
"VENEZUELA, BOLIVARIAN REPUBLIC OF",Overnights visitors (tourists),Thousands,1995,
"VENEZUELA, BOLIVARIAN REPUBLIC OF",Same-day visitors (excursionists),Thousands,1995,
VIET NAM,Total trips,Thousands,1995,
VIET NAM,Overnights visitors (tourists),Thousands,1995,
VIET NAM,Same-day visitors (excursionists),Thousands,1995,
YEMEN,Total trips,Thousands,1995,
YEMEN,Overnights visitors (tourists),Thousands,1995,
YEMEN,Same-day visitors (excursionists),Thousands,1995,
ZAMBIA,Total trips,Thousands,1995,
ZAMBIA,Overnights visitors (tourists),Thousands,1995,
ZAMBIA,Same-day visitors (excursionists),Thousands,1995,
ZIMBABWE,Total trips,Thousands,1995,
ZIMBABWE,Overnights visitors (tourists),Thousands,1995,
ZIMBABWE,Same-day visitors (excursionists),Thousands,1995,
AFGHANISTAN,Total trips,Thousands,1996,
AFGHANISTAN,Overnights visitors (tourists),Thousands,1996,
AFGHANISTAN,Same-day visitors (excursionists),Thousands,1996,
ALBANIA,Total trips,Thousands,1996,
ALBANIA,Overnights visitors (tourists),Thousands,1996,
ALBANIA,Same-day visitors (excursionists),Thousands,1996,
ALGERIA,Total trips,Thousands,1996,
ALGERIA,Overnights visitors (tourists),Thousands,1996,
ALGERIA,Same-day visitors (excursionists),Thousands,1996,
AMERICAN SAMOA,Total trips,Thousands,1996,
AMERICAN SAMOA,Overnights visitors (tourists),Thousands,1996,
AMERICAN SAMOA,Same-day visitors (excursionists),Thousands,1996,
ANDORRA,Total trips,Thousands,1996,
ANDORRA,Overnights visitors (tourists),Thousands,1996,
ANDORRA,Same-day visitors (excursionists),Thousands,1996,
ANGOLA,Total trips,Thousands,1996,
ANGOLA,Overnights visitors (tourists),Thousands,1996,
ANGOLA,Same-day visitors (excursionists),Thousands,1996,
ANGUILLA,Total trips,Thousands,1996,
ANGUILLA,Overnights visitors (tourists),Thousands,1996,
ANGUILLA,Same-day visitors (excursionists),Thousands,1996,
ANTIGUA AND BARBUDA,Total trips,Thousands,1996,
ANTIGUA AND BARBUDA,Overnights visitors (tourists),Thousands,1996,
ANTIGUA AND BARBUDA,Same-day visitors (excursionists),Thousands,1996,
ARGENTINA,Total trips,Thousands,1996,
ARGENTINA,Overnights visitors (tourists),Thousands,1996,
ARGENTINA,Same-day visitors (excursionists),Thousands,1996,
ARMENIA,Total trips,Thousands,1996,
ARMENIA,Overnights visitors (tourists),Thousands,1996,
ARMENIA,Same-day visitors (excursionists),Thousands,1996,
ARUBA,Total trips,Thousands,1996,
ARUBA,Overnights visitors (tourists),Thousands,1996,
ARUBA,Same-day visitors (excursionists),Thousands,1996,
AUSTRALIA,Total trips,Thousands,1996,
AUSTRALIA,Overnights visitors (tourists),Thousands,1996,
AUSTRALIA,Same-day visitors (excursionists),Thousands,1996,
AUSTRIA,Total trips,Thousands,1996,
AUSTRIA,Overnights visitors (tourists),Thousands,1996,
AUSTRIA,Same-day visitors (excursionists),Thousands,1996,
AZERBAIJAN,Total trips,Thousands,1996,
AZERBAIJAN,Overnights visitors (tourists),Thousands,1996,
AZERBAIJAN,Same-day visitors (excursionists),Thousands,1996,
BAHAMAS,Total trips,Thousands,1996,
BAHAMAS,Overnights visitors (tourists),Thousands,1996,
BAHAMAS,Same-day visitors (excursionists),Thousands,1996,
BAHRAIN,Total trips,Thousands,1996,
BAHRAIN,Overnights visitors (tourists),Thousands,1996,
BAHRAIN,Same-day visitors (excursionists),Thousands,1996,
BANGLADESH,Total trips,Thousands,1996,
BANGLADESH,Overnights visitors (tourists),Thousands,1996,
BANGLADESH,Same-day visitors (excursionists),Thousands,1996,
BARBADOS,Total trips,Thousands,1996,
BARBADOS,Overnights visitors (tourists),Thousands,1996,
BARBADOS,Same-day visitors (excursionists),Thousands,1996,
BELARUS,Total trips,Thousands,1996,
BELARUS,Overnights visitors (tourists),Thousands,1996,
BELARUS,Same-day visitors (excursionists),Thousands,1996,
BELGIUM,Total trips,Thousands,1996,
BELGIUM,Overnights visitors (tourists),Thousands,1996,
BELGIUM,Same-day visitors (excursionists),Thousands,1996,
BELIZE,Total trips,Thousands,1996,
BELIZE,Overnights visitors (tourists),Thousands,1996,
BELIZE,Same-day visitors (excursionists),Thousands,1996,
BENIN,Total trips,Thousands,1996,
BENIN,Overnights visitors (tourists),Thousands,1996,
BENIN,Same-day visitors (excursionists),Thousands,1996,
BERMUDA,Total trips,Thousands,1996,
BERMUDA,Overnights visitors (tourists),Thousands,1996,
BERMUDA,Same-day visitors (excursionists),Thousands,1996,
BHUTAN,Total trips,Thousands,1996,
BHUTAN,Overnights visitors (tourists),Thousands,1996,
BHUTAN,Same-day visitors (excursionists),Thousands,1996,
"BOLIVIA, PLURINATIONAL STATE OF",Total trips,Thousands,1996,
"BOLIVIA, PLURINATIONAL STATE OF",Overnights visitors (tourists),Thousands,1996,
"BOLIVIA, PLURINATIONAL STATE OF",Same-day visitors (excursionists),Thousands,1996,
BONAIRE,Total trips,Thousands,1996,
BONAIRE,Overnights visitors (tourists),Thousands,1996,
BONAIRE,Same-day visitors (excursionists),Thousands,1996,
BOSNIA AND HERZEGOVINA,Total trips,Thousands,1996,
BOSNIA AND HERZEGOVINA,Overnights visitors (tourists),Thousands,1996,
BOSNIA AND HERZEGOVINA,Same-day visitors (excursionists),Thousands,1996,
BOTSWANA,Total trips,Thousands,1996,
BOTSWANA,Overnights visitors (tourists),Thousands,1996,
BOTSWANA,Same-day visitors (excursionists),Thousands,1996,
BRAZIL,Total trips,Thousands,1996,
BRAZIL,Overnights visitors (tourists),Thousands,1996,
BRAZIL,Same-day visitors (excursionists),Thousands,1996,
BRITISH VIRGIN ISLANDS,Total trips,Thousands,1996,
BRITISH VIRGIN ISLANDS,Overnights visitors (tourists),Thousands,1996,
BRITISH VIRGIN ISLANDS,Same-day visitors (excursionists),Thousands,1996,
BRUNEI DARUSSALAM,Total trips,Thousands,1996,
BRUNEI DARUSSALAM,Overnights visitors (tourists),Thousands,1996,
BRUNEI DARUSSALAM,Same-day visitors (excursionists),Thousands,1996,
BULGARIA,Total trips,Thousands,1996,
BULGARIA,Overnights visitors (tourists),Thousands,1996,
BULGARIA,Same-day visitors (excursionists),Thousands,1996,
BURKINA FASO,Total trips,Thousands,1996,
BURKINA FASO,Overnights visitors (tourists),Thousands,1996,
BURKINA FASO,Same-day visitors (excursionists),Thousands,1996,
BURUNDI,Total trips,Thousands,1996,
BURUNDI,Overnights visitors (tourists),Thousands,1996,
BURUNDI,Same-day visitors (excursionists),Thousands,1996,
CABO VERDE,Total trips,Thousands,1996,
CABO VERDE,Overnights visitors (tourists),Thousands,1996,
CABO VERDE,Same-day visitors (excursionists),Thousands,1996,
CAMBODIA,Total trips,Thousands,1996,
CAMBODIA,Overnights visitors (tourists),Thousands,1996,
CAMBODIA,Same-day visitors (excursionists),Thousands,1996,
CAMEROON,Total trips,Thousands,1996,
CAMEROON,Overnights visitors (tourists),Thousands,1996,
CAMEROON,Same-day visitors (excursionists),Thousands,1996,
CANADA,Total trips,Thousands,1996,
CANADA,Overnights visitors (tourists),Thousands,1996,
CANADA,Same-day visitors (excursionists),Thousands,1996,
CAYMAN ISLANDS,Total trips,Thousands,1996,
CAYMAN ISLANDS,Overnights visitors (tourists),Thousands,1996,
CAYMAN ISLANDS,Same-day visitors (excursionists),Thousands,1996,
CENTRAL AFRICAN REPUBLIC,Total trips,Thousands,1996,
CENTRAL AFRICAN REPUBLIC,Overnights visitors (tourists),Thousands,1996,
CENTRAL AFRICAN REPUBLIC,Same-day visitors (excursionists),Thousands,1996,
CHAD,Total trips,Thousands,1996,
CHAD,Overnights visitors (tourists),Thousands,1996,
CHAD,Same-day visitors (excursionists),Thousands,1996,
CHILE,Total trips,Thousands,1996,
CHILE,Overnights visitors (tourists),Thousands,1996,
CHILE,Same-day visitors (excursionists),Thousands,1996,
CHINA,Total trips,Thousands,1996,
CHINA,Overnights visitors (tourists),Thousands,1996,
CHINA,Same-day visitors (excursionists),Thousands,1996,
COLOMBIA,Total trips,Thousands,1996,
COLOMBIA,Overnights visitors (tourists),Thousands,1996,
COLOMBIA,Same-day visitors (excursionists),Thousands,1996,
COMOROS,Total trips,Thousands,1996,
COMOROS,Overnights visitors (tourists),Thousands,1996,
COMOROS,Same-day visitors (excursionists),Thousands,1996,
CONGO,Total trips,Thousands,1996,
CONGO,Overnights visitors (tourists),Thousands,1996,
CONGO,Same-day visitors (excursionists),Thousands,1996,
"CONGO, DEMOCRATIC REPUBLIC OF THE",Total trips,Thousands,1996,
"CONGO, DEMOCRATIC REPUBLIC OF THE",Overnights visitors (tourists),Thousands,1996,
"CONGO, DEMOCRATIC REPUBLIC OF THE",Same-day visitors (excursionists),Thousands,1996,
COOK ISLANDS,Total trips,Thousands,1996,
COOK ISLANDS,Overnights visitors (tourists),Thousands,1996,
COOK ISLANDS,Same-day visitors (excursionists),Thousands,1996,
COSTA RICA,Total trips,Thousands,1996,
COSTA RICA,Overnights visitors (tourists),Thousands,1996,
COSTA RICA,Same-day visitors (excursionists),Thousands,1996,
COTE D´IVOIRE,Total trips,Thousands,1996,
COTE D´IVOIRE,Overnights visitors (tourists),Thousands,1996,
COTE D´IVOIRE,Same-day visitors (excursionists),Thousands,1996,
CROATIA,Total trips,Thousands,1996,
CROATIA,Overnights visitors (tourists),Thousands,1996,
CROATIA,Same-day visitors (excursionists),Thousands,1996,
CUBA,Total trips,Thousands,1996,
CUBA,Overnights visitors (tourists),Thousands,1996,
CUBA,Same-day visitors (excursionists),Thousands,1996,
CURAÇAO,Total trips,Thousands,1996,
CURAÇAO,Overnights visitors (tourists),Thousands,1996,
CURAÇAO,Same-day visitors (excursionists),Thousands,1996,
CYPRUS,Total trips,Thousands,1996,
CYPRUS,Overnights visitors (tourists),Thousands,1996,
CYPRUS,Same-day visitors (excursionists),Thousands,1996,
CZECH REPUBLIC (CZECHIA),Total trips,Thousands,1996,
CZECH REPUBLIC (CZECHIA),Overnights visitors (tourists),Thousands,1996,
CZECH REPUBLIC (CZECHIA),Same-day visitors (excursionists),Thousands,1996,
DENMARK,Total trips,Thousands,1996,
DENMARK,Overnights visitors (tourists),Thousands,1996,
DENMARK,Same-day visitors (excursionists),Thousands,1996,
DJIBOUTI,Total trips,Thousands,1996,
DJIBOUTI,Overnights visitors (tourists),Thousands,1996,
DJIBOUTI,Same-day visitors (excursionists),Thousands,1996,
DOMINICA,Total trips,Thousands,1996,
DOMINICA,Overnights visitors (tourists),Thousands,1996,
DOMINICA,Same-day visitors (excursionists),Thousands,1996,
DOMINICAN REPUBLIC,Total trips,Thousands,1996,
DOMINICAN REPUBLIC,Overnights visitors (tourists),Thousands,1996,
DOMINICAN REPUBLIC,Same-day visitors (excursionists),Thousands,1996,
ECUADOR,Total trips,Thousands,1996,
ECUADOR,Overnights visitors (tourists),Thousands,1996,
ECUADOR,Same-day visitors (excursionists),Thousands,1996,
EGYPT,Total trips,Thousands,1996,
EGYPT,Overnights visitors (tourists),Thousands,1996,
EGYPT,Same-day visitors (excursionists),Thousands,1996,
EL SALVADOR,Total trips,Thousands,1996,
EL SALVADOR,Overnights visitors (tourists),Thousands,1996,
EL SALVADOR,Same-day visitors (excursionists),Thousands,1996,
EQUATORIAL GUINEA,Total trips,Thousands,1996,
EQUATORIAL GUINEA,Overnights visitors (tourists),Thousands,1996,
EQUATORIAL GUINEA,Same-day visitors (excursionists),Thousands,1996,
ERITREA,Total trips,Thousands,1996,
ERITREA,Overnights visitors (tourists),Thousands,1996,
ERITREA,Same-day visitors (excursionists),Thousands,1996,
ESTONIA,Total trips,Thousands,1996,
ESTONIA,Overnights visitors (tourists),Thousands,1996,
ESTONIA,Same-day visitors (excursionists),Thousands,1996,
ESWATINI,Total trips,Thousands,1996,
ESWATINI,Overnights visitors (tourists),Thousands,1996,
ESWATINI,Same-day visitors (excursionists),Thousands,1996,
ETHIOPIA,Total trips,Thousands,1996,
ETHIOPIA,Overnights visitors (tourists),Thousands,1996,
ETHIOPIA,Same-day visitors (excursionists),Thousands,1996,
FIJI,Total trips,Thousands,1996,
FIJI,Overnights visitors (tourists),Thousands,1996,
FIJI,Same-day visitors (excursionists),Thousands,1996,
FINLAND,Total trips,Thousands,1996,
FINLAND,Overnights visitors (tourists),Thousands,1996,
FINLAND,Same-day visitors (excursionists),Thousands,1996,
FRANCE,Total trips,Thousands,1996,
FRANCE,Overnights visitors (tourists),Thousands,1996,
FRANCE,Same-day visitors (excursionists),Thousands,1996,
FRENCH GUIANA,Total trips,Thousands,1996,
FRENCH GUIANA,Overnights visitors (tourists),Thousands,1996,
FRENCH GUIANA,Same-day visitors (excursionists),Thousands,1996,
FRENCH POLYNESIA,Total trips,Thousands,1996,
FRENCH POLYNESIA,Overnights visitors (tourists),Thousands,1996,
FRENCH POLYNESIA,Same-day visitors (excursionists),Thousands,1996,
GABON,Total trips,Thousands,1996,
GABON,Overnights visitors (tourists),Thousands,1996,
GABON,Same-day visitors (excursionists),Thousands,1996,
GAMBIA,Total trips,Thousands,1996,
GAMBIA,Overnights visitors (tourists),Thousands,1996,
GAMBIA,Same-day visitors (excursionists),Thousands,1996,
GEORGIA,Total trips,Thousands,1996,
GEORGIA,Overnights visitors (tourists),Thousands,1996,
GEORGIA,Same-day visitors (excursionists),Thousands,1996,
GERMANY,Total trips,Thousands,1996,
GERMANY,Overnights visitors (tourists),Thousands,1996,
GERMANY,Same-day visitors (excursionists),Thousands,1996,
GHANA,Total trips,Thousands,1996,
GHANA,Overnights visitors (tourists),Thousands,1996,
GHANA,Same-day visitors (excursionists),Thousands,1996,
GREECE,Total trips,Thousands,1996,
GREECE,Overnights visitors (tourists),Thousands,1996,
GREECE,Same-day visitors (excursionists),Thousands,1996,
GRENADA,Total trips,Thousands,1996,
GRENADA,Overnights visitors (tourists),Thousands,1996,
GRENADA,Same-day visitors (excursionists),Thousands,1996,
GUADELOUPE,Total trips,Thousands,1996,
GUADELOUPE,Overnights visitors (tourists),Thousands,1996,
GUADELOUPE,Same-day visitors (excursionists),Thousands,1996,
GUAM,Total trips,Thousands,1996,
GUAM,Overnights visitors (tourists),Thousands,1996,
GUAM,Same-day visitors (excursionists),Thousands,1996,
GUATEMALA,Total trips,Thousands,1996,
GUATEMALA,Overnights visitors (tourists),Thousands,1996,
GUATEMALA,Same-day visitors (excursionists),Thousands,1996,
GUINEA,Total trips,Thousands,1996,
GUINEA,Overnights visitors (tourists),Thousands,1996,
GUINEA,Same-day visitors (excursionists),Thousands,1996,
GUINEA-BISSAU,Total trips,Thousands,1996,
GUINEA-BISSAU,Overnights visitors (tourists),Thousands,1996,
GUINEA-BISSAU,Same-day visitors (excursionists),Thousands,1996,
GUYANA,Total trips,Thousands,1996,
GUYANA,Overnights visitors (tourists),Thousands,1996,
GUYANA,Same-day visitors (excursionists),Thousands,1996,
HAITI,Total trips,Thousands,1996,
HAITI,Overnights visitors (tourists),Thousands,1996,
HAITI,Same-day visitors (excursionists),Thousands,1996,
HONDURAS,Total trips,Thousands,1996,
HONDURAS,Overnights visitors (tourists),Thousands,1996,
HONDURAS,Same-day visitors (excursionists),Thousands,1996,
"HONG KONG, CHINA",Total trips,Thousands,1996,
"HONG KONG, CHINA",Overnights visitors (tourists),Thousands,1996,
"HONG KONG, CHINA",Same-day visitors (excursionists),Thousands,1996,
HUNGARY,Total trips,Thousands,1996,
HUNGARY,Overnights visitors (tourists),Thousands,1996,
HUNGARY,Same-day visitors (excursionists),Thousands,1996,
ICELAND,Total trips,Thousands,1996,
ICELAND,Overnights visitors (tourists),Thousands,1996,
ICELAND,Same-day visitors (excursionists),Thousands,1996,
INDIA,Total trips,Thousands,1996,
INDIA,Overnights visitors (tourists),Thousands,1996,
INDIA,Same-day visitors (excursionists),Thousands,1996,
INDONESIA,Total trips,Thousands,1996,
INDONESIA,Overnights visitors (tourists),Thousands,1996,
INDONESIA,Same-day visitors (excursionists),Thousands,1996,
"IRAN, ISLAMIC REPUBLIC OF",Total trips,Thousands,1996,
"IRAN, ISLAMIC REPUBLIC OF",Overnights visitors (tourists),Thousands,1996,
"IRAN, ISLAMIC REPUBLIC OF",Same-day visitors (excursionists),Thousands,1996,
IRAQ,Total trips,Thousands,1996,
IRAQ,Overnights visitors (tourists),Thousands,1996,
IRAQ,Same-day visitors (excursionists),Thousands,1996,
IRELAND,Total trips,Thousands,1996,
IRELAND,Overnights visitors (tourists),Thousands,1996,
IRELAND,Same-day visitors (excursionists),Thousands,1996,
ISRAEL,Total trips,Thousands,1996,
ISRAEL,Overnights visitors (tourists),Thousands,1996,
ISRAEL,Same-day visitors (excursionists),Thousands,1996,
ITALY,Total trips,Thousands,1996,
ITALY,Overnights visitors (tourists),Thousands,1996,
ITALY,Same-day visitors (excursionists),Thousands,1996,
JAMAICA,Total trips,Thousands,1996,
JAMAICA,Overnights visitors (tourists),Thousands,1996,
JAMAICA,Same-day visitors (excursionists),Thousands,1996,
JAPAN,Total trips,Thousands,1996,
JAPAN,Overnights visitors (tourists),Thousands,1996,
JAPAN,Same-day visitors (excursionists),Thousands,1996,
JORDAN,Total trips,Thousands,1996,
JORDAN,Overnights visitors (tourists),Thousands,1996,
JORDAN,Same-day visitors (excursionists),Thousands,1996,
KAZAKHSTAN,Total trips,Thousands,1996,
KAZAKHSTAN,Overnights visitors (tourists),Thousands,1996,
KAZAKHSTAN,Same-day visitors (excursionists),Thousands,1996,
KENYA,Total trips,Thousands,1996,
KENYA,Overnights visitors (tourists),Thousands,1996,
KENYA,Same-day visitors (excursionists),Thousands,1996,
KIRIBATI,Total trips,Thousands,1996,
KIRIBATI,Overnights visitors (tourists),Thousands,1996,
KIRIBATI,Same-day visitors (excursionists),Thousands,1996,
"KOREA, DEMOCRATIC PEOPLE´S REPUBLIC OF",Total trips,Thousands,1996,
"KOREA, DEMOCRATIC PEOPLE´S REPUBLIC OF",Overnights visitors (tourists),Thousands,1996,
"KOREA, DEMOCRATIC PEOPLE´S REPUBLIC OF",Same-day visitors (excursionists),Thousands,1996,
"KOREA, REPUBLIC OF",Total trips,Thousands,1996,
"KOREA, REPUBLIC OF",Overnights visitors (tourists),Thousands,1996,
"KOREA, REPUBLIC OF",Same-day visitors (excursionists),Thousands,1996,
KUWAIT,Total trips,Thousands,1996,
KUWAIT,Overnights visitors (tourists),Thousands,1996,
KUWAIT,Same-day visitors (excursionists),Thousands,1996,
KYRGYZSTAN,Total trips,Thousands,1996,
KYRGYZSTAN,Overnights visitors (tourists),Thousands,1996,
KYRGYZSTAN,Same-day visitors (excursionists),Thousands,1996,
LAO PEOPLE´S DEMOCRATIC REPUBLIC,Total trips,Thousands,1996,
LAO PEOPLE´S DEMOCRATIC REPUBLIC,Overnights visitors (tourists),Thousands,1996,
LAO PEOPLE´S DEMOCRATIC REPUBLIC,Same-day visitors (excursionists),Thousands,1996,
LATVIA,Total trips,Thousands,1996,
LATVIA,Overnights visitors (tourists),Thousands,1996,
LATVIA,Same-day visitors (excursionists),Thousands,1996,
LEBANON,Total trips,Thousands,1996,
LEBANON,Overnights visitors (tourists),Thousands,1996,
LEBANON,Same-day visitors (excursionists),Thousands,1996,
LESOTHO,Total trips,Thousands,1996,
LESOTHO,Overnights visitors (tourists),Thousands,1996,
LESOTHO,Same-day visitors (excursionists),Thousands,1996,
LIBERIA,Total trips,Thousands,1996,
LIBERIA,Overnights visitors (tourists),Thousands,1996,
LIBERIA,Same-day visitors (excursionists),Thousands,1996,
LIBYA,Total trips,Thousands,1996,
LIBYA,Overnights visitors (tourists),Thousands,1996,
LIBYA,Same-day visitors (excursionists),Thousands,1996,
LIECHTENSTEIN,Total trips,Thousands,1996,
LIECHTENSTEIN,Overnights visitors (tourists),Thousands,1996,
LIECHTENSTEIN,Same-day visitors (excursionists),Thousands,1996,
LITHUANIA,Total trips,Thousands,1996,
LITHUANIA,Overnights visitors (tourists),Thousands,1996,
LITHUANIA,Same-day visitors (excursionists),Thousands,1996,
LUXEMBOURG,Total trips,Thousands,1996,
LUXEMBOURG,Overnights visitors (tourists),Thousands,1996,
LUXEMBOURG,Same-day visitors (excursionists),Thousands,1996,
"MACAO, CHINA",Total trips,Thousands,1996,
"MACAO, CHINA",Overnights visitors (tourists),Thousands,1996,
"MACAO, CHINA",Same-day visitors (excursionists),Thousands,1996,
MADAGASCAR,Total trips,Thousands,1996,
MADAGASCAR,Overnights visitors (tourists),Thousands,1996,
MADAGASCAR,Same-day visitors (excursionists),Thousands,1996,
MALAWI,Total trips,Thousands,1996,
MALAWI,Overnights visitors (tourists),Thousands,1996,
MALAWI,Same-day visitors (excursionists),Thousands,1996,
MALAYSIA,Total trips,Thousands,1996,
MALAYSIA,Overnights visitors (tourists),Thousands,1996,
MALAYSIA,Same-day visitors (excursionists),Thousands,1996,
MALDIVES,Total trips,Thousands,1996,
MALDIVES,Overnights visitors (tourists),Thousands,1996,
MALDIVES,Same-day visitors (excursionists),Thousands,1996,
MALI,Total trips,Thousands,1996,
MALI,Overnights visitors (tourists),Thousands,1996,
MALI,Same-day visitors (excursionists),Thousands,1996,
MALTA,Total trips,Thousands,1996,
MALTA,Overnights visitors (tourists),Thousands,1996,
MALTA,Same-day visitors (excursionists),Thousands,1996,
MARSHALL ISLANDS,Total trips,Thousands,1996,
MARSHALL ISLANDS,Overnights visitors (tourists),Thousands,1996,
MARSHALL ISLANDS,Same-day visitors (excursionists),Thousands,1996,
MARTINIQUE,Total trips,Thousands,1996,
MARTINIQUE,Overnights visitors (tourists),Thousands,1996,
MARTINIQUE,Same-day visitors (excursionists),Thousands,1996,
MAURITANIA,Total trips,Thousands,1996,
MAURITANIA,Overnights visitors (tourists),Thousands,1996,
MAURITANIA,Same-day visitors (excursionists),Thousands,1996,
MAURITIUS,Total trips,Thousands,1996,
MAURITIUS,Overnights visitors (tourists),Thousands,1996,
MAURITIUS,Same-day visitors (excursionists),Thousands,1996,
MEXICO,Total trips,Thousands,1996,
MEXICO,Overnights visitors (tourists),Thousands,1996,
MEXICO,Same-day visitors (excursionists),Thousands,1996,
"MICRONESIA, FEDERATED STATES OF",Total trips,Thousands,1996,
"MICRONESIA, FEDERATED STATES OF",Overnights visitors (tourists),Thousands,1996,
"MICRONESIA, FEDERATED STATES OF",Same-day visitors (excursionists),Thousands,1996,
"MOLDOVA, REPUBLIC OF",Total trips,Thousands,1996,
"MOLDOVA, REPUBLIC OF",Overnights visitors (tourists),Thousands,1996,
"MOLDOVA, REPUBLIC OF",Same-day visitors (excursionists),Thousands,1996,
MONACO,Total trips,Thousands,1996,
MONACO,Overnights visitors (tourists),Thousands,1996,
MONACO,Same-day visitors (excursionists),Thousands,1996,
MONGOLIA,Total trips,Thousands,1996,
MONGOLIA,Overnights visitors (tourists),Thousands,1996,
MONGOLIA,Same-day visitors (excursionists),Thousands,1996,
MONTENEGRO,Total trips,Thousands,1996,
MONTENEGRO,Overnights visitors (tourists),Thousands,1996,
MONTENEGRO,Same-day visitors (excursionists),Thousands,1996,
MONTSERRAT,Total trips,Thousands,1996,
MONTSERRAT,Overnights visitors (tourists),Thousands,1996,
MONTSERRAT,Same-day visitors (excursionists),Thousands,1996,
MOROCCO,Total trips,Thousands,1996,
MOROCCO,Overnights visitors (tourists),Thousands,1996,
MOROCCO,Same-day visitors (excursionists),Thousands,1996,
MOZAMBIQUE,Total trips,Thousands,1996,
MOZAMBIQUE,Overnights visitors (tourists),Thousands,1996,
MOZAMBIQUE,Same-day visitors (excursionists),Thousands,1996,
MYANMAR,Total trips,Thousands,1996,
MYANMAR,Overnights visitors (tourists),Thousands,1996,
MYANMAR,Same-day visitors (excursionists),Thousands,1996,
NAMIBIA,Total trips,Thousands,1996,
NAMIBIA,Overnights visitors (tourists),Thousands,1996,
NAMIBIA,Same-day visitors (excursionists),Thousands,1996,
NAURU,Total trips,Thousands,1996,
NAURU,Overnights visitors (tourists),Thousands,1996,
NAURU,Same-day visitors (excursionists),Thousands,1996,
NEPAL,Total trips,Thousands,1996,
NEPAL,Overnights visitors (tourists),Thousands,1996,
NEPAL,Same-day visitors (excursionists),Thousands,1996,
NETHERLANDS,Total trips,Thousands,1996,
NETHERLANDS,Overnights visitors (tourists),Thousands,1996,
NETHERLANDS,Same-day visitors (excursionists),Thousands,1996,
NEW CALEDONIA,Total trips,Thousands,1996,
NEW CALEDONIA,Overnights visitors (tourists),Thousands,1996,
NEW CALEDONIA,Same-day visitors (excursionists),Thousands,1996,
NEW ZEALAND,Total trips,Thousands,1996,
NEW ZEALAND,Overnights visitors (tourists),Thousands,1996,
NEW ZEALAND,Same-day visitors (excursionists),Thousands,1996,
NICARAGUA,Total trips,Thousands,1996,
NICARAGUA,Overnights visitors (tourists),Thousands,1996,
NICARAGUA,Same-day visitors (excursionists),Thousands,1996,
NIGER,Total trips,Thousands,1996,
NIGER,Overnights visitors (tourists),Thousands,1996,
NIGER,Same-day visitors (excursionists),Thousands,1996,
NIGERIA,Total trips,Thousands,1996,
NIGERIA,Overnights visitors (tourists),Thousands,1996,
NIGERIA,Same-day visitors (excursionists),Thousands,1996,
NIUE,Total trips,Thousands,1996,
NIUE,Overnights visitors (tourists),Thousands,1996,
NIUE,Same-day visitors (excursionists),Thousands,1996,
NORTH MACEDONIA,Total trips,Thousands,1996,
NORTH MACEDONIA,Overnights visitors (tourists),Thousands,1996,
NORTH MACEDONIA,Same-day visitors (excursionists),Thousands,1996,
NORTHERN MARIANA ISLANDS,Total trips,Thousands,1996,
NORTHERN MARIANA ISLANDS,Overnights visitors (tourists),Thousands,1996,
NORTHERN MARIANA ISLANDS,Same-day visitors (excursionists),Thousands,1996,
NORWAY,Total trips,Thousands,1996,
NORWAY,Overnights visitors (tourists),Thousands,1996,
NORWAY,Same-day visitors (excursionists),Thousands,1996,
OMAN,Total trips,Thousands,1996,
OMAN,Overnights visitors (tourists),Thousands,1996,
OMAN,Same-day visitors (excursionists),Thousands,1996,
PAKISTAN,Total trips,Thousands,1996,
PAKISTAN,Overnights visitors (tourists),Thousands,1996,
PAKISTAN,Same-day visitors (excursionists),Thousands,1996,
PALAU,Total trips,Thousands,1996,
PALAU,Overnights visitors (tourists),Thousands,1996,
PALAU,Same-day visitors (excursionists),Thousands,1996,
PANAMA,Total trips,Thousands,1996,
PANAMA,Overnights visitors (tourists),Thousands,1996,
PANAMA,Same-day visitors (excursionists),Thousands,1996,
PAPUA NEW GUINEA,Total trips,Thousands,1996,
PAPUA NEW GUINEA,Overnights visitors (tourists),Thousands,1996,
PAPUA NEW GUINEA,Same-day visitors (excursionists),Thousands,1996,
PARAGUAY,Total trips,Thousands,1996,
PARAGUAY,Overnights visitors (tourists),Thousands,1996,
PARAGUAY,Same-day visitors (excursionists),Thousands,1996,
PERU,Total trips,Thousands,1996,
PERU,Overnights visitors (tourists),Thousands,1996,
PERU,Same-day visitors (excursionists),Thousands,1996,
PHILIPPINES,Total trips,Thousands,1996,
PHILIPPINES,Overnights visitors (tourists),Thousands,1996,
PHILIPPINES,Same-day visitors (excursionists),Thousands,1996,
POLAND,Total trips,Thousands,1996,
POLAND,Overnights visitors (tourists),Thousands,1996,
POLAND,Same-day visitors (excursionists),Thousands,1996,
PORTUGAL,Total trips,Thousands,1996,
PORTUGAL,Overnights visitors (tourists),Thousands,1996,
PORTUGAL,Same-day visitors (excursionists),Thousands,1996,
PUERTO RICO,Total trips,Thousands,1996,
PUERTO RICO,Overnights visitors (tourists),Thousands,1996,
PUERTO RICO,Same-day visitors (excursionists),Thousands,1996,
QATAR,Total trips,Thousands,1996,
QATAR,Overnights visitors (tourists),Thousands,1996,
QATAR,Same-day visitors (excursionists),Thousands,1996,
REUNION,Total trips,Thousands,1996,
REUNION,Overnights visitors (tourists),Thousands,1996,
REUNION,Same-day visitors (excursionists),Thousands,1996,
ROMANIA,Total trips,Thousands,1996,
ROMANIA,Overnights visitors (tourists),Thousands,1996,
ROMANIA,Same-day visitors (excursionists),Thousands,1996,
RUSSIAN FEDERATION,Total trips,Thousands,1996,
RUSSIAN FEDERATION,Overnights visitors (tourists),Thousands,1996,
RUSSIAN FEDERATION,Same-day visitors (excursionists),Thousands,1996,
RWANDA,Total trips,Thousands,1996,
RWANDA,Overnights visitors (tourists),Thousands,1996,
RWANDA,Same-day visitors (excursionists),Thousands,1996,
SABA,Total trips,Thousands,1996,
SABA,Overnights visitors (tourists),Thousands,1996,
SABA,Same-day visitors (excursionists),Thousands,1996,
SAINT KITTS AND NEVIS,Total trips,Thousands,1996,
SAINT KITTS AND NEVIS,Overnights visitors (tourists),Thousands,1996,
SAINT KITTS AND NEVIS,Same-day visitors (excursionists),Thousands,1996,
SAINT LUCIA,Total trips,Thousands,1996,
SAINT LUCIA,Overnights visitors (tourists),Thousands,1996,
SAINT LUCIA,Same-day visitors (excursionists),Thousands,1996,
SAINT VINCENT AND THE GRENADINES,Total trips,Thousands,1996,
SAINT VINCENT AND THE GRENADINES,Overnights visitors (tourists),Thousands,1996,
SAINT VINCENT AND THE GRENADINES,Same-day visitors (excursionists),Thousands,1996,
SAMOA,Total trips,Thousands,1996,
SAMOA,Overnights visitors (tourists),Thousands,1996,
SAMOA,Same-day visitors (excursionists),Thousands,1996,
SAN MARINO,Total trips,Thousands,1996,
SAN MARINO,Overnights visitors (tourists),Thousands,1996,
SAN MARINO,Same-day visitors (excursionists),Thousands,1996,
SAO TOME AND PRINCIPE,Total trips,Thousands,1996,
SAO TOME AND PRINCIPE,Overnights visitors (tourists),Thousands,1996,
SAO TOME AND PRINCIPE,Same-day visitors (excursionists),Thousands,1996,
SAUDI ARABIA,Total trips,Thousands,1996,
SAUDI ARABIA,Overnights visitors (tourists),Thousands,1996,
SAUDI ARABIA,Same-day visitors (excursionists),Thousands,1996,
SENEGAL,Total trips,Thousands,1996,
SENEGAL,Overnights visitors (tourists),Thousands,1996,
SENEGAL,Same-day visitors (excursionists),Thousands,1996,
SERBIA,Total trips,Thousands,1996,
SERBIA,Overnights visitors (tourists),Thousands,1996,
SERBIA,Same-day visitors (excursionists),Thousands,1996,
SERBIA AND MONTENEGRO,Total trips,Thousands,1996,
SERBIA AND MONTENEGRO,Overnights visitors (tourists),Thousands,1996,
SERBIA AND MONTENEGRO,Same-day visitors (excursionists),Thousands,1996,
SEYCHELLES,Total trips,Thousands,1996,
SEYCHELLES,Overnights visitors (tourists),Thousands,1996,
SEYCHELLES,Same-day visitors (excursionists),Thousands,1996,
SIERRA LEONE,Total trips,Thousands,1996,
SIERRA LEONE,Overnights visitors (tourists),Thousands,1996,
SIERRA LEONE,Same-day visitors (excursionists),Thousands,1996,
SINGAPORE,Total trips,Thousands,1996,
SINGAPORE,Overnights visitors (tourists),Thousands,1996,
SINGAPORE,Same-day visitors (excursionists),Thousands,1996,
SINT EUSTATIUS,Total trips,Thousands,1996,
SINT EUSTATIUS,Overnights visitors (tourists),Thousands,1996,
SINT EUSTATIUS,Same-day visitors (excursionists),Thousands,1996,
SINT MAARTEN (DUTCH PART),Total trips,Thousands,1996,
SINT MAARTEN (DUTCH PART),Overnights visitors (tourists),Thousands,1996,
SINT MAARTEN (DUTCH PART),Same-day visitors (excursionists),Thousands,1996,
SLOVAKIA,Total trips,Thousands,1996,
SLOVAKIA,Overnights visitors (tourists),Thousands,1996,
SLOVAKIA,Same-day visitors (excursionists),Thousands,1996,
SLOVENIA,Total trips,Thousands,1996,
SLOVENIA,Overnights visitors (tourists),Thousands,1996,
SLOVENIA,Same-day visitors (excursionists),Thousands,1996,
SOLOMON ISLANDS,Total trips,Thousands,1996,
SOLOMON ISLANDS,Overnights visitors (tourists),Thousands,1996,
SOLOMON ISLANDS,Same-day visitors (excursionists),Thousands,1996,
SOMALIA,Total trips,Thousands,1996,
SOMALIA,Overnights visitors (tourists),Thousands,1996,
SOMALIA,Same-day visitors (excursionists),Thousands,1996,
SOUTH AFRICA,Total trips,Thousands,1996,
SOUTH AFRICA,Overnights visitors (tourists),Thousands,1996,
SOUTH AFRICA,Same-day visitors (excursionists),Thousands,1996,
SOUTH SUDAN,Total trips,Thousands,1996,
SOUTH SUDAN,Overnights visitors (tourists),Thousands,1996,
SOUTH SUDAN,Same-day visitors (excursionists),Thousands,1996,
SPAIN,Total trips,Thousands,1996,
SPAIN,Overnights visitors (tourists),Thousands,1996,
SPAIN,Same-day visitors (excursionists),Thousands,1996,
SRI LANKA,Total trips,Thousands,1996,
SRI LANKA,Overnights visitors (tourists),Thousands,1996,
SRI LANKA,Same-day visitors (excursionists),Thousands,1996,
STATE OF PALESTINE,Total trips,Thousands,1996,
STATE OF PALESTINE,Overnights visitors (tourists),Thousands,1996,
STATE OF PALESTINE,Same-day visitors (excursionists),Thousands,1996,
SUDAN,Total trips,Thousands,1996,
SUDAN,Overnights visitors (tourists),Thousands,1996,
SUDAN,Same-day visitors (excursionists),Thousands,1996,
SURINAME,Total trips,Thousands,1996,
SURINAME,Overnights visitors (tourists),Thousands,1996,
SURINAME,Same-day visitors (excursionists),Thousands,1996,
SWEDEN,Total trips,Thousands,1996,
SWEDEN,Overnights visitors (tourists),Thousands,1996,
SWEDEN,Same-day visitors (excursionists),Thousands,1996,
SWITZERLAND,Total trips,Thousands,1996,
SWITZERLAND,Overnights visitors (tourists),Thousands,1996,
SWITZERLAND,Same-day visitors (excursionists),Thousands,1996,
SYRIAN ARAB REPUBLIC,Total trips,Thousands,1996,
SYRIAN ARAB REPUBLIC,Overnights visitors (tourists),Thousands,1996,
SYRIAN ARAB REPUBLIC,Same-day visitors (excursionists),Thousands,1996,
TAIWAN PROVINCE OF CHINA,Total trips,Thousands,1996,
TAIWAN PROVINCE OF CHINA,Overnights visitors (tourists),Thousands,1996,
TAIWAN PROVINCE OF CHINA,Same-day visitors (excursionists),Thousands,1996,
TAJIKISTAN,Total trips,Thousands,1996,
TAJIKISTAN,Overnights visitors (tourists),Thousands,1996,
TAJIKISTAN,Same-day visitors (excursionists),Thousands,1996,
"TANZANIA, UNITED REPUBLIC OF",Total trips,Thousands,1996,
"TANZANIA, UNITED REPUBLIC OF",Overnights visitors (tourists),Thousands,1996,
"TANZANIA, UNITED REPUBLIC OF",Same-day visitors (excursionists),Thousands,1996,
THAILAND,Total trips,Thousands,1996,
THAILAND,Overnights visitors (tourists),Thousands,1996,
THAILAND,Same-day visitors (excursionists),Thousands,1996,
TIMOR-LESTE,Total trips,Thousands,1996,
TIMOR-LESTE,Overnights visitors (tourists),Thousands,1996,
TIMOR-LESTE,Same-day visitors (excursionists),Thousands,1996,
TOGO,Total trips,Thousands,1996,
TOGO,Overnights visitors (tourists),Thousands,1996,
TOGO,Same-day visitors (excursionists),Thousands,1996,
TONGA,Total trips,Thousands,1996,
TONGA,Overnights visitors (tourists),Thousands,1996,
TONGA,Same-day visitors (excursionists),Thousands,1996,
TRINIDAD AND TOBAGO,Total trips,Thousands,1996,
TRINIDAD AND TOBAGO,Overnights visitors (tourists),Thousands,1996,
TRINIDAD AND TOBAGO,Same-day visitors (excursionists),Thousands,1996,
TUNISIA,Total trips,Thousands,1996,
TUNISIA,Overnights visitors (tourists),Thousands,1996,
TUNISIA,Same-day visitors (excursionists),Thousands,1996,
TÜRKIYE,Total trips,Thousands,1996,
TÜRKIYE,Overnights visitors (tourists),Thousands,1996,
TÜRKIYE,Same-day visitors (excursionists),Thousands,1996,
TURKMENISTAN,Total trips,Thousands,1996,
TURKMENISTAN,Overnights visitors (tourists),Thousands,1996,
TURKMENISTAN,Same-day visitors (excursionists),Thousands,1996,
TURKS AND CAICOS ISLANDS,Total trips,Thousands,1996,
TURKS AND CAICOS ISLANDS,Overnights visitors (tourists),Thousands,1996,
TURKS AND CAICOS ISLANDS,Same-day visitors (excursionists),Thousands,1996,
TUVALU,Total trips,Thousands,1996,
TUVALU,Overnights visitors (tourists),Thousands,1996,
TUVALU,Same-day visitors (excursionists),Thousands,1996,
UGANDA,Total trips,Thousands,1996,
UGANDA,Overnights visitors (tourists),Thousands,1996,
UGANDA,Same-day visitors (excursionists),Thousands,1996,
UKRAINE,Total trips,Thousands,1996,
UKRAINE,Overnights visitors (tourists),Thousands,1996,
UKRAINE,Same-day visitors (excursionists),Thousands,1996,
UNITED ARAB EMIRATES,Total trips,Thousands,1996,
UNITED ARAB EMIRATES,Overnights visitors (tourists),Thousands,1996,
UNITED ARAB EMIRATES,Same-day visitors (excursionists),Thousands,1996,
UNITED KINGDOM,Total trips,Thousands,1996,
UNITED KINGDOM,Overnights visitors (tourists),Thousands,1996,
UNITED KINGDOM,Same-day visitors (excursionists),Thousands,1996,
UNITED STATES OF AMERICA,Total trips,Thousands,1996,
UNITED STATES OF AMERICA,Overnights visitors (tourists),Thousands,1996,
UNITED STATES OF AMERICA,Same-day visitors (excursionists),Thousands,1996,
UNITED STATES VIRGIN ISLANDS,Total trips,Thousands,1996,
UNITED STATES VIRGIN ISLANDS,Overnights visitors (tourists),Thousands,1996,
UNITED STATES VIRGIN ISLANDS,Same-day visitors (excursionists),Thousands,1996,
URUGUAY,Total trips,Thousands,1996,
URUGUAY,Overnights visitors (tourists),Thousands,1996,
URUGUAY,Same-day visitors (excursionists),Thousands,1996,
UZBEKISTAN,Total trips,Thousands,1996,
UZBEKISTAN,Overnights visitors (tourists),Thousands,1996,
UZBEKISTAN,Same-day visitors (excursionists),Thousands,1996,
VANUATU,Total trips,Thousands,1996,
VANUATU,Overnights visitors (tourists),Thousands,1996,
VANUATU,Same-day visitors (excursionists),Thousands,1996,
"VENEZUELA, BOLIVARIAN REPUBLIC OF",Total trips,Thousands,1996,
"VENEZUELA, BOLIVARIAN REPUBLIC OF",Overnights visitors (tourists),Thousands,1996,
"VENEZUELA, BOLIVARIAN REPUBLIC OF",Same-day visitors (excursionists),Thousands,1996,
VIET NAM,Total trips,Thousands,1996,
VIET NAM,Overnights visitors (tourists),Thousands,1996,
VIET NAM,Same-day visitors (excursionists),Thousands,1996,
YEMEN,Total trips,Thousands,1996,
YEMEN,Overnights visitors (tourists),Thousands,1996,
YEMEN,Same-day visitors (excursionists),Thousands,1996,
ZAMBIA,Total trips,Thousands,1996,
ZAMBIA,Overnights visitors (tourists),Thousands,1996,
ZAMBIA,Same-day visitors (excursionists),Thousands,1996,
ZIMBABWE,Total trips,Thousands,1996,
ZIMBABWE,Overnights visitors (tourists),Thousands,1996,
ZIMBABWE,Same-day visitors (excursionists),Thousands,1996,
AFGHANISTAN,Total trips,Thousands,1997,
AFGHANISTAN,Overnights visitors (tourists),Thousands,1997,
AFGHANISTAN,Same-day visitors (excursionists),Thousands,1997,
ALBANIA,Total trips,Thousands,1997,
ALBANIA,Overnights visitors (tourists),Thousands,1997,
ALBANIA,Same-day visitors (excursionists),Thousands,1997,
ALGERIA,Total trips,Thousands,1997,
ALGERIA,Overnights visitors (tourists),Thousands,1997,
ALGERIA,Same-day visitors (excursionists),Thousands,1997,
AMERICAN SAMOA,Total trips,Thousands,1997,
AMERICAN SAMOA,Overnights visitors (tourists),Thousands,1997,
AMERICAN SAMOA,Same-day visitors (excursionists),Thousands,1997,
ANDORRA,Total trips,Thousands,1997,
ANDORRA,Overnights visitors (tourists),Thousands,1997,
ANDORRA,Same-day visitors (excursionists),Thousands,1997,
ANGOLA,Total trips,Thousands,1997,
ANGOLA,Overnights visitors (tourists),Thousands,1997,
ANGOLA,Same-day visitors (excursionists),Thousands,1997,
ANGUILLA,Total trips,Thousands,1997,
ANGUILLA,Overnights visitors (tourists),Thousands,1997,
ANGUILLA,Same-day visitors (excursionists),Thousands,1997,
ANTIGUA AND BARBUDA,Total trips,Thousands,1997,
ANTIGUA AND BARBUDA,Overnights visitors (tourists),Thousands,1997,
ANTIGUA AND BARBUDA,Same-day visitors (excursionists),Thousands,1997,
ARGENTINA,Total trips,Thousands,1997,
ARGENTINA,Overnights visitors (tourists),Thousands,1997,
ARGENTINA,Same-day visitors (excursionists),Thousands,1997,
ARMENIA,Total trips,Thousands,1997,
ARMENIA,Overnights visitors (tourists),Thousands,1997,
ARMENIA,Same-day visitors (excursionists),Thousands,1997,
ARUBA,Total trips,Thousands,1997,
ARUBA,Overnights visitors (tourists),Thousands,1997,
ARUBA,Same-day visitors (excursionists),Thousands,1997,
AUSTRALIA,Total trips,Thousands,1997,
AUSTRALIA,Overnights visitors (tourists),Thousands,1997,
AUSTRALIA,Same-day visitors (excursionists),Thousands,1997,
AUSTRIA,Total trips,Thousands,1997,
AUSTRIA,Overnights visitors (tourists),Thousands,1997,
AUSTRIA,Same-day visitors (excursionists),Thousands,1997,
AZERBAIJAN,Total trips,Thousands,1997,
AZERBAIJAN,Overnights visitors (tourists),Thousands,1997,
AZERBAIJAN,Same-day visitors (excursionists),Thousands,1997,
BAHAMAS,Total trips,Thousands,1997,
BAHAMAS,Overnights visitors (tourists),Thousands,1997,
BAHAMAS,Same-day visitors (excursionists),Thousands,1997,
BAHRAIN,Total trips,Thousands,1997,
BAHRAIN,Overnights visitors (tourists),Thousands,1997,
BAHRAIN,Same-day visitors (excursionists),Thousands,1997,
BANGLADESH,Total trips,Thousands,1997,
BANGLADESH,Overnights visitors (tourists),Thousands,1997,
BANGLADESH,Same-day visitors (excursionists),Thousands,1997,
BARBADOS,Total trips,Thousands,1997,
BARBADOS,Overnights visitors (tourists),Thousands,1997,
BARBADOS,Same-day visitors (excursionists),Thousands,1997,
BELARUS,Total trips,Thousands,1997,
BELARUS,Overnights visitors (tourists),Thousands,1997,
BELARUS,Same-day visitors (excursionists),Thousands,1997,
BELGIUM,Total trips,Thousands,1997,
BELGIUM,Overnights visitors (tourists),Thousands,1997,
BELGIUM,Same-day visitors (excursionists),Thousands,1997,
BELIZE,Total trips,Thousands,1997,
BELIZE,Overnights visitors (tourists),Thousands,1997,
BELIZE,Same-day visitors (excursionists),Thousands,1997,
BENIN,Total trips,Thousands,1997,
BENIN,Overnights visitors (tourists),Thousands,1997,
BENIN,Same-day visitors (excursionists),Thousands,1997,
BERMUDA,Total trips,Thousands,1997,
BERMUDA,Overnights visitors (tourists),Thousands,1997,
BERMUDA,Same-day visitors (excursionists),Thousands,1997,
BHUTAN,Total trips,Thousands,1997,
BHUTAN,Overnights visitors (tourists),Thousands,1997,
BHUTAN,Same-day visitors (excursionists),Thousands,1997,
"BOLIVIA, PLURINATIONAL STATE OF",Total trips,Thousands,1997,
"BOLIVIA, PLURINATIONAL STATE OF",Overnights visitors (tourists),Thousands,1997,
"BOLIVIA, PLURINATIONAL STATE OF",Same-day visitors (excursionists),Thousands,1997,
BONAIRE,Total trips,Thousands,1997,
BONAIRE,Overnights visitors (tourists),Thousands,1997,
BONAIRE,Same-day visitors (excursionists),Thousands,1997,
BOSNIA AND HERZEGOVINA,Total trips,Thousands,1997,
BOSNIA AND HERZEGOVINA,Overnights visitors (tourists),Thousands,1997,
BOSNIA AND HERZEGOVINA,Same-day visitors (excursionists),Thousands,1997,
BOTSWANA,Total trips,Thousands,1997,
BOTSWANA,Overnights visitors (tourists),Thousands,1997,
BOTSWANA,Same-day visitors (excursionists),Thousands,1997,
BRAZIL,Total trips,Thousands,1997,
BRAZIL,Overnights visitors (tourists),Thousands,1997,
BRAZIL,Same-day visitors (excursionists),Thousands,1997,
BRITISH VIRGIN ISLANDS,Total trips,Thousands,1997,
BRITISH VIRGIN ISLANDS,Overnights visitors (tourists),Thousands,1997,
BRITISH VIRGIN ISLANDS,Same-day visitors (excursionists),Thousands,1997,
BRUNEI DARUSSALAM,Total trips,Thousands,1997,
BRUNEI DARUSSALAM,Overnights visitors (tourists),Thousands,1997,
BRUNEI DARUSSALAM,Same-day visitors (excursionists),Thousands,1997,
BULGARIA,Total trips,Thousands,1997,
BULGARIA,Overnights visitors (tourists),Thousands,1997,
BULGARIA,Same-day visitors (excursionists),Thousands,1997,
BURKINA FASO,Total trips,Thousands,1997,
BURKINA FASO,Overnights visitors (tourists),Thousands,1997,
BURKINA FASO,Same-day visitors (excursionists),Thousands,1997,
BURUNDI,Total trips,Thousands,1997,
BURUNDI,Overnights visitors (tourists),Thousands,1997,
BURUNDI,Same-day visitors (excursionists),Thousands,1997,
CABO VERDE,Total trips,Thousands,1997,
CABO VERDE,Overnights visitors (tourists),Thousands,1997,
CABO VERDE,Same-day visitors (excursionists),Thousands,1997,
CAMBODIA,Total trips,Thousands,1997,
CAMBODIA,Overnights visitors (tourists),Thousands,1997,
CAMBODIA,Same-day visitors (excursionists),Thousands,1997,
CAMEROON,Total trips,Thousands,1997,
CAMEROON,Overnights visitors (tourists),Thousands,1997,
CAMEROON,Same-day visitors (excursionists),Thousands,1997,
CANADA,Total trips,Thousands,1997,
CANADA,Overnights visitors (tourists),Thousands,1997,
CANADA,Same-day visitors (excursionists),Thousands,1997,
CAYMAN ISLANDS,Total trips,Thousands,1997,
CAYMAN ISLANDS,Overnights visitors (tourists),Thousands,1997,
CAYMAN ISLANDS,Same-day visitors (excursionists),Thousands,1997,
CENTRAL AFRICAN REPUBLIC,Total trips,Thousands,1997,
CENTRAL AFRICAN REPUBLIC,Overnights visitors (tourists),Thousands,1997,
CENTRAL AFRICAN REPUBLIC,Same-day visitors (excursionists),Thousands,1997,
CHAD,Total trips,Thousands,1997,
CHAD,Overnights visitors (tourists),Thousands,1997,
CHAD,Same-day visitors (excursionists),Thousands,1997,
CHILE,Total trips,Thousands,1997,
CHILE,Overnights visitors (tourists),Thousands,1997,
CHILE,Same-day visitors (excursionists),Thousands,1997,
CHINA,Total trips,Thousands,1997,
CHINA,Overnights visitors (tourists),Thousands,1997,
CHINA,Same-day visitors (excursionists),Thousands,1997,
COLOMBIA,Total trips,Thousands,1997,
COLOMBIA,Overnights visitors (tourists),Thousands,1997,
COLOMBIA,Same-day visitors (excursionists),Thousands,1997,
COMOROS,Total trips,Thousands,1997,
COMOROS,Overnights visitors (tourists),Thousands,1997,
COMOROS,Same-day visitors (excursionists),Thousands,1997,
CONGO,Total trips,Thousands,1997,
CONGO,Overnights visitors (tourists),Thousands,1997,
CONGO,Same-day visitors (excursionists),Thousands,1997,
"CONGO, DEMOCRATIC REPUBLIC OF THE",Total trips,Thousands,1997,
"CONGO, DEMOCRATIC REPUBLIC OF THE",Overnights visitors (tourists),Thousands,1997,
"CONGO, DEMOCRATIC REPUBLIC OF THE",Same-day visitors (excursionists),Thousands,1997,
COOK ISLANDS,Total trips,Thousands,1997,
COOK ISLANDS,Overnights visitors (tourists),Thousands,1997,
COOK ISLANDS,Same-day visitors (excursionists),Thousands,1997,
COSTA RICA,Total trips,Thousands,1997,
COSTA RICA,Overnights visitors (tourists),Thousands,1997,
COSTA RICA,Same-day visitors (excursionists),Thousands,1997,
COTE D´IVOIRE,Total trips,Thousands,1997,
COTE D´IVOIRE,Overnights visitors (tourists),Thousands,1997,
COTE D´IVOIRE,Same-day visitors (excursionists),Thousands,1997,
CROATIA,Total trips,Thousands,1997,
CROATIA,Overnights visitors (tourists),Thousands,1997,
CROATIA,Same-day visitors (excursionists),Thousands,1997,
CUBA,Total trips,Thousands,1997,
CUBA,Overnights visitors (tourists),Thousands,1997,
CUBA,Same-day visitors (excursionists),Thousands,1997,
CURAÇAO,Total trips,Thousands,1997,
CURAÇAO,Overnights visitors (tourists),Thousands,1997,
CURAÇAO,Same-day visitors (excursionists),Thousands,1997,
CYPRUS,Total trips,Thousands,1997,
CYPRUS,Overnights visitors (tourists),Thousands,1997,
CYPRUS,Same-day visitors (excursionists),Thousands,1997,
CZECH REPUBLIC (CZECHIA),Total trips,Thousands,1997,
CZECH REPUBLIC (CZECHIA),Overnights visitors (tourists),Thousands,1997,
CZECH REPUBLIC (CZECHIA),Same-day visitors (excursionists),Thousands,1997,
DENMARK,Total trips,Thousands,1997,
DENMARK,Overnights visitors (tourists),Thousands,1997,
DENMARK,Same-day visitors (excursionists),Thousands,1997,
DJIBOUTI,Total trips,Thousands,1997,
DJIBOUTI,Overnights visitors (tourists),Thousands,1997,
DJIBOUTI,Same-day visitors (excursionists),Thousands,1997,
DOMINICA,Total trips,Thousands,1997,
DOMINICA,Overnights visitors (tourists),Thousands,1997,
DOMINICA,Same-day visitors (excursionists),Thousands,1997,
DOMINICAN REPUBLIC,Total trips,Thousands,1997,
DOMINICAN REPUBLIC,Overnights visitors (tourists),Thousands,1997,
DOMINICAN REPUBLIC,Same-day visitors (excursionists),Thousands,1997,
ECUADOR,Total trips,Thousands,1997,
ECUADOR,Overnights visitors (tourists),Thousands,1997,
ECUADOR,Same-day visitors (excursionists),Thousands,1997,
EGYPT,Total trips,Thousands,1997,
EGYPT,Overnights visitors (tourists),Thousands,1997,
EGYPT,Same-day visitors (excursionists),Thousands,1997,
EL SALVADOR,Total trips,Thousands,1997,
EL SALVADOR,Overnights visitors (tourists),Thousands,1997,
EL SALVADOR,Same-day visitors (excursionists),Thousands,1997,
EQUATORIAL GUINEA,Total trips,Thousands,1997,
EQUATORIAL GUINEA,Overnights visitors (tourists),Thousands,1997,
EQUATORIAL GUINEA,Same-day visitors (excursionists),Thousands,1997,
ERITREA,Total trips,Thousands,1997,
ERITREA,Overnights visitors (tourists),Thousands,1997,
ERITREA,Same-day visitors (excursionists),Thousands,1997,
ESTONIA,Total trips,Thousands,1997,
ESTONIA,Overnights visitors (tourists),Thousands,1997,
ESTONIA,Same-day visitors (excursionists),Thousands,1997,
ESWATINI,Total trips,Thousands,1997,
ESWATINI,Overnights visitors (tourists),Thousands,1997,
ESWATINI,Same-day visitors (excursionists),Thousands,1997,
ETHIOPIA,Total trips,Thousands,1997,
ETHIOPIA,Overnights visitors (tourists),Thousands,1997,
ETHIOPIA,Same-day visitors (excursionists),Thousands,1997,
FIJI,Total trips,Thousands,1997,
FIJI,Overnights visitors (tourists),Thousands,1997,
FIJI,Same-day visitors (excursionists),Thousands,1997,
FINLAND,Total trips,Thousands,1997,
FINLAND,Overnights visitors (tourists),Thousands,1997,
FINLAND,Same-day visitors (excursionists),Thousands,1997,
FRANCE,Total trips,Thousands,1997,
FRANCE,Overnights visitors (tourists),Thousands,1997,
FRANCE,Same-day visitors (excursionists),Thousands,1997,
FRENCH GUIANA,Total trips,Thousands,1997,
FRENCH GUIANA,Overnights visitors (tourists),Thousands,1997,
FRENCH GUIANA,Same-day visitors (excursionists),Thousands,1997,
FRENCH POLYNESIA,Total trips,Thousands,1997,
FRENCH POLYNESIA,Overnights visitors (tourists),Thousands,1997,
FRENCH POLYNESIA,Same-day visitors (excursionists),Thousands,1997,
GABON,Total trips,Thousands,1997,
GABON,Overnights visitors (tourists),Thousands,1997,
GABON,Same-day visitors (excursionists),Thousands,1997,
GAMBIA,Total trips,Thousands,1997,
GAMBIA,Overnights visitors (tourists),Thousands,1997,
GAMBIA,Same-day visitors (excursionists),Thousands,1997,
GEORGIA,Total trips,Thousands,1997,
GEORGIA,Overnights visitors (tourists),Thousands,1997,
GEORGIA,Same-day visitors (excursionists),Thousands,1997,
GERMANY,Total trips,Thousands,1997,
GERMANY,Overnights visitors (tourists),Thousands,1997,
GERMANY,Same-day visitors (excursionists),Thousands,1997,
GHANA,Total trips,Thousands,1997,
GHANA,Overnights visitors (tourists),Thousands,1997,
GHANA,Same-day visitors (excursionists),Thousands,1997,
GREECE,Total trips,Thousands,1997,
GREECE,Overnights visitors (tourists),Thousands,1997,
GREECE,Same-day visitors (excursionists),Thousands,1997,
GRENADA,Total trips,Thousands,1997,
GRENADA,Overnights visitors (tourists),Thousands,1997,
GRENADA,Same-day visitors (excursionists),Thousands,1997,
GUADELOUPE,Total trips,Thousands,1997,
GUADELOUPE,Overnights visitors (tourists),Thousands,1997,
GUADELOUPE,Same-day visitors (excursionists),Thousands,1997,
GUAM,Total trips,Thousands,1997,
GUAM,Overnights visitors (tourists),Thousands,1997,
GUAM,Same-day visitors (excursionists),Thousands,1997,
GUATEMALA,Total trips,Thousands,1997,
GUATEMALA,Overnights visitors (tourists),Thousands,1997,
GUATEMALA,Same-day visitors (excursionists),Thousands,1997,
GUINEA,Total trips,Thousands,1997,
GUINEA,Overnights visitors (tourists),Thousands,1997,
GUINEA,Same-day visitors (excursionists),Thousands,1997,
GUINEA-BISSAU,Total trips,Thousands,1997,
GUINEA-BISSAU,Overnights visitors (tourists),Thousands,1997,
GUINEA-BISSAU,Same-day visitors (excursionists),Thousands,1997,
GUYANA,Total trips,Thousands,1997,
GUYANA,Overnights visitors (tourists),Thousands,1997,
GUYANA,Same-day visitors (excursionists),Thousands,1997,
HAITI,Total trips,Thousands,1997,
HAITI,Overnights visitors (tourists),Thousands,1997,
HAITI,Same-day visitors (excursionists),Thousands,1997,
HONDURAS,Total trips,Thousands,1997,
HONDURAS,Overnights visitors (tourists),Thousands,1997,
HONDURAS,Same-day visitors (excursionists),Thousands,1997,
"HONG KONG, CHINA",Total trips,Thousands,1997,
"HONG KONG, CHINA",Overnights visitors (tourists),Thousands,1997,
"HONG KONG, CHINA",Same-day visitors (excursionists),Thousands,1997,
HUNGARY,Total trips,Thousands,1997,
HUNGARY,Overnights visitors (tourists),Thousands,1997,
HUNGARY,Same-day visitors (excursionists),Thousands,1997,
ICELAND,Total trips,Thousands,1997,
ICELAND,Overnights visitors (tourists),Thousands,1997,
ICELAND,Same-day visitors (excursionists),Thousands,1997,
INDIA,Total trips,Thousands,1997,
INDIA,Overnights visitors (tourists),Thousands,1997,
INDIA,Same-day visitors (excursionists),Thousands,1997,
INDONESIA,Total trips,Thousands,1997,
INDONESIA,Overnights visitors (tourists),Thousands,1997,
INDONESIA,Same-day visitors (excursionists),Thousands,1997,
"IRAN, ISLAMIC REPUBLIC OF",Total trips,Thousands,1997,
"IRAN, ISLAMIC REPUBLIC OF",Overnights visitors (tourists),Thousands,1997,
"IRAN, ISLAMIC REPUBLIC OF",Same-day visitors (excursionists),Thousands,1997,
IRAQ,Total trips,Thousands,1997,
IRAQ,Overnights visitors (tourists),Thousands,1997,
IRAQ,Same-day visitors (excursionists),Thousands,1997,
IRELAND,Total trips,Thousands,1997,
IRELAND,Overnights visitors (tourists),Thousands,1997,
IRELAND,Same-day visitors (excursionists),Thousands,1997,
ISRAEL,Total trips,Thousands,1997,
ISRAEL,Overnights visitors (tourists),Thousands,1997,
ISRAEL,Same-day visitors (excursionists),Thousands,1997,
ITALY,Total trips,Thousands,1997,
ITALY,Overnights visitors (tourists),Thousands,1997,
ITALY,Same-day visitors (excursionists),Thousands,1997,
JAMAICA,Total trips,Thousands,1997,
JAMAICA,Overnights visitors (tourists),Thousands,1997,
JAMAICA,Same-day visitors (excursionists),Thousands,1997,
JAPAN,Total trips,Thousands,1997,
JAPAN,Overnights visitors (tourists),Thousands,1997,
JAPAN,Same-day visitors (excursionists),Thousands,1997,
JORDAN,Total trips,Thousands,1997,
JORDAN,Overnights visitors (tourists),Thousands,1997,
JORDAN,Same-day visitors (excursionists),Thousands,1997,
KAZAKHSTAN,Total trips,Thousands,1997,
KAZAKHSTAN,Overnights visitors (tourists),Thousands,1997,
KAZAKHSTAN,Same-day visitors (excursionists),Thousands,1997,
KENYA,Total trips,Thousands,1997,
KENYA,Overnights visitors (tourists),Thousands,1997,
KENYA,Same-day visitors (excursionists),Thousands,1997,
KIRIBATI,Total trips,Thousands,1997,
KIRIBATI,Overnights visitors (tourists),Thousands,1997,
KIRIBATI,Same-day visitors (excursionists),Thousands,1997,
"KOREA, DEMOCRATIC PEOPLE´S REPUBLIC OF",Total trips,Thousands,1997,
"KOREA, DEMOCRATIC PEOPLE´S REPUBLIC OF",Overnights visitors (tourists),Thousands,1997,
"KOREA, DEMOCRATIC PEOPLE´S REPUBLIC OF",Same-day visitors (excursionists),Thousands,1997,
"KOREA, REPUBLIC OF",Total trips,Thousands,1997,
"KOREA, REPUBLIC OF",Overnights visitors (tourists),Thousands,1997,
"KOREA, REPUBLIC OF",Same-day visitors (excursionists),Thousands,1997,
KUWAIT,Total trips,Thousands,1997,
KUWAIT,Overnights visitors (tourists),Thousands,1997,
KUWAIT,Same-day visitors (excursionists),Thousands,1997,
KYRGYZSTAN,Total trips,Thousands,1997,
KYRGYZSTAN,Overnights visitors (tourists),Thousands,1997,
KYRGYZSTAN,Same-day visitors (excursionists),Thousands,1997,
LAO PEOPLE´S DEMOCRATIC REPUBLIC,Total trips,Thousands,1997,
LAO PEOPLE´S DEMOCRATIC REPUBLIC,Overnights visitors (tourists),Thousands,1997,
LAO PEOPLE´S DEMOCRATIC REPUBLIC,Same-day visitors (excursionists),Thousands,1997,
LATVIA,Total trips,Thousands,1997,
LATVIA,Overnights visitors (tourists),Thousands,1997,
LATVIA,Same-day visitors (excursionists),Thousands,1997,
LEBANON,Total trips,Thousands,1997,
LEBANON,Overnights visitors (tourists),Thousands,1997,
LEBANON,Same-day visitors (excursionists),Thousands,1997,
LESOTHO,Total trips,Thousands,1997,
LESOTHO,Overnights visitors (tourists),Thousands,1997,
LESOTHO,Same-day visitors (excursionists),Thousands,1997,
LIBERIA,Total trips,Thousands,1997,
LIBERIA,Overnights visitors (tourists),Thousands,1997,
LIBERIA,Same-day visitors (excursionists),Thousands,1997,
LIBYA,Total trips,Thousands,1997,
LIBYA,Overnights visitors (tourists),Thousands,1997,
LIBYA,Same-day visitors (excursionists),Thousands,1997,
LIECHTENSTEIN,Total trips,Thousands,1997,
LIECHTENSTEIN,Overnights visitors (tourists),Thousands,1997,
LIECHTENSTEIN,Same-day visitors (excursionists),Thousands,1997,
LITHUANIA,Total trips,Thousands,1997,
LITHUANIA,Overnights visitors (tourists),Thousands,1997,
LITHUANIA,Same-day visitors (excursionists),Thousands,1997,
LUXEMBOURG,Total trips,Thousands,1997,
LUXEMBOURG,Overnights visitors (tourists),Thousands,1997,
LUXEMBOURG,Same-day visitors (excursionists),Thousands,1997,
"MACAO, CHINA",Total trips,Thousands,1997,
"MACAO, CHINA",Overnights visitors (tourists),Thousands,1997,
"MACAO, CHINA",Same-day visitors (excursionists),Thousands,1997,
MADAGASCAR,Total trips,Thousands,1997,
MADAGASCAR,Overnights visitors (tourists),Thousands,1997,
MADAGASCAR,Same-day visitors (excursionists),Thousands,1997,
MALAWI,Total trips,Thousands,1997,
MALAWI,Overnights visitors (tourists),Thousands,1997,
MALAWI,Same-day visitors (excursionists),Thousands,1997,
MALAYSIA,Total trips,Thousands,1997,
MALAYSIA,Overnights visitors (tourists),Thousands,1997,
MALAYSIA,Same-day visitors (excursionists),Thousands,1997,
MALDIVES,Total trips,Thousands,1997,
MALDIVES,Overnights visitors (tourists),Thousands,1997,
MALDIVES,Same-day visitors (excursionists),Thousands,1997,
MALI,Total trips,Thousands,1997,
MALI,Overnights visitors (tourists),Thousands,1997,
MALI,Same-day visitors (excursionists),Thousands,1997,
MALTA,Total trips,Thousands,1997,
MALTA,Overnights visitors (tourists),Thousands,1997,
MALTA,Same-day visitors (excursionists),Thousands,1997,
MARSHALL ISLANDS,Total trips,Thousands,1997,
MARSHALL ISLANDS,Overnights visitors (tourists),Thousands,1997,
MARSHALL ISLANDS,Same-day visitors (excursionists),Thousands,1997,
MARTINIQUE,Total trips,Thousands,1997,
MARTINIQUE,Overnights visitors (tourists),Thousands,1997,
MARTINIQUE,Same-day visitors (excursionists),Thousands,1997,
MAURITANIA,Total trips,Thousands,1997,
MAURITANIA,Overnights visitors (tourists),Thousands,1997,
MAURITANIA,Same-day visitors (excursionists),Thousands,1997,
MAURITIUS,Total trips,Thousands,1997,
MAURITIUS,Overnights visitors (tourists),Thousands,1997,
MAURITIUS,Same-day visitors (excursionists),Thousands,1997,
MEXICO,Total trips,Thousands,1997,
MEXICO,Overnights visitors (tourists),Thousands,1997,
MEXICO,Same-day visitors (excursionists),Thousands,1997,
"MICRONESIA, FEDERATED STATES OF",Total trips,Thousands,1997,
"MICRONESIA, FEDERATED STATES OF",Overnights visitors (tourists),Thousands,1997,
"MICRONESIA, FEDERATED STATES OF",Same-day visitors (excursionists),Thousands,1997,
"MOLDOVA, REPUBLIC OF",Total trips,Thousands,1997,
"MOLDOVA, REPUBLIC OF",Overnights visitors (tourists),Thousands,1997,
"MOLDOVA, REPUBLIC OF",Same-day visitors (excursionists),Thousands,1997,
MONACO,Total trips,Thousands,1997,
MONACO,Overnights visitors (tourists),Thousands,1997,
MONACO,Same-day visitors (excursionists),Thousands,1997,
MONGOLIA,Total trips,Thousands,1997,
MONGOLIA,Overnights visitors (tourists),Thousands,1997,
MONGOLIA,Same-day visitors (excursionists),Thousands,1997,
MONTENEGRO,Total trips,Thousands,1997,
MONTENEGRO,Overnights visitors (tourists),Thousands,1997,
MONTENEGRO,Same-day visitors (excursionists),Thousands,1997,
MONTSERRAT,Total trips,Thousands,1997,
MONTSERRAT,Overnights visitors (tourists),Thousands,1997,
MONTSERRAT,Same-day visitors (excursionists),Thousands,1997,
MOROCCO,Total trips,Thousands,1997,
MOROCCO,Overnights visitors (tourists),Thousands,1997,
MOROCCO,Same-day visitors (excursionists),Thousands,1997,
MOZAMBIQUE,Total trips,Thousands,1997,
MOZAMBIQUE,Overnights visitors (tourists),Thousands,1997,
MOZAMBIQUE,Same-day visitors (excursionists),Thousands,1997,
MYANMAR,Total trips,Thousands,1997,
MYANMAR,Overnights visitors (tourists),Thousands,1997,
MYANMAR,Same-day visitors (excursionists),Thousands,1997,
NAMIBIA,Total trips,Thousands,1997,
NAMIBIA,Overnights visitors (tourists),Thousands,1997,
NAMIBIA,Same-day visitors (excursionists),Thousands,1997,
NAURU,Total trips,Thousands,1997,
NAURU,Overnights visitors (tourists),Thousands,1997,
NAURU,Same-day visitors (excursionists),Thousands,1997,
NEPAL,Total trips,Thousands,1997,
NEPAL,Overnights visitors (tourists),Thousands,1997,
NEPAL,Same-day visitors (excursionists),Thousands,1997,
NETHERLANDS,Total trips,Thousands,1997,
NETHERLANDS,Overnights visitors (tourists),Thousands,1997,
NETHERLANDS,Same-day visitors (excursionists),Thousands,1997,
NEW CALEDONIA,Total trips,Thousands,1997,
NEW CALEDONIA,Overnights visitors (tourists),Thousands,1997,
NEW CALEDONIA,Same-day visitors (excursionists),Thousands,1997,
NEW ZEALAND,Total trips,Thousands,1997,
NEW ZEALAND,Overnights visitors (tourists),Thousands,1997,
NEW ZEALAND,Same-day visitors (excursionists),Thousands,1997,
NICARAGUA,Total trips,Thousands,1997,
NICARAGUA,Overnights visitors (tourists),Thousands,1997,
NICARAGUA,Same-day visitors (excursionists),Thousands,1997,
NIGER,Total trips,Thousands,1997,
NIGER,Overnights visitors (tourists),Thousands,1997,
NIGER,Same-day visitors (excursionists),Thousands,1997,
NIGERIA,Total trips,Thousands,1997,
NIGERIA,Overnights visitors (tourists),Thousands,1997,
NIGERIA,Same-day visitors (excursionists),Thousands,1997,
NIUE,Total trips,Thousands,1997,
NIUE,Overnights visitors (tourists),Thousands,1997,
NIUE,Same-day visitors (excursionists),Thousands,1997,
NORTH MACEDONIA,Total trips,Thousands,1997,
NORTH MACEDONIA,Overnights visitors (tourists),Thousands,1997,
NORTH MACEDONIA,Same-day visitors (excursionists),Thousands,1997,
NORTHERN MARIANA ISLANDS,Total trips,Thousands,1997,
NORTHERN MARIANA ISLANDS,Overnights visitors (tourists),Thousands,1997,
NORTHERN MARIANA ISLANDS,Same-day visitors (excursionists),Thousands,1997,
NORWAY,Total trips,Thousands,1997,
NORWAY,Overnights visitors (tourists),Thousands,1997,
NORWAY,Same-day visitors (excursionists),Thousands,1997,
OMAN,Total trips,Thousands,1997,
OMAN,Overnights visitors (tourists),Thousands,1997,
OMAN,Same-day visitors (excursionists),Thousands,1997,
PAKISTAN,Total trips,Thousands,1997,
PAKISTAN,Overnights visitors (tourists),Thousands,1997,
PAKISTAN,Same-day visitors (excursionists),Thousands,1997,
PALAU,Total trips,Thousands,1997,
PALAU,Overnights visitors (tourists),Thousands,1997,
PALAU,Same-day visitors (excursionists),Thousands,1997,
PANAMA,Total trips,Thousands,1997,
PANAMA,Overnights visitors (tourists),Thousands,1997,
PANAMA,Same-day visitors (excursionists),Thousands,1997,
PAPUA NEW GUINEA,Total trips,Thousands,1997,
PAPUA NEW GUINEA,Overnights visitors (tourists),Thousands,1997,
PAPUA NEW GUINEA,Same-day visitors (excursionists),Thousands,1997,
PARAGUAY,Total trips,Thousands,1997,
PARAGUAY,Overnights visitors (tourists),Thousands,1997,
PARAGUAY,Same-day visitors (excursionists),Thousands,1997,
PERU,Total trips,Thousands,1997,
PERU,Overnights visitors (tourists),Thousands,1997,
PERU,Same-day visitors (excursionists),Thousands,1997,
PHILIPPINES,Total trips,Thousands,1997,
PHILIPPINES,Overnights visitors (tourists),Thousands,1997,
PHILIPPINES,Same-day visitors (excursionists),Thousands,1997,
POLAND,Total trips,Thousands,1997,
POLAND,Overnights visitors (tourists),Thousands,1997,
POLAND,Same-day visitors (excursionists),Thousands,1997,
PORTUGAL,Total trips,Thousands,1997,
PORTUGAL,Overnights visitors (tourists),Thousands,1997,
PORTUGAL,Same-day visitors (excursionists),Thousands,1997,
PUERTO RICO,Total trips,Thousands,1997,
PUERTO RICO,Overnights visitors (tourists),Thousands,1997,
PUERTO RICO,Same-day visitors (excursionists),Thousands,1997,
QATAR,Total trips,Thousands,1997,
QATAR,Overnights visitors (tourists),Thousands,1997,
QATAR,Same-day visitors (excursionists),Thousands,1997,
REUNION,Total trips,Thousands,1997,
REUNION,Overnights visitors (tourists),Thousands,1997,
REUNION,Same-day visitors (excursionists),Thousands,1997,
ROMANIA,Total trips,Thousands,1997,
ROMANIA,Overnights visitors (tourists),Thousands,1997,
ROMANIA,Same-day visitors (excursionists),Thousands,1997,
RUSSIAN FEDERATION,Total trips,Thousands,1997,
RUSSIAN FEDERATION,Overnights visitors (tourists),Thousands,1997,
RUSSIAN FEDERATION,Same-day visitors (excursionists),Thousands,1997,
RWANDA,Total trips,Thousands,1997,
RWANDA,Overnights visitors (tourists),Thousands,1997,
RWANDA,Same-day visitors (excursionists),Thousands,1997,
SABA,Total trips,Thousands,1997,
SABA,Overnights visitors (tourists),Thousands,1997,
SABA,Same-day visitors (excursionists),Thousands,1997,
SAINT KITTS AND NEVIS,Total trips,Thousands,1997,
SAINT KITTS AND NEVIS,Overnights visitors (tourists),Thousands,1997,
SAINT KITTS AND NEVIS,Same-day visitors (excursionists),Thousands,1997,
SAINT LUCIA,Total trips,Thousands,1997,
SAINT LUCIA,Overnights visitors (tourists),Thousands,1997,
SAINT LUCIA,Same-day visitors (excursionists),Thousands,1997,
SAINT VINCENT AND THE GRENADINES,Total trips,Thousands,1997,
SAINT VINCENT AND THE GRENADINES,Overnights visitors (tourists),Thousands,1997,
SAINT VINCENT AND THE GRENADINES,Same-day visitors (excursionists),Thousands,1997,
SAMOA,Total trips,Thousands,1997,
SAMOA,Overnights visitors (tourists),Thousands,1997,
SAMOA,Same-day visitors (excursionists),Thousands,1997,
SAN MARINO,Total trips,Thousands,1997,
SAN MARINO,Overnights visitors (tourists),Thousands,1997,
SAN MARINO,Same-day visitors (excursionists),Thousands,1997,
SAO TOME AND PRINCIPE,Total trips,Thousands,1997,
SAO TOME AND PRINCIPE,Overnights visitors (tourists),Thousands,1997,
SAO TOME AND PRINCIPE,Same-day visitors (excursionists),Thousands,1997,
SAUDI ARABIA,Total trips,Thousands,1997,
SAUDI ARABIA,Overnights visitors (tourists),Thousands,1997,
SAUDI ARABIA,Same-day visitors (excursionists),Thousands,1997,
SENEGAL,Total trips,Thousands,1997,
SENEGAL,Overnights visitors (tourists),Thousands,1997,
SENEGAL,Same-day visitors (excursionists),Thousands,1997,
SERBIA,Total trips,Thousands,1997,
SERBIA,Overnights visitors (tourists),Thousands,1997,
SERBIA,Same-day visitors (excursionists),Thousands,1997,
SERBIA AND MONTENEGRO,Total trips,Thousands,1997,
SERBIA AND MONTENEGRO,Overnights visitors (tourists),Thousands,1997,
SERBIA AND MONTENEGRO,Same-day visitors (excursionists),Thousands,1997,
SEYCHELLES,Total trips,Thousands,1997,
SEYCHELLES,Overnights visitors (tourists),Thousands,1997,
SEYCHELLES,Same-day visitors (excursionists),Thousands,1997,
SIERRA LEONE,Total trips,Thousands,1997,
SIERRA LEONE,Overnights visitors (tourists),Thousands,1997,
SIERRA LEONE,Same-day visitors (excursionists),Thousands,1997,
SINGAPORE,Total trips,Thousands,1997,
SINGAPORE,Overnights visitors (tourists),Thousands,1997,
SINGAPORE,Same-day visitors (excursionists),Thousands,1997,
SINT EUSTATIUS,Total trips,Thousands,1997,
SINT EUSTATIUS,Overnights visitors (tourists),Thousands,1997,
SINT EUSTATIUS,Same-day visitors (excursionists),Thousands,1997,
SINT MAARTEN (DUTCH PART),Total trips,Thousands,1997,
SINT MAARTEN (DUTCH PART),Overnights visitors (tourists),Thousands,1997,
SINT MAARTEN (DUTCH PART),Same-day visitors (excursionists),Thousands,1997,
SLOVAKIA,Total trips,Thousands,1997,
SLOVAKIA,Overnights visitors (tourists),Thousands,1997,
SLOVAKIA,Same-day visitors (excursionists),Thousands,1997,
SLOVENIA,Total trips,Thousands,1997,
SLOVENIA,Overnights visitors (tourists),Thousands,1997,
SLOVENIA,Same-day visitors (excursionists),Thousands,1997,
SOLOMON ISLANDS,Total trips,Thousands,1997,
SOLOMON ISLANDS,Overnights visitors (tourists),Thousands,1997,
SOLOMON ISLANDS,Same-day visitors (excursionists),Thousands,1997,
SOMALIA,Total trips,Thousands,1997,
SOMALIA,Overnights visitors (tourists),Thousands,1997,
SOMALIA,Same-day visitors (excursionists),Thousands,1997,
SOUTH AFRICA,Total trips,Thousands,1997,
SOUTH AFRICA,Overnights visitors (tourists),Thousands,1997,
SOUTH AFRICA,Same-day visitors (excursionists),Thousands,1997,
SOUTH SUDAN,Total trips,Thousands,1997,
SOUTH SUDAN,Overnights visitors (tourists),Thousands,1997,
SOUTH SUDAN,Same-day visitors (excursionists),Thousands,1997,
SPAIN,Total trips,Thousands,1997,
SPAIN,Overnights visitors (tourists),Thousands,1997,
SPAIN,Same-day visitors (excursionists),Thousands,1997,
SRI LANKA,Total trips,Thousands,1997,
SRI LANKA,Overnights visitors (tourists),Thousands,1997,
SRI LANKA,Same-day visitors (excursionists),Thousands,1997,
STATE OF PALESTINE,Total trips,Thousands,1997,
STATE OF PALESTINE,Overnights visitors (tourists),Thousands,1997,
STATE OF PALESTINE,Same-day visitors (excursionists),Thousands,1997,
SUDAN,Total trips,Thousands,1997,
SUDAN,Overnights visitors (tourists),Thousands,1997,
SUDAN,Same-day visitors (excursionists),Thousands,1997,
SURINAME,Total trips,Thousands,1997,
SURINAME,Overnights visitors (tourists),Thousands,1997,
SURINAME,Same-day visitors (excursionists),Thousands,1997,
SWEDEN,Total trips,Thousands,1997,
SWEDEN,Overnights visitors (tourists),Thousands,1997,
SWEDEN,Same-day visitors (excursionists),Thousands,1997,
SWITZERLAND,Total trips,Thousands,1997,
SWITZERLAND,Overnights visitors (tourists),Thousands,1997,
SWITZERLAND,Same-day visitors (excursionists),Thousands,1997,
SYRIAN ARAB REPUBLIC,Total trips,Thousands,1997,
SYRIAN ARAB REPUBLIC,Overnights visitors (tourists),Thousands,1997,
SYRIAN ARAB REPUBLIC,Same-day visitors (excursionists),Thousands,1997,
TAIWAN PROVINCE OF CHINA,Total trips,Thousands,1997,
TAIWAN PROVINCE OF CHINA,Overnights visitors (tourists),Thousands,1997,
TAIWAN PROVINCE OF CHINA,Same-day visitors (excursionists),Thousands,1997,
TAJIKISTAN,Total trips,Thousands,1997,
TAJIKISTAN,Overnights visitors (tourists),Thousands,1997,
TAJIKISTAN,Same-day visitors (excursionists),Thousands,1997,
"TANZANIA, UNITED REPUBLIC OF",Total trips,Thousands,1997,
"TANZANIA, UNITED REPUBLIC OF",Overnights visitors (tourists),Thousands,1997,
"TANZANIA, UNITED REPUBLIC OF",Same-day visitors (excursionists),Thousands,1997,
THAILAND,Total trips,Thousands,1997,
THAILAND,Overnights visitors (tourists),Thousands,1997,
THAILAND,Same-day visitors (excursionists),Thousands,1997,
TIMOR-LESTE,Total trips,Thousands,1997,
TIMOR-LESTE,Overnights visitors (tourists),Thousands,1997,
TIMOR-LESTE,Same-day visitors (excursionists),Thousands,1997,
TOGO,Total trips,Thousands,1997,
TOGO,Overnights visitors (tourists),Thousands,1997,
TOGO,Same-day visitors (excursionists),Thousands,1997,
TONGA,Total trips,Thousands,1997,
TONGA,Overnights visitors (tourists),Thousands,1997,
TONGA,Same-day visitors (excursionists),Thousands,1997,
TRINIDAD AND TOBAGO,Total trips,Thousands,1997,
TRINIDAD AND TOBAGO,Overnights visitors (tourists),Thousands,1997,
TRINIDAD AND TOBAGO,Same-day visitors (excursionists),Thousands,1997,
TUNISIA,Total trips,Thousands,1997,
TUNISIA,Overnights visitors (tourists),Thousands,1997,
TUNISIA,Same-day visitors (excursionists),Thousands,1997,
TÜRKIYE,Total trips,Thousands,1997,
TÜRKIYE,Overnights visitors (tourists),Thousands,1997,
TÜRKIYE,Same-day visitors (excursionists),Thousands,1997,
TURKMENISTAN,Total trips,Thousands,1997,
TURKMENISTAN,Overnights visitors (tourists),Thousands,1997,
TURKMENISTAN,Same-day visitors (excursionists),Thousands,1997,
TURKS AND CAICOS ISLANDS,Total trips,Thousands,1997,
TURKS AND CAICOS ISLANDS,Overnights visitors (tourists),Thousands,1997,
TURKS AND CAICOS ISLANDS,Same-day visitors (excursionists),Thousands,1997,
TUVALU,Total trips,Thousands,1997,
TUVALU,Overnights visitors (tourists),Thousands,1997,
TUVALU,Same-day visitors (excursionists),Thousands,1997,
UGANDA,Total trips,Thousands,1997,
UGANDA,Overnights visitors (tourists),Thousands,1997,
UGANDA,Same-day visitors (excursionists),Thousands,1997,
UKRAINE,Total trips,Thousands,1997,
UKRAINE,Overnights visitors (tourists),Thousands,1997,
UKRAINE,Same-day visitors (excursionists),Thousands,1997,
UNITED ARAB EMIRATES,Total trips,Thousands,1997,
UNITED ARAB EMIRATES,Overnights visitors (tourists),Thousands,1997,
UNITED ARAB EMIRATES,Same-day visitors (excursionists),Thousands,1997,
UNITED KINGDOM,Total trips,Thousands,1997,
UNITED KINGDOM,Overnights visitors (tourists),Thousands,1997,
UNITED KINGDOM,Same-day visitors (excursionists),Thousands,1997,
UNITED STATES OF AMERICA,Total trips,Thousands,1997,
UNITED STATES OF AMERICA,Overnights visitors (tourists),Thousands,1997,
UNITED STATES OF AMERICA,Same-day visitors (excursionists),Thousands,1997,
UNITED STATES VIRGIN ISLANDS,Total trips,Thousands,1997,
UNITED STATES VIRGIN ISLANDS,Overnights visitors (tourists),Thousands,1997,
UNITED STATES VIRGIN ISLANDS,Same-day visitors (excursionists),Thousands,1997,
URUGUAY,Total trips,Thousands,1997,
URUGUAY,Overnights visitors (tourists),Thousands,1997,
URUGUAY,Same-day visitors (excursionists),Thousands,1997,
UZBEKISTAN,Total trips,Thousands,1997,
UZBEKISTAN,Overnights visitors (tourists),Thousands,1997,
UZBEKISTAN,Same-day visitors (excursionists),Thousands,1997,
VANUATU,Total trips,Thousands,1997,
VANUATU,Overnights visitors (tourists),Thousands,1997,
VANUATU,Same-day visitors (excursionists),Thousands,1997,
"VENEZUELA, BOLIVARIAN REPUBLIC OF",Total trips,Thousands,1997,
"VENEZUELA, BOLIVARIAN REPUBLIC OF",Overnights visitors (tourists),Thousands,1997,
"VENEZUELA, BOLIVARIAN REPUBLIC OF",Same-day visitors (excursionists),Thousands,1997,
VIET NAM,Total trips,Thousands,1997,
VIET NAM,Overnights visitors (tourists),Thousands,1997,
VIET NAM,Same-day visitors (excursionists),Thousands,1997,
YEMEN,Total trips,Thousands,1997,
YEMEN,Overnights visitors (tourists),Thousands,1997,
YEMEN,Same-day visitors (excursionists),Thousands,1997,
ZAMBIA,Total trips,Thousands,1997,
ZAMBIA,Overnights visitors (tourists),Thousands,1997,
ZAMBIA,Same-day visitors (excursionists),Thousands,1997,
ZIMBABWE,Total trips,Thousands,1997,
ZIMBABWE,Overnights visitors (tourists),Thousands,1997,
ZIMBABWE,Same-day visitors (excursionists),Thousands,1997,
AFGHANISTAN,Total trips,Thousands,1998,
AFGHANISTAN,Overnights visitors (tourists),Thousands,1998,
AFGHANISTAN,Same-day visitors (excursionists),Thousands,1998,
ALBANIA,Total trips,Thousands,1998,
ALBANIA,Overnights visitors (tourists),Thousands,1998,
ALBANIA,Same-day visitors (excursionists),Thousands,1998,
ALGERIA,Total trips,Thousands,1998,
ALGERIA,Overnights visitors (tourists),Thousands,1998,
ALGERIA,Same-day visitors (excursionists),Thousands,1998,
AMERICAN SAMOA,Total trips,Thousands,1998,
AMERICAN SAMOA,Overnights visitors (tourists),Thousands,1998,
AMERICAN SAMOA,Same-day visitors (excursionists),Thousands,1998,
ANDORRA,Total trips,Thousands,1998,
ANDORRA,Overnights visitors (tourists),Thousands,1998,
ANDORRA,Same-day visitors (excursionists),Thousands,1998,
ANGOLA,Total trips,Thousands,1998,
ANGOLA,Overnights visitors (tourists),Thousands,1998,
ANGOLA,Same-day visitors (excursionists),Thousands,1998,
ANGUILLA,Total trips,Thousands,1998,
ANGUILLA,Overnights visitors (tourists),Thousands,1998,
ANGUILLA,Same-day visitors (excursionists),Thousands,1998,
ANTIGUA AND BARBUDA,Total trips,Thousands,1998,
ANTIGUA AND BARBUDA,Overnights visitors (tourists),Thousands,1998,
ANTIGUA AND BARBUDA,Same-day visitors (excursionists),Thousands,1998,
ARGENTINA,Total trips,Thousands,1998,
ARGENTINA,Overnights visitors (tourists),Thousands,1998,
ARGENTINA,Same-day visitors (excursionists),Thousands,1998,
ARMENIA,Total trips,Thousands,1998,
ARMENIA,Overnights visitors (tourists),Thousands,1998,
ARMENIA,Same-day visitors (excursionists),Thousands,1998,
ARUBA,Total trips,Thousands,1998,
ARUBA,Overnights visitors (tourists),Thousands,1998,
ARUBA,Same-day visitors (excursionists),Thousands,1998,
AUSTRALIA,Total trips,Thousands,1998,
AUSTRALIA,Overnights visitors (tourists),Thousands,1998,
AUSTRALIA,Same-day visitors (excursionists),Thousands,1998,
AUSTRIA,Total trips,Thousands,1998,
AUSTRIA,Overnights visitors (tourists),Thousands,1998,
AUSTRIA,Same-day visitors (excursionists),Thousands,1998,
AZERBAIJAN,Total trips,Thousands,1998,
AZERBAIJAN,Overnights visitors (tourists),Thousands,1998,
AZERBAIJAN,Same-day visitors (excursionists),Thousands,1998,
BAHAMAS,Total trips,Thousands,1998,
BAHAMAS,Overnights visitors (tourists),Thousands,1998,
BAHAMAS,Same-day visitors (excursionists),Thousands,1998,
BAHRAIN,Total trips,Thousands,1998,
BAHRAIN,Overnights visitors (tourists),Thousands,1998,
BAHRAIN,Same-day visitors (excursionists),Thousands,1998,
BANGLADESH,Total trips,Thousands,1998,
BANGLADESH,Overnights visitors (tourists),Thousands,1998,
BANGLADESH,Same-day visitors (excursionists),Thousands,1998,
BARBADOS,Total trips,Thousands,1998,
BARBADOS,Overnights visitors (tourists),Thousands,1998,
BARBADOS,Same-day visitors (excursionists),Thousands,1998,
BELARUS,Total trips,Thousands,1998,
BELARUS,Overnights visitors (tourists),Thousands,1998,
BELARUS,Same-day visitors (excursionists),Thousands,1998,
BELGIUM,Total trips,Thousands,1998,
BELGIUM,Overnights visitors (tourists),Thousands,1998,
BELGIUM,Same-day visitors (excursionists),Thousands,1998,
BELIZE,Total trips,Thousands,1998,
BELIZE,Overnights visitors (tourists),Thousands,1998,
BELIZE,Same-day visitors (excursionists),Thousands,1998,
BENIN,Total trips,Thousands,1998,
BENIN,Overnights visitors (tourists),Thousands,1998,
BENIN,Same-day visitors (excursionists),Thousands,1998,
BERMUDA,Total trips,Thousands,1998,
BERMUDA,Overnights visitors (tourists),Thousands,1998,
BERMUDA,Same-day visitors (excursionists),Thousands,1998,
BHUTAN,Total trips,Thousands,1998,
BHUTAN,Overnights visitors (tourists),Thousands,1998,
BHUTAN,Same-day visitors (excursionists),Thousands,1998,
"BOLIVIA, PLURINATIONAL STATE OF",Total trips,Thousands,1998,
"BOLIVIA, PLURINATIONAL STATE OF",Overnights visitors (tourists),Thousands,1998,
"BOLIVIA, PLURINATIONAL STATE OF",Same-day visitors (excursionists),Thousands,1998,
BONAIRE,Total trips,Thousands,1998,
BONAIRE,Overnights visitors (tourists),Thousands,1998,
BONAIRE,Same-day visitors (excursionists),Thousands,1998,
BOSNIA AND HERZEGOVINA,Total trips,Thousands,1998,
BOSNIA AND HERZEGOVINA,Overnights visitors (tourists),Thousands,1998,
BOSNIA AND HERZEGOVINA,Same-day visitors (excursionists),Thousands,1998,
BOTSWANA,Total trips,Thousands,1998,
BOTSWANA,Overnights visitors (tourists),Thousands,1998,
BOTSWANA,Same-day visitors (excursionists),Thousands,1998,
BRAZIL,Total trips,Thousands,1998,
BRAZIL,Overnights visitors (tourists),Thousands,1998,
BRAZIL,Same-day visitors (excursionists),Thousands,1998,
BRITISH VIRGIN ISLANDS,Total trips,Thousands,1998,
BRITISH VIRGIN ISLANDS,Overnights visitors (tourists),Thousands,1998,
BRITISH VIRGIN ISLANDS,Same-day visitors (excursionists),Thousands,1998,
BRUNEI DARUSSALAM,Total trips,Thousands,1998,
BRUNEI DARUSSALAM,Overnights visitors (tourists),Thousands,1998,
BRUNEI DARUSSALAM,Same-day visitors (excursionists),Thousands,1998,
BULGARIA,Total trips,Thousands,1998,
BULGARIA,Overnights visitors (tourists),Thousands,1998,
BULGARIA,Same-day visitors (excursionists),Thousands,1998,
BURKINA FASO,Total trips,Thousands,1998,
BURKINA FASO,Overnights visitors (tourists),Thousands,1998,
BURKINA FASO,Same-day visitors (excursionists),Thousands,1998,
BURUNDI,Total trips,Thousands,1998,
BURUNDI,Overnights visitors (tourists),Thousands,1998,
BURUNDI,Same-day visitors (excursionists),Thousands,1998,
CABO VERDE,Total trips,Thousands,1998,
CABO VERDE,Overnights visitors (tourists),Thousands,1998,
CABO VERDE,Same-day visitors (excursionists),Thousands,1998,
CAMBODIA,Total trips,Thousands,1998,
CAMBODIA,Overnights visitors (tourists),Thousands,1998,
CAMBODIA,Same-day visitors (excursionists),Thousands,1998,
CAMEROON,Total trips,Thousands,1998,
CAMEROON,Overnights visitors (tourists),Thousands,1998,
CAMEROON,Same-day visitors (excursionists),Thousands,1998,
CANADA,Total trips,Thousands,1998,
CANADA,Overnights visitors (tourists),Thousands,1998,
CANADA,Same-day visitors (excursionists),Thousands,1998,
CAYMAN ISLANDS,Total trips,Thousands,1998,
CAYMAN ISLANDS,Overnights visitors (tourists),Thousands,1998,
CAYMAN ISLANDS,Same-day visitors (excursionists),Thousands,1998,
CENTRAL AFRICAN REPUBLIC,Total trips,Thousands,1998,
CENTRAL AFRICAN REPUBLIC,Overnights visitors (tourists),Thousands,1998,
CENTRAL AFRICAN REPUBLIC,Same-day visitors (excursionists),Thousands,1998,
CHAD,Total trips,Thousands,1998,
CHAD,Overnights visitors (tourists),Thousands,1998,
CHAD,Same-day visitors (excursionists),Thousands,1998,
CHILE,Total trips,Thousands,1998,
CHILE,Overnights visitors (tourists),Thousands,1998,
CHILE,Same-day visitors (excursionists),Thousands,1998,
CHINA,Total trips,Thousands,1998,
CHINA,Overnights visitors (tourists),Thousands,1998,
CHINA,Same-day visitors (excursionists),Thousands,1998,
COLOMBIA,Total trips,Thousands,1998,
COLOMBIA,Overnights visitors (tourists),Thousands,1998,
COLOMBIA,Same-day visitors (excursionists),Thousands,1998,
COMOROS,Total trips,Thousands,1998,
COMOROS,Overnights visitors (tourists),Thousands,1998,
COMOROS,Same-day visitors (excursionists),Thousands,1998,
CONGO,Total trips,Thousands,1998,
CONGO,Overnights visitors (tourists),Thousands,1998,
CONGO,Same-day visitors (excursionists),Thousands,1998,
"CONGO, DEMOCRATIC REPUBLIC OF THE",Total trips,Thousands,1998,
"CONGO, DEMOCRATIC REPUBLIC OF THE",Overnights visitors (tourists),Thousands,1998,
"CONGO, DEMOCRATIC REPUBLIC OF THE",Same-day visitors (excursionists),Thousands,1998,
COOK ISLANDS,Total trips,Thousands,1998,
COOK ISLANDS,Overnights visitors (tourists),Thousands,1998,
COOK ISLANDS,Same-day visitors (excursionists),Thousands,1998,
COSTA RICA,Total trips,Thousands,1998,
COSTA RICA,Overnights visitors (tourists),Thousands,1998,
COSTA RICA,Same-day visitors (excursionists),Thousands,1998,
COTE D´IVOIRE,Total trips,Thousands,1998,
COTE D´IVOIRE,Overnights visitors (tourists),Thousands,1998,
COTE D´IVOIRE,Same-day visitors (excursionists),Thousands,1998,
CROATIA,Total trips,Thousands,1998,
CROATIA,Overnights visitors (tourists),Thousands,1998,
CROATIA,Same-day visitors (excursionists),Thousands,1998,
CUBA,Total trips,Thousands,1998,
CUBA,Overnights visitors (tourists),Thousands,1998,
CUBA,Same-day visitors (excursionists),Thousands,1998,
CURAÇAO,Total trips,Thousands,1998,
CURAÇAO,Overnights visitors (tourists),Thousands,1998,
CURAÇAO,Same-day visitors (excursionists),Thousands,1998,
CYPRUS,Total trips,Thousands,1998,
CYPRUS,Overnights visitors (tourists),Thousands,1998,
CYPRUS,Same-day visitors (excursionists),Thousands,1998,
CZECH REPUBLIC (CZECHIA),Total trips,Thousands,1998,
CZECH REPUBLIC (CZECHIA),Overnights visitors (tourists),Thousands,1998,
CZECH REPUBLIC (CZECHIA),Same-day visitors (excursionists),Thousands,1998,
DENMARK,Total trips,Thousands,1998,
DENMARK,Overnights visitors (tourists),Thousands,1998,
DENMARK,Same-day visitors (excursionists),Thousands,1998,
DJIBOUTI,Total trips,Thousands,1998,
DJIBOUTI,Overnights visitors (tourists),Thousands,1998,
DJIBOUTI,Same-day visitors (excursionists),Thousands,1998,
DOMINICA,Total trips,Thousands,1998,
DOMINICA,Overnights visitors (tourists),Thousands,1998,
DOMINICA,Same-day visitors (excursionists),Thousands,1998,
DOMINICAN REPUBLIC,Total trips,Thousands,1998,
DOMINICAN REPUBLIC,Overnights visitors (tourists),Thousands,1998,
DOMINICAN REPUBLIC,Same-day visitors (excursionists),Thousands,1998,
ECUADOR,Total trips,Thousands,1998,
ECUADOR,Overnights visitors (tourists),Thousands,1998,
ECUADOR,Same-day visitors (excursionists),Thousands,1998,
EGYPT,Total trips,Thousands,1998,
EGYPT,Overnights visitors (tourists),Thousands,1998,
EGYPT,Same-day visitors (excursionists),Thousands,1998,
EL SALVADOR,Total trips,Thousands,1998,
EL SALVADOR,Overnights visitors (tourists),Thousands,1998,
EL SALVADOR,Same-day visitors (excursionists),Thousands,1998,
EQUATORIAL GUINEA,Total trips,Thousands,1998,
EQUATORIAL GUINEA,Overnights visitors (tourists),Thousands,1998,
EQUATORIAL GUINEA,Same-day visitors (excursionists),Thousands,1998,
ERITREA,Total trips,Thousands,1998,
ERITREA,Overnights visitors (tourists),Thousands,1998,
ERITREA,Same-day visitors (excursionists),Thousands,1998,
ESTONIA,Total trips,Thousands,1998,
ESTONIA,Overnights visitors (tourists),Thousands,1998,
ESTONIA,Same-day visitors (excursionists),Thousands,1998,
ESWATINI,Total trips,Thousands,1998,
ESWATINI,Overnights visitors (tourists),Thousands,1998,
ESWATINI,Same-day visitors (excursionists),Thousands,1998,
ETHIOPIA,Total trips,Thousands,1998,
ETHIOPIA,Overnights visitors (tourists),Thousands,1998,
ETHIOPIA,Same-day visitors (excursionists),Thousands,1998,
FIJI,Total trips,Thousands,1998,
FIJI,Overnights visitors (tourists),Thousands,1998,
FIJI,Same-day visitors (excursionists),Thousands,1998,
FINLAND,Total trips,Thousands,1998,
FINLAND,Overnights visitors (tourists),Thousands,1998,
FINLAND,Same-day visitors (excursionists),Thousands,1998,
FRANCE,Total trips,Thousands,1998,
FRANCE,Overnights visitors (tourists),Thousands,1998,
FRANCE,Same-day visitors (excursionists),Thousands,1998,
FRENCH GUIANA,Total trips,Thousands,1998,
FRENCH GUIANA,Overnights visitors (tourists),Thousands,1998,
FRENCH GUIANA,Same-day visitors (excursionists),Thousands,1998,
FRENCH POLYNESIA,Total trips,Thousands,1998,
FRENCH POLYNESIA,Overnights visitors (tourists),Thousands,1998,
FRENCH POLYNESIA,Same-day visitors (excursionists),Thousands,1998,
GABON,Total trips,Thousands,1998,
GABON,Overnights visitors (tourists),Thousands,1998,
GABON,Same-day visitors (excursionists),Thousands,1998,
GAMBIA,Total trips,Thousands,1998,
GAMBIA,Overnights visitors (tourists),Thousands,1998,
GAMBIA,Same-day visitors (excursionists),Thousands,1998,
GEORGIA,Total trips,Thousands,1998,
GEORGIA,Overnights visitors (tourists),Thousands,1998,
GEORGIA,Same-day visitors (excursionists),Thousands,1998,
GERMANY,Total trips,Thousands,1998,
GERMANY,Overnights visitors (tourists),Thousands,1998,
GERMANY,Same-day visitors (excursionists),Thousands,1998,
GHANA,Total trips,Thousands,1998,
GHANA,Overnights visitors (tourists),Thousands,1998,
GHANA,Same-day visitors (excursionists),Thousands,1998,
GREECE,Total trips,Thousands,1998,
GREECE,Overnights visitors (tourists),Thousands,1998,
GREECE,Same-day visitors (excursionists),Thousands,1998,
GRENADA,Total trips,Thousands,1998,
GRENADA,Overnights visitors (tourists),Thousands,1998,
GRENADA,Same-day visitors (excursionists),Thousands,1998,
GUADELOUPE,Total trips,Thousands,1998,
GUADELOUPE,Overnights visitors (tourists),Thousands,1998,
GUADELOUPE,Same-day visitors (excursionists),Thousands,1998,
GUAM,Total trips,Thousands,1998,
GUAM,Overnights visitors (tourists),Thousands,1998,
GUAM,Same-day visitors (excursionists),Thousands,1998,
GUATEMALA,Total trips,Thousands,1998,
GUATEMALA,Overnights visitors (tourists),Thousands,1998,
GUATEMALA,Same-day visitors (excursionists),Thousands,1998,
GUINEA,Total trips,Thousands,1998,
GUINEA,Overnights visitors (tourists),Thousands,1998,
GUINEA,Same-day visitors (excursionists),Thousands,1998,
GUINEA-BISSAU,Total trips,Thousands,1998,
GUINEA-BISSAU,Overnights visitors (tourists),Thousands,1998,
GUINEA-BISSAU,Same-day visitors (excursionists),Thousands,1998,
GUYANA,Total trips,Thousands,1998,
GUYANA,Overnights visitors (tourists),Thousands,1998,
GUYANA,Same-day visitors (excursionists),Thousands,1998,
HAITI,Total trips,Thousands,1998,
HAITI,Overnights visitors (tourists),Thousands,1998,
HAITI,Same-day visitors (excursionists),Thousands,1998,
HONDURAS,Total trips,Thousands,1998,
HONDURAS,Overnights visitors (tourists),Thousands,1998,
HONDURAS,Same-day visitors (excursionists),Thousands,1998,
"HONG KONG, CHINA",Total trips,Thousands,1998,
"HONG KONG, CHINA",Overnights visitors (tourists),Thousands,1998,
"HONG KONG, CHINA",Same-day visitors (excursionists),Thousands,1998,
HUNGARY,Total trips,Thousands,1998,
HUNGARY,Overnights visitors (tourists),Thousands,1998,
HUNGARY,Same-day visitors (excursionists),Thousands,1998,
ICELAND,Total trips,Thousands,1998,
ICELAND,Overnights visitors (tourists),Thousands,1998,
ICELAND,Same-day visitors (excursionists),Thousands,1998,
INDIA,Total trips,Thousands,1998,
INDIA,Overnights visitors (tourists),Thousands,1998,
INDIA,Same-day visitors (excursionists),Thousands,1998,
INDONESIA,Total trips,Thousands,1998,
INDONESIA,Overnights visitors (tourists),Thousands,1998,
INDONESIA,Same-day visitors (excursionists),Thousands,1998,
"IRAN, ISLAMIC REPUBLIC OF",Total trips,Thousands,1998,
"IRAN, ISLAMIC REPUBLIC OF",Overnights visitors (tourists),Thousands,1998,
"IRAN, ISLAMIC REPUBLIC OF",Same-day visitors (excursionists),Thousands,1998,
IRAQ,Total trips,Thousands,1998,
IRAQ,Overnights visitors (tourists),Thousands,1998,
IRAQ,Same-day visitors (excursionists),Thousands,1998,
IRELAND,Total trips,Thousands,1998,
IRELAND,Overnights visitors (tourists),Thousands,1998,
IRELAND,Same-day visitors (excursionists),Thousands,1998,
ISRAEL,Total trips,Thousands,1998,
ISRAEL,Overnights visitors (tourists),Thousands,1998,
ISRAEL,Same-day visitors (excursionists),Thousands,1998,
ITALY,Total trips,Thousands,1998,
ITALY,Overnights visitors (tourists),Thousands,1998,
ITALY,Same-day visitors (excursionists),Thousands,1998,
JAMAICA,Total trips,Thousands,1998,
JAMAICA,Overnights visitors (tourists),Thousands,1998,
JAMAICA,Same-day visitors (excursionists),Thousands,1998,
JAPAN,Total trips,Thousands,1998,
JAPAN,Overnights visitors (tourists),Thousands,1998,
JAPAN,Same-day visitors (excursionists),Thousands,1998,
JORDAN,Total trips,Thousands,1998,
JORDAN,Overnights visitors (tourists),Thousands,1998,
JORDAN,Same-day visitors (excursionists),Thousands,1998,
KAZAKHSTAN,Total trips,Thousands,1998,
KAZAKHSTAN,Overnights visitors (tourists),Thousands,1998,
KAZAKHSTAN,Same-day visitors (excursionists),Thousands,1998,
KENYA,Total trips,Thousands,1998,
KENYA,Overnights visitors (tourists),Thousands,1998,
KENYA,Same-day visitors (excursionists),Thousands,1998,
KIRIBATI,Total trips,Thousands,1998,
KIRIBATI,Overnights visitors (tourists),Thousands,1998,
KIRIBATI,Same-day visitors (excursionists),Thousands,1998,
"KOREA, DEMOCRATIC PEOPLE´S REPUBLIC OF",Total trips,Thousands,1998,
"KOREA, DEMOCRATIC PEOPLE´S REPUBLIC OF",Overnights visitors (tourists),Thousands,1998,
"KOREA, DEMOCRATIC PEOPLE´S REPUBLIC OF",Same-day visitors (excursionists),Thousands,1998,
"KOREA, REPUBLIC OF",Total trips,Thousands,1998,
"KOREA, REPUBLIC OF",Overnights visitors (tourists),Thousands,1998,
"KOREA, REPUBLIC OF",Same-day visitors (excursionists),Thousands,1998,
KUWAIT,Total trips,Thousands,1998,
KUWAIT,Overnights visitors (tourists),Thousands,1998,
KUWAIT,Same-day visitors (excursionists),Thousands,1998,
KYRGYZSTAN,Total trips,Thousands,1998,
KYRGYZSTAN,Overnights visitors (tourists),Thousands,1998,
KYRGYZSTAN,Same-day visitors (excursionists),Thousands,1998,
LAO PEOPLE´S DEMOCRATIC REPUBLIC,Total trips,Thousands,1998,
LAO PEOPLE´S DEMOCRATIC REPUBLIC,Overnights visitors (tourists),Thousands,1998,
LAO PEOPLE´S DEMOCRATIC REPUBLIC,Same-day visitors (excursionists),Thousands,1998,
LATVIA,Total trips,Thousands,1998,
LATVIA,Overnights visitors (tourists),Thousands,1998,
LATVIA,Same-day visitors (excursionists),Thousands,1998,
LEBANON,Total trips,Thousands,1998,
LEBANON,Overnights visitors (tourists),Thousands,1998,
LEBANON,Same-day visitors (excursionists),Thousands,1998,
LESOTHO,Total trips,Thousands,1998,
LESOTHO,Overnights visitors (tourists),Thousands,1998,
LESOTHO,Same-day visitors (excursionists),Thousands,1998,
LIBERIA,Total trips,Thousands,1998,
LIBERIA,Overnights visitors (tourists),Thousands,1998,
LIBERIA,Same-day visitors (excursionists),Thousands,1998,
LIBYA,Total trips,Thousands,1998,
LIBYA,Overnights visitors (tourists),Thousands,1998,
LIBYA,Same-day visitors (excursionists),Thousands,1998,
LIECHTENSTEIN,Total trips,Thousands,1998,
LIECHTENSTEIN,Overnights visitors (tourists),Thousands,1998,
LIECHTENSTEIN,Same-day visitors (excursionists),Thousands,1998,
LITHUANIA,Total trips,Thousands,1998,
LITHUANIA,Overnights visitors (tourists),Thousands,1998,
LITHUANIA,Same-day visitors (excursionists),Thousands,1998,
LUXEMBOURG,Total trips,Thousands,1998,
LUXEMBOURG,Overnights visitors (tourists),Thousands,1998,
LUXEMBOURG,Same-day visitors (excursionists),Thousands,1998,
"MACAO, CHINA",Total trips,Thousands,1998,
"MACAO, CHINA",Overnights visitors (tourists),Thousands,1998,
"MACAO, CHINA",Same-day visitors (excursionists),Thousands,1998,
MADAGASCAR,Total trips,Thousands,1998,
MADAGASCAR,Overnights visitors (tourists),Thousands,1998,
MADAGASCAR,Same-day visitors (excursionists),Thousands,1998,
MALAWI,Total trips,Thousands,1998,
MALAWI,Overnights visitors (tourists),Thousands,1998,
MALAWI,Same-day visitors (excursionists),Thousands,1998,
MALAYSIA,Total trips,Thousands,1998,
MALAYSIA,Overnights visitors (tourists),Thousands,1998,
MALAYSIA,Same-day visitors (excursionists),Thousands,1998,
MALDIVES,Total trips,Thousands,1998,
MALDIVES,Overnights visitors (tourists),Thousands,1998,
MALDIVES,Same-day visitors (excursionists),Thousands,1998,
MALI,Total trips,Thousands,1998,
MALI,Overnights visitors (tourists),Thousands,1998,
MALI,Same-day visitors (excursionists),Thousands,1998,
MALTA,Total trips,Thousands,1998,
MALTA,Overnights visitors (tourists),Thousands,1998,
MALTA,Same-day visitors (excursionists),Thousands,1998,
MARSHALL ISLANDS,Total trips,Thousands,1998,
MARSHALL ISLANDS,Overnights visitors (tourists),Thousands,1998,
MARSHALL ISLANDS,Same-day visitors (excursionists),Thousands,1998,
MARTINIQUE,Total trips,Thousands,1998,
MARTINIQUE,Overnights visitors (tourists),Thousands,1998,
MARTINIQUE,Same-day visitors (excursionists),Thousands,1998,
MAURITANIA,Total trips,Thousands,1998,
MAURITANIA,Overnights visitors (tourists),Thousands,1998,
MAURITANIA,Same-day visitors (excursionists),Thousands,1998,
MAURITIUS,Total trips,Thousands,1998,
MAURITIUS,Overnights visitors (tourists),Thousands,1998,
MAURITIUS,Same-day visitors (excursionists),Thousands,1998,
MEXICO,Total trips,Thousands,1998,
MEXICO,Overnights visitors (tourists),Thousands,1998,
MEXICO,Same-day visitors (excursionists),Thousands,1998,
"MICRONESIA, FEDERATED STATES OF",Total trips,Thousands,1998,
"MICRONESIA, FEDERATED STATES OF",Overnights visitors (tourists),Thousands,1998,
"MICRONESIA, FEDERATED STATES OF",Same-day visitors (excursionists),Thousands,1998,
"MOLDOVA, REPUBLIC OF",Total trips,Thousands,1998,
"MOLDOVA, REPUBLIC OF",Overnights visitors (tourists),Thousands,1998,
"MOLDOVA, REPUBLIC OF",Same-day visitors (excursionists),Thousands,1998,
MONACO,Total trips,Thousands,1998,
MONACO,Overnights visitors (tourists),Thousands,1998,
MONACO,Same-day visitors (excursionists),Thousands,1998,
MONGOLIA,Total trips,Thousands,1998,
MONGOLIA,Overnights visitors (tourists),Thousands,1998,
MONGOLIA,Same-day visitors (excursionists),Thousands,1998,
MONTENEGRO,Total trips,Thousands,1998,
MONTENEGRO,Overnights visitors (tourists),Thousands,1998,
MONTENEGRO,Same-day visitors (excursionists),Thousands,1998,
MONTSERRAT,Total trips,Thousands,1998,
MONTSERRAT,Overnights visitors (tourists),Thousands,1998,
MONTSERRAT,Same-day visitors (excursionists),Thousands,1998,
MOROCCO,Total trips,Thousands,1998,
MOROCCO,Overnights visitors (tourists),Thousands,1998,
MOROCCO,Same-day visitors (excursionists),Thousands,1998,
MOZAMBIQUE,Total trips,Thousands,1998,
MOZAMBIQUE,Overnights visitors (tourists),Thousands,1998,
MOZAMBIQUE,Same-day visitors (excursionists),Thousands,1998,
MYANMAR,Total trips,Thousands,1998,
MYANMAR,Overnights visitors (tourists),Thousands,1998,
MYANMAR,Same-day visitors (excursionists),Thousands,1998,
NAMIBIA,Total trips,Thousands,1998,
NAMIBIA,Overnights visitors (tourists),Thousands,1998,
NAMIBIA,Same-day visitors (excursionists),Thousands,1998,
NAURU,Total trips,Thousands,1998,
NAURU,Overnights visitors (tourists),Thousands,1998,
NAURU,Same-day visitors (excursionists),Thousands,1998,
NEPAL,Total trips,Thousands,1998,
NEPAL,Overnights visitors (tourists),Thousands,1998,
NEPAL,Same-day visitors (excursionists),Thousands,1998,
NETHERLANDS,Total trips,Thousands,1998,
NETHERLANDS,Overnights visitors (tourists),Thousands,1998,
NETHERLANDS,Same-day visitors (excursionists),Thousands,1998,
NEW CALEDONIA,Total trips,Thousands,1998,
NEW CALEDONIA,Overnights visitors (tourists),Thousands,1998,
NEW CALEDONIA,Same-day visitors (excursionists),Thousands,1998,
NEW ZEALAND,Total trips,Thousands,1998,
NEW ZEALAND,Overnights visitors (tourists),Thousands,1998,
NEW ZEALAND,Same-day visitors (excursionists),Thousands,1998,
NICARAGUA,Total trips,Thousands,1998,
NICARAGUA,Overnights visitors (tourists),Thousands,1998,
NICARAGUA,Same-day visitors (excursionists),Thousands,1998,
NIGER,Total trips,Thousands,1998,
NIGER,Overnights visitors (tourists),Thousands,1998,
NIGER,Same-day visitors (excursionists),Thousands,1998,
NIGERIA,Total trips,Thousands,1998,
NIGERIA,Overnights visitors (tourists),Thousands,1998,
NIGERIA,Same-day visitors (excursionists),Thousands,1998,
NIUE,Total trips,Thousands,1998,
NIUE,Overnights visitors (tourists),Thousands,1998,
NIUE,Same-day visitors (excursionists),Thousands,1998,
NORTH MACEDONIA,Total trips,Thousands,1998,
NORTH MACEDONIA,Overnights visitors (tourists),Thousands,1998,
NORTH MACEDONIA,Same-day visitors (excursionists),Thousands,1998,
NORTHERN MARIANA ISLANDS,Total trips,Thousands,1998,
NORTHERN MARIANA ISLANDS,Overnights visitors (tourists),Thousands,1998,
NORTHERN MARIANA ISLANDS,Same-day visitors (excursionists),Thousands,1998,
NORWAY,Total trips,Thousands,1998,
NORWAY,Overnights visitors (tourists),Thousands,1998,
NORWAY,Same-day visitors (excursionists),Thousands,1998,
OMAN,Total trips,Thousands,1998,
OMAN,Overnights visitors (tourists),Thousands,1998,
OMAN,Same-day visitors (excursionists),Thousands,1998,
PAKISTAN,Total trips,Thousands,1998,
PAKISTAN,Overnights visitors (tourists),Thousands,1998,
PAKISTAN,Same-day visitors (excursionists),Thousands,1998,
PALAU,Total trips,Thousands,1998,
PALAU,Overnights visitors (tourists),Thousands,1998,
PALAU,Same-day visitors (excursionists),Thousands,1998,
PANAMA,Total trips,Thousands,1998,
PANAMA,Overnights visitors (tourists),Thousands,1998,
PANAMA,Same-day visitors (excursionists),Thousands,1998,
PAPUA NEW GUINEA,Total trips,Thousands,1998,
PAPUA NEW GUINEA,Overnights visitors (tourists),Thousands,1998,
PAPUA NEW GUINEA,Same-day visitors (excursionists),Thousands,1998,
PARAGUAY,Total trips,Thousands,1998,
PARAGUAY,Overnights visitors (tourists),Thousands,1998,
PARAGUAY,Same-day visitors (excursionists),Thousands,1998,
PERU,Total trips,Thousands,1998,
PERU,Overnights visitors (tourists),Thousands,1998,
PERU,Same-day visitors (excursionists),Thousands,1998,
PHILIPPINES,Total trips,Thousands,1998,
PHILIPPINES,Overnights visitors (tourists),Thousands,1998,
PHILIPPINES,Same-day visitors (excursionists),Thousands,1998,
POLAND,Total trips,Thousands,1998,
POLAND,Overnights visitors (tourists),Thousands,1998,
POLAND,Same-day visitors (excursionists),Thousands,1998,
PORTUGAL,Total trips,Thousands,1998,
PORTUGAL,Overnights visitors (tourists),Thousands,1998,
PORTUGAL,Same-day visitors (excursionists),Thousands,1998,
PUERTO RICO,Total trips,Thousands,1998,
PUERTO RICO,Overnights visitors (tourists),Thousands,1998,
PUERTO RICO,Same-day visitors (excursionists),Thousands,1998,
QATAR,Total trips,Thousands,1998,
QATAR,Overnights visitors (tourists),Thousands,1998,
QATAR,Same-day visitors (excursionists),Thousands,1998,
REUNION,Total trips,Thousands,1998,
REUNION,Overnights visitors (tourists),Thousands,1998,
REUNION,Same-day visitors (excursionists),Thousands,1998,
ROMANIA,Total trips,Thousands,1998,
ROMANIA,Overnights visitors (tourists),Thousands,1998,
ROMANIA,Same-day visitors (excursionists),Thousands,1998,
RUSSIAN FEDERATION,Total trips,Thousands,1998,
RUSSIAN FEDERATION,Overnights visitors (tourists),Thousands,1998,
RUSSIAN FEDERATION,Same-day visitors (excursionists),Thousands,1998,
RWANDA,Total trips,Thousands,1998,
RWANDA,Overnights visitors (tourists),Thousands,1998,
RWANDA,Same-day visitors (excursionists),Thousands,1998,
SABA,Total trips,Thousands,1998,
SABA,Overnights visitors (tourists),Thousands,1998,
SABA,Same-day visitors (excursionists),Thousands,1998,
SAINT KITTS AND NEVIS,Total trips,Thousands,1998,
SAINT KITTS AND NEVIS,Overnights visitors (tourists),Thousands,1998,
SAINT KITTS AND NEVIS,Same-day visitors (excursionists),Thousands,1998,
SAINT LUCIA,Total trips,Thousands,1998,
SAINT LUCIA,Overnights visitors (tourists),Thousands,1998,
SAINT LUCIA,Same-day visitors (excursionists),Thousands,1998,
SAINT VINCENT AND THE GRENADINES,Total trips,Thousands,1998,
SAINT VINCENT AND THE GRENADINES,Overnights visitors (tourists),Thousands,1998,
SAINT VINCENT AND THE GRENADINES,Same-day visitors (excursionists),Thousands,1998,
SAMOA,Total trips,Thousands,1998,
SAMOA,Overnights visitors (tourists),Thousands,1998,
SAMOA,Same-day visitors (excursionists),Thousands,1998,
SAN MARINO,Total trips,Thousands,1998,
SAN MARINO,Overnights visitors (tourists),Thousands,1998,
SAN MARINO,Same-day visitors (excursionists),Thousands,1998,
SAO TOME AND PRINCIPE,Total trips,Thousands,1998,
SAO TOME AND PRINCIPE,Overnights visitors (tourists),Thousands,1998,
SAO TOME AND PRINCIPE,Same-day visitors (excursionists),Thousands,1998,
SAUDI ARABIA,Total trips,Thousands,1998,
SAUDI ARABIA,Overnights visitors (tourists),Thousands,1998,
SAUDI ARABIA,Same-day visitors (excursionists),Thousands,1998,
SENEGAL,Total trips,Thousands,1998,
SENEGAL,Overnights visitors (tourists),Thousands,1998,
SENEGAL,Same-day visitors (excursionists),Thousands,1998,
SERBIA,Total trips,Thousands,1998,
SERBIA,Overnights visitors (tourists),Thousands,1998,
SERBIA,Same-day visitors (excursionists),Thousands,1998,
SERBIA AND MONTENEGRO,Total trips,Thousands,1998,
SERBIA AND MONTENEGRO,Overnights visitors (tourists),Thousands,1998,
SERBIA AND MONTENEGRO,Same-day visitors (excursionists),Thousands,1998,
SEYCHELLES,Total trips,Thousands,1998,
SEYCHELLES,Overnights visitors (tourists),Thousands,1998,
SEYCHELLES,Same-day visitors (excursionists),Thousands,1998,
SIERRA LEONE,Total trips,Thousands,1998,
SIERRA LEONE,Overnights visitors (tourists),Thousands,1998,
SIERRA LEONE,Same-day visitors (excursionists),Thousands,1998,
SINGAPORE,Total trips,Thousands,1998,
SINGAPORE,Overnights visitors (tourists),Thousands,1998,
SINGAPORE,Same-day visitors (excursionists),Thousands,1998,
SINT EUSTATIUS,Total trips,Thousands,1998,
SINT EUSTATIUS,Overnights visitors (tourists),Thousands,1998,
SINT EUSTATIUS,Same-day visitors (excursionists),Thousands,1998,
SINT MAARTEN (DUTCH PART),Total trips,Thousands,1998,
SINT MAARTEN (DUTCH PART),Overnights visitors (tourists),Thousands,1998,
SINT MAARTEN (DUTCH PART),Same-day visitors (excursionists),Thousands,1998,
SLOVAKIA,Total trips,Thousands,1998,
SLOVAKIA,Overnights visitors (tourists),Thousands,1998,
SLOVAKIA,Same-day visitors (excursionists),Thousands,1998,
SLOVENIA,Total trips,Thousands,1998,
SLOVENIA,Overnights visitors (tourists),Thousands,1998,
SLOVENIA,Same-day visitors (excursionists),Thousands,1998,
SOLOMON ISLANDS,Total trips,Thousands,1998,
SOLOMON ISLANDS,Overnights visitors (tourists),Thousands,1998,
SOLOMON ISLANDS,Same-day visitors (excursionists),Thousands,1998,
SOMALIA,Total trips,Thousands,1998,
SOMALIA,Overnights visitors (tourists),Thousands,1998,
SOMALIA,Same-day visitors (excursionists),Thousands,1998,
SOUTH AFRICA,Total trips,Thousands,1998,
SOUTH AFRICA,Overnights visitors (tourists),Thousands,1998,
SOUTH AFRICA,Same-day visitors (excursionists),Thousands,1998,
SOUTH SUDAN,Total trips,Thousands,1998,
SOUTH SUDAN,Overnights visitors (tourists),Thousands,1998,
SOUTH SUDAN,Same-day visitors (excursionists),Thousands,1998,
SPAIN,Total trips,Thousands,1998,
SPAIN,Overnights visitors (tourists),Thousands,1998,
SPAIN,Same-day visitors (excursionists),Thousands,1998,
SRI LANKA,Total trips,Thousands,1998,
SRI LANKA,Overnights visitors (tourists),Thousands,1998,
SRI LANKA,Same-day visitors (excursionists),Thousands,1998,
STATE OF PALESTINE,Total trips,Thousands,1998,
STATE OF PALESTINE,Overnights visitors (tourists),Thousands,1998,
STATE OF PALESTINE,Same-day visitors (excursionists),Thousands,1998,
SUDAN,Total trips,Thousands,1998,
SUDAN,Overnights visitors (tourists),Thousands,1998,
SUDAN,Same-day visitors (excursionists),Thousands,1998,
SURINAME,Total trips,Thousands,1998,
SURINAME,Overnights visitors (tourists),Thousands,1998,
SURINAME,Same-day visitors (excursionists),Thousands,1998,
SWEDEN,Total trips,Thousands,1998,
SWEDEN,Overnights visitors (tourists),Thousands,1998,
SWEDEN,Same-day visitors (excursionists),Thousands,1998,
SWITZERLAND,Total trips,Thousands,1998,
SWITZERLAND,Overnights visitors (tourists),Thousands,1998,
SWITZERLAND,Same-day visitors (excursionists),Thousands,1998,
SYRIAN ARAB REPUBLIC,Total trips,Thousands,1998,
SYRIAN ARAB REPUBLIC,Overnights visitors (tourists),Thousands,1998,
SYRIAN ARAB REPUBLIC,Same-day visitors (excursionists),Thousands,1998,
TAIWAN PROVINCE OF CHINA,Total trips,Thousands,1998,
TAIWAN PROVINCE OF CHINA,Overnights visitors (tourists),Thousands,1998,
TAIWAN PROVINCE OF CHINA,Same-day visitors (excursionists),Thousands,1998,
TAJIKISTAN,Total trips,Thousands,1998,
TAJIKISTAN,Overnights visitors (tourists),Thousands,1998,
TAJIKISTAN,Same-day visitors (excursionists),Thousands,1998,
"TANZANIA, UNITED REPUBLIC OF",Total trips,Thousands,1998,
"TANZANIA, UNITED REPUBLIC OF",Overnights visitors (tourists),Thousands,1998,
"TANZANIA, UNITED REPUBLIC OF",Same-day visitors (excursionists),Thousands,1998,
THAILAND,Total trips,Thousands,1998,
THAILAND,Overnights visitors (tourists),Thousands,1998,
THAILAND,Same-day visitors (excursionists),Thousands,1998,
TIMOR-LESTE,Total trips,Thousands,1998,
TIMOR-LESTE,Overnights visitors (tourists),Thousands,1998,
TIMOR-LESTE,Same-day visitors (excursionists),Thousands,1998,
TOGO,Total trips,Thousands,1998,
TOGO,Overnights visitors (tourists),Thousands,1998,
TOGO,Same-day visitors (excursionists),Thousands,1998,
TONGA,Total trips,Thousands,1998,
TONGA,Overnights visitors (tourists),Thousands,1998,
TONGA,Same-day visitors (excursionists),Thousands,1998,
TRINIDAD AND TOBAGO,Total trips,Thousands,1998,
TRINIDAD AND TOBAGO,Overnights visitors (tourists),Thousands,1998,
TRINIDAD AND TOBAGO,Same-day visitors (excursionists),Thousands,1998,
TUNISIA,Total trips,Thousands,1998,
TUNISIA,Overnights visitors (tourists),Thousands,1998,
TUNISIA,Same-day visitors (excursionists),Thousands,1998,
TÜRKIYE,Total trips,Thousands,1998,
TÜRKIYE,Overnights visitors (tourists),Thousands,1998,
TÜRKIYE,Same-day visitors (excursionists),Thousands,1998,
TURKMENISTAN,Total trips,Thousands,1998,
TURKMENISTAN,Overnights visitors (tourists),Thousands,1998,
TURKMENISTAN,Same-day visitors (excursionists),Thousands,1998,
TURKS AND CAICOS ISLANDS,Total trips,Thousands,1998,
TURKS AND CAICOS ISLANDS,Overnights visitors (tourists),Thousands,1998,
TURKS AND CAICOS ISLANDS,Same-day visitors (excursionists),Thousands,1998,
TUVALU,Total trips,Thousands,1998,
TUVALU,Overnights visitors (tourists),Thousands,1998,
TUVALU,Same-day visitors (excursionists),Thousands,1998,
UGANDA,Total trips,Thousands,1998,
UGANDA,Overnights visitors (tourists),Thousands,1998,
UGANDA,Same-day visitors (excursionists),Thousands,1998,
UKRAINE,Total trips,Thousands,1998,
UKRAINE,Overnights visitors (tourists),Thousands,1998,
UKRAINE,Same-day visitors (excursionists),Thousands,1998,
UNITED ARAB EMIRATES,Total trips,Thousands,1998,
UNITED ARAB EMIRATES,Overnights visitors (tourists),Thousands,1998,
UNITED ARAB EMIRATES,Same-day visitors (excursionists),Thousands,1998,
UNITED KINGDOM,Total trips,Thousands,1998,
UNITED KINGDOM,Overnights visitors (tourists),Thousands,1998,
UNITED KINGDOM,Same-day visitors (excursionists),Thousands,1998,
UNITED STATES OF AMERICA,Total trips,Thousands,1998,
UNITED STATES OF AMERICA,Overnights visitors (tourists),Thousands,1998,
UNITED STATES OF AMERICA,Same-day visitors (excursionists),Thousands,1998,
UNITED STATES VIRGIN ISLANDS,Total trips,Thousands,1998,
UNITED STATES VIRGIN ISLANDS,Overnights visitors (tourists),Thousands,1998,
UNITED STATES VIRGIN ISLANDS,Same-day visitors (excursionists),Thousands,1998,
URUGUAY,Total trips,Thousands,1998,
URUGUAY,Overnights visitors (tourists),Thousands,1998,
URUGUAY,Same-day visitors (excursionists),Thousands,1998,
UZBEKISTAN,Total trips,Thousands,1998,
UZBEKISTAN,Overnights visitors (tourists),Thousands,1998,
UZBEKISTAN,Same-day visitors (excursionists),Thousands,1998,
VANUATU,Total trips,Thousands,1998,
VANUATU,Overnights visitors (tourists),Thousands,1998,
VANUATU,Same-day visitors (excursionists),Thousands,1998,
"VENEZUELA, BOLIVARIAN REPUBLIC OF",Total trips,Thousands,1998,
"VENEZUELA, BOLIVARIAN REPUBLIC OF",Overnights visitors (tourists),Thousands,1998,
"VENEZUELA, BOLIVARIAN REPUBLIC OF",Same-day visitors (excursionists),Thousands,1998,
VIET NAM,Total trips,Thousands,1998,
VIET NAM,Overnights visitors (tourists),Thousands,1998,
VIET NAM,Same-day visitors (excursionists),Thousands,1998,
YEMEN,Total trips,Thousands,1998,
YEMEN,Overnights visitors (tourists),Thousands,1998,
YEMEN,Same-day visitors (excursionists),Thousands,1998,
ZAMBIA,Total trips,Thousands,1998,
ZAMBIA,Overnights visitors (tourists),Thousands,1998,
ZAMBIA,Same-day visitors (excursionists),Thousands,1998,
ZIMBABWE,Total trips,Thousands,1998,
ZIMBABWE,Overnights visitors (tourists),Thousands,1998,
ZIMBABWE,Same-day visitors (excursionists),Thousands,1998,
AFGHANISTAN,Total trips,Thousands,1999,
AFGHANISTAN,Overnights visitors (tourists),Thousands,1999,
AFGHANISTAN,Same-day visitors (excursionists),Thousands,1999,
ALBANIA,Total trips,Thousands,1999,
ALBANIA,Overnights visitors (tourists),Thousands,1999,
ALBANIA,Same-day visitors (excursionists),Thousands,1999,
ALGERIA,Total trips,Thousands,1999,
ALGERIA,Overnights visitors (tourists),Thousands,1999,
ALGERIA,Same-day visitors (excursionists),Thousands,1999,
AMERICAN SAMOA,Total trips,Thousands,1999,
AMERICAN SAMOA,Overnights visitors (tourists),Thousands,1999,
AMERICAN SAMOA,Same-day visitors (excursionists),Thousands,1999,
ANDORRA,Total trips,Thousands,1999,
ANDORRA,Overnights visitors (tourists),Thousands,1999,
ANDORRA,Same-day visitors (excursionists),Thousands,1999,
ANGOLA,Total trips,Thousands,1999,
ANGOLA,Overnights visitors (tourists),Thousands,1999,
ANGOLA,Same-day visitors (excursionists),Thousands,1999,
ANGUILLA,Total trips,Thousands,1999,
ANGUILLA,Overnights visitors (tourists),Thousands,1999,
ANGUILLA,Same-day visitors (excursionists),Thousands,1999,
ANTIGUA AND BARBUDA,Total trips,Thousands,1999,
ANTIGUA AND BARBUDA,Overnights visitors (tourists),Thousands,1999,
ANTIGUA AND BARBUDA,Same-day visitors (excursionists),Thousands,1999,
ARGENTINA,Total trips,Thousands,1999,
ARGENTINA,Overnights visitors (tourists),Thousands,1999,
ARGENTINA,Same-day visitors (excursionists),Thousands,1999,
ARMENIA,Total trips,Thousands,1999,
ARMENIA,Overnights visitors (tourists),Thousands,1999,
ARMENIA,Same-day visitors (excursionists),Thousands,1999,
ARUBA,Total trips,Thousands,1999,
ARUBA,Overnights visitors (tourists),Thousands,1999,
ARUBA,Same-day visitors (excursionists),Thousands,1999,
AUSTRALIA,Total trips,Thousands,1999,
AUSTRALIA,Overnights visitors (tourists),Thousands,1999,
AUSTRALIA,Same-day visitors (excursionists),Thousands,1999,
AUSTRIA,Total trips,Thousands,1999,
AUSTRIA,Overnights visitors (tourists),Thousands,1999,
AUSTRIA,Same-day visitors (excursionists),Thousands,1999,
AZERBAIJAN,Total trips,Thousands,1999,
AZERBAIJAN,Overnights visitors (tourists),Thousands,1999,
AZERBAIJAN,Same-day visitors (excursionists),Thousands,1999,
BAHAMAS,Total trips,Thousands,1999,
BAHAMAS,Overnights visitors (tourists),Thousands,1999,
BAHAMAS,Same-day visitors (excursionists),Thousands,1999,
BAHRAIN,Total trips,Thousands,1999,
BAHRAIN,Overnights visitors (tourists),Thousands,1999,
BAHRAIN,Same-day visitors (excursionists),Thousands,1999,
BANGLADESH,Total trips,Thousands,1999,
BANGLADESH,Overnights visitors (tourists),Thousands,1999,
BANGLADESH,Same-day visitors (excursionists),Thousands,1999,
BARBADOS,Total trips,Thousands,1999,
BARBADOS,Overnights visitors (tourists),Thousands,1999,
BARBADOS,Same-day visitors (excursionists),Thousands,1999,
BELARUS,Total trips,Thousands,1999,
BELARUS,Overnights visitors (tourists),Thousands,1999,
BELARUS,Same-day visitors (excursionists),Thousands,1999,
BELGIUM,Total trips,Thousands,1999,
BELGIUM,Overnights visitors (tourists),Thousands,1999,
BELGIUM,Same-day visitors (excursionists),Thousands,1999,
BELIZE,Total trips,Thousands,1999,
BELIZE,Overnights visitors (tourists),Thousands,1999,
BELIZE,Same-day visitors (excursionists),Thousands,1999,
BENIN,Total trips,Thousands,1999,
BENIN,Overnights visitors (tourists),Thousands,1999,
BENIN,Same-day visitors (excursionists),Thousands,1999,
BERMUDA,Total trips,Thousands,1999,
BERMUDA,Overnights visitors (tourists),Thousands,1999,
BERMUDA,Same-day visitors (excursionists),Thousands,1999,
BHUTAN,Total trips,Thousands,1999,
BHUTAN,Overnights visitors (tourists),Thousands,1999,
BHUTAN,Same-day visitors (excursionists),Thousands,1999,
"BOLIVIA, PLURINATIONAL STATE OF",Total trips,Thousands,1999,
"BOLIVIA, PLURINATIONAL STATE OF",Overnights visitors (tourists),Thousands,1999,
"BOLIVIA, PLURINATIONAL STATE OF",Same-day visitors (excursionists),Thousands,1999,
BONAIRE,Total trips,Thousands,1999,
BONAIRE,Overnights visitors (tourists),Thousands,1999,
BONAIRE,Same-day visitors (excursionists),Thousands,1999,
BOSNIA AND HERZEGOVINA,Total trips,Thousands,1999,
BOSNIA AND HERZEGOVINA,Overnights visitors (tourists),Thousands,1999,
BOSNIA AND HERZEGOVINA,Same-day visitors (excursionists),Thousands,1999,
BOTSWANA,Total trips,Thousands,1999,
BOTSWANA,Overnights visitors (tourists),Thousands,1999,
BOTSWANA,Same-day visitors (excursionists),Thousands,1999,
BRAZIL,Total trips,Thousands,1999,
BRAZIL,Overnights visitors (tourists),Thousands,1999,
BRAZIL,Same-day visitors (excursionists),Thousands,1999,
BRITISH VIRGIN ISLANDS,Total trips,Thousands,1999,
BRITISH VIRGIN ISLANDS,Overnights visitors (tourists),Thousands,1999,
BRITISH VIRGIN ISLANDS,Same-day visitors (excursionists),Thousands,1999,
BRUNEI DARUSSALAM,Total trips,Thousands,1999,
BRUNEI DARUSSALAM,Overnights visitors (tourists),Thousands,1999,
BRUNEI DARUSSALAM,Same-day visitors (excursionists),Thousands,1999,
BULGARIA,Total trips,Thousands,1999,
BULGARIA,Overnights visitors (tourists),Thousands,1999,
BULGARIA,Same-day visitors (excursionists),Thousands,1999,
BURKINA FASO,Total trips,Thousands,1999,
BURKINA FASO,Overnights visitors (tourists),Thousands,1999,
BURKINA FASO,Same-day visitors (excursionists),Thousands,1999,
BURUNDI,Total trips,Thousands,1999,
BURUNDI,Overnights visitors (tourists),Thousands,1999,
BURUNDI,Same-day visitors (excursionists),Thousands,1999,
CABO VERDE,Total trips,Thousands,1999,
CABO VERDE,Overnights visitors (tourists),Thousands,1999,
CABO VERDE,Same-day visitors (excursionists),Thousands,1999,
CAMBODIA,Total trips,Thousands,1999,
CAMBODIA,Overnights visitors (tourists),Thousands,1999,
CAMBODIA,Same-day visitors (excursionists),Thousands,1999,
CAMEROON,Total trips,Thousands,1999,
CAMEROON,Overnights visitors (tourists),Thousands,1999,
CAMEROON,Same-day visitors (excursionists),Thousands,1999,
CANADA,Total trips,Thousands,1999,
CANADA,Overnights visitors (tourists),Thousands,1999,
CANADA,Same-day visitors (excursionists),Thousands,1999,
CAYMAN ISLANDS,Total trips,Thousands,1999,
CAYMAN ISLANDS,Overnights visitors (tourists),Thousands,1999,
CAYMAN ISLANDS,Same-day visitors (excursionists),Thousands,1999,
CENTRAL AFRICAN REPUBLIC,Total trips,Thousands,1999,
CENTRAL AFRICAN REPUBLIC,Overnights visitors (tourists),Thousands,1999,
CENTRAL AFRICAN REPUBLIC,Same-day visitors (excursionists),Thousands,1999,
CHAD,Total trips,Thousands,1999,
CHAD,Overnights visitors (tourists),Thousands,1999,
CHAD,Same-day visitors (excursionists),Thousands,1999,
CHILE,Total trips,Thousands,1999,
CHILE,Overnights visitors (tourists),Thousands,1999,
CHILE,Same-day visitors (excursionists),Thousands,1999,
CHINA,Total trips,Thousands,1999,
CHINA,Overnights visitors (tourists),Thousands,1999,
CHINA,Same-day visitors (excursionists),Thousands,1999,
COLOMBIA,Total trips,Thousands,1999,
COLOMBIA,Overnights visitors (tourists),Thousands,1999,
COLOMBIA,Same-day visitors (excursionists),Thousands,1999,
COMOROS,Total trips,Thousands,1999,
COMOROS,Overnights visitors (tourists),Thousands,1999,
COMOROS,Same-day visitors (excursionists),Thousands,1999,
CONGO,Total trips,Thousands,1999,
CONGO,Overnights visitors (tourists),Thousands,1999,
CONGO,Same-day visitors (excursionists),Thousands,1999,
"CONGO, DEMOCRATIC REPUBLIC OF THE",Total trips,Thousands,1999,
"CONGO, DEMOCRATIC REPUBLIC OF THE",Overnights visitors (tourists),Thousands,1999,
"CONGO, DEMOCRATIC REPUBLIC OF THE",Same-day visitors (excursionists),Thousands,1999,
COOK ISLANDS,Total trips,Thousands,1999,
COOK ISLANDS,Overnights visitors (tourists),Thousands,1999,
COOK ISLANDS,Same-day visitors (excursionists),Thousands,1999,
COSTA RICA,Total trips,Thousands,1999,
COSTA RICA,Overnights visitors (tourists),Thousands,1999,
COSTA RICA,Same-day visitors (excursionists),Thousands,1999,
COTE D´IVOIRE,Total trips,Thousands,1999,
COTE D´IVOIRE,Overnights visitors (tourists),Thousands,1999,
COTE D´IVOIRE,Same-day visitors (excursionists),Thousands,1999,
CROATIA,Total trips,Thousands,1999,
CROATIA,Overnights visitors (tourists),Thousands,1999,
CROATIA,Same-day visitors (excursionists),Thousands,1999,
CUBA,Total trips,Thousands,1999,
CUBA,Overnights visitors (tourists),Thousands,1999,
CUBA,Same-day visitors (excursionists),Thousands,1999,
CURAÇAO,Total trips,Thousands,1999,
CURAÇAO,Overnights visitors (tourists),Thousands,1999,
CURAÇAO,Same-day visitors (excursionists),Thousands,1999,
CYPRUS,Total trips,Thousands,1999,
CYPRUS,Overnights visitors (tourists),Thousands,1999,
CYPRUS,Same-day visitors (excursionists),Thousands,1999,
CZECH REPUBLIC (CZECHIA),Total trips,Thousands,1999,
CZECH REPUBLIC (CZECHIA),Overnights visitors (tourists),Thousands,1999,
CZECH REPUBLIC (CZECHIA),Same-day visitors (excursionists),Thousands,1999,
DENMARK,Total trips,Thousands,1999,
DENMARK,Overnights visitors (tourists),Thousands,1999,
DENMARK,Same-day visitors (excursionists),Thousands,1999,
DJIBOUTI,Total trips,Thousands,1999,
DJIBOUTI,Overnights visitors (tourists),Thousands,1999,
DJIBOUTI,Same-day visitors (excursionists),Thousands,1999,
DOMINICA,Total trips,Thousands,1999,
DOMINICA,Overnights visitors (tourists),Thousands,1999,
DOMINICA,Same-day visitors (excursionists),Thousands,1999,
DOMINICAN REPUBLIC,Total trips,Thousands,1999,
DOMINICAN REPUBLIC,Overnights visitors (tourists),Thousands,1999,
DOMINICAN REPUBLIC,Same-day visitors (excursionists),Thousands,1999,
ECUADOR,Total trips,Thousands,1999,
ECUADOR,Overnights visitors (tourists),Thousands,1999,
ECUADOR,Same-day visitors (excursionists),Thousands,1999,
EGYPT,Total trips,Thousands,1999,
EGYPT,Overnights visitors (tourists),Thousands,1999,
EGYPT,Same-day visitors (excursionists),Thousands,1999,
EL SALVADOR,Total trips,Thousands,1999,
EL SALVADOR,Overnights visitors (tourists),Thousands,1999,
EL SALVADOR,Same-day visitors (excursionists),Thousands,1999,
EQUATORIAL GUINEA,Total trips,Thousands,1999,
EQUATORIAL GUINEA,Overnights visitors (tourists),Thousands,1999,
EQUATORIAL GUINEA,Same-day visitors (excursionists),Thousands,1999,
ERITREA,Total trips,Thousands,1999,
ERITREA,Overnights visitors (tourists),Thousands,1999,
ERITREA,Same-day visitors (excursionists),Thousands,1999,
ESTONIA,Total trips,Thousands,1999,
ESTONIA,Overnights visitors (tourists),Thousands,1999,
ESTONIA,Same-day visitors (excursionists),Thousands,1999,
ESWATINI,Total trips,Thousands,1999,
ESWATINI,Overnights visitors (tourists),Thousands,1999,
ESWATINI,Same-day visitors (excursionists),Thousands,1999,
ETHIOPIA,Total trips,Thousands,1999,
ETHIOPIA,Overnights visitors (tourists),Thousands,1999,
ETHIOPIA,Same-day visitors (excursionists),Thousands,1999,
FIJI,Total trips,Thousands,1999,
FIJI,Overnights visitors (tourists),Thousands,1999,
FIJI,Same-day visitors (excursionists),Thousands,1999,
FINLAND,Total trips,Thousands,1999,
FINLAND,Overnights visitors (tourists),Thousands,1999,
FINLAND,Same-day visitors (excursionists),Thousands,1999,
FRANCE,Total trips,Thousands,1999,
FRANCE,Overnights visitors (tourists),Thousands,1999,
FRANCE,Same-day visitors (excursionists),Thousands,1999,
FRENCH GUIANA,Total trips,Thousands,1999,
FRENCH GUIANA,Overnights visitors (tourists),Thousands,1999,
FRENCH GUIANA,Same-day visitors (excursionists),Thousands,1999,
FRENCH POLYNESIA,Total trips,Thousands,1999,
FRENCH POLYNESIA,Overnights visitors (tourists),Thousands,1999,
FRENCH POLYNESIA,Same-day visitors (excursionists),Thousands,1999,
GABON,Total trips,Thousands,1999,
GABON,Overnights visitors (tourists),Thousands,1999,
GABON,Same-day visitors (excursionists),Thousands,1999,
GAMBIA,Total trips,Thousands,1999,
GAMBIA,Overnights visitors (tourists),Thousands,1999,
GAMBIA,Same-day visitors (excursionists),Thousands,1999,
GEORGIA,Total trips,Thousands,1999,
GEORGIA,Overnights visitors (tourists),Thousands,1999,
GEORGIA,Same-day visitors (excursionists),Thousands,1999,
GERMANY,Total trips,Thousands,1999,
GERMANY,Overnights visitors (tourists),Thousands,1999,
GERMANY,Same-day visitors (excursionists),Thousands,1999,
GHANA,Total trips,Thousands,1999,
GHANA,Overnights visitors (tourists),Thousands,1999,
GHANA,Same-day visitors (excursionists),Thousands,1999,
GREECE,Total trips,Thousands,1999,
GREECE,Overnights visitors (tourists),Thousands,1999,
GREECE,Same-day visitors (excursionists),Thousands,1999,
GRENADA,Total trips,Thousands,1999,
GRENADA,Overnights visitors (tourists),Thousands,1999,
GRENADA,Same-day visitors (excursionists),Thousands,1999,
GUADELOUPE,Total trips,Thousands,1999,
GUADELOUPE,Overnights visitors (tourists),Thousands,1999,
GUADELOUPE,Same-day visitors (excursionists),Thousands,1999,
GUAM,Total trips,Thousands,1999,
GUAM,Overnights visitors (tourists),Thousands,1999,
GUAM,Same-day visitors (excursionists),Thousands,1999,
GUATEMALA,Total trips,Thousands,1999,
GUATEMALA,Overnights visitors (tourists),Thousands,1999,
GUATEMALA,Same-day visitors (excursionists),Thousands,1999,
GUINEA,Total trips,Thousands,1999,
GUINEA,Overnights visitors (tourists),Thousands,1999,
GUINEA,Same-day visitors (excursionists),Thousands,1999,
GUINEA-BISSAU,Total trips,Thousands,1999,
GUINEA-BISSAU,Overnights visitors (tourists),Thousands,1999,
GUINEA-BISSAU,Same-day visitors (excursionists),Thousands,1999,
GUYANA,Total trips,Thousands,1999,
GUYANA,Overnights visitors (tourists),Thousands,1999,
GUYANA,Same-day visitors (excursionists),Thousands,1999,
HAITI,Total trips,Thousands,1999,
HAITI,Overnights visitors (tourists),Thousands,1999,
HAITI,Same-day visitors (excursionists),Thousands,1999,
HONDURAS,Total trips,Thousands,1999,
HONDURAS,Overnights visitors (tourists),Thousands,1999,
HONDURAS,Same-day visitors (excursionists),Thousands,1999,
"HONG KONG, CHINA",Total trips,Thousands,1999,
"HONG KONG, CHINA",Overnights visitors (tourists),Thousands,1999,
"HONG KONG, CHINA",Same-day visitors (excursionists),Thousands,1999,
HUNGARY,Total trips,Thousands,1999,
HUNGARY,Overnights visitors (tourists),Thousands,1999,
HUNGARY,Same-day visitors (excursionists),Thousands,1999,
ICELAND,Total trips,Thousands,1999,
ICELAND,Overnights visitors (tourists),Thousands,1999,
ICELAND,Same-day visitors (excursionists),Thousands,1999,
INDIA,Total trips,Thousands,1999,
INDIA,Overnights visitors (tourists),Thousands,1999,
INDIA,Same-day visitors (excursionists),Thousands,1999,
INDONESIA,Total trips,Thousands,1999,
INDONESIA,Overnights visitors (tourists),Thousands,1999,
INDONESIA,Same-day visitors (excursionists),Thousands,1999,
"IRAN, ISLAMIC REPUBLIC OF",Total trips,Thousands,1999,
"IRAN, ISLAMIC REPUBLIC OF",Overnights visitors (tourists),Thousands,1999,
"IRAN, ISLAMIC REPUBLIC OF",Same-day visitors (excursionists),Thousands,1999,
IRAQ,Total trips,Thousands,1999,
IRAQ,Overnights visitors (tourists),Thousands,1999,
IRAQ,Same-day visitors (excursionists),Thousands,1999,
IRELAND,Total trips,Thousands,1999,
IRELAND,Overnights visitors (tourists),Thousands,1999,
IRELAND,Same-day visitors (excursionists),Thousands,1999,
ISRAEL,Total trips,Thousands,1999,
ISRAEL,Overnights visitors (tourists),Thousands,1999,
ISRAEL,Same-day visitors (excursionists),Thousands,1999,
ITALY,Total trips,Thousands,1999,
ITALY,Overnights visitors (tourists),Thousands,1999,
ITALY,Same-day visitors (excursionists),Thousands,1999,
JAMAICA,Total trips,Thousands,1999,
JAMAICA,Overnights visitors (tourists),Thousands,1999,
JAMAICA,Same-day visitors (excursionists),Thousands,1999,
JAPAN,Total trips,Thousands,1999,
JAPAN,Overnights visitors (tourists),Thousands,1999,
JAPAN,Same-day visitors (excursionists),Thousands,1999,
JORDAN,Total trips,Thousands,1999,
JORDAN,Overnights visitors (tourists),Thousands,1999,
JORDAN,Same-day visitors (excursionists),Thousands,1999,
KAZAKHSTAN,Total trips,Thousands,1999,
KAZAKHSTAN,Overnights visitors (tourists),Thousands,1999,
KAZAKHSTAN,Same-day visitors (excursionists),Thousands,1999,
KENYA,Total trips,Thousands,1999,
KENYA,Overnights visitors (tourists),Thousands,1999,
KENYA,Same-day visitors (excursionists),Thousands,1999,
KIRIBATI,Total trips,Thousands,1999,
KIRIBATI,Overnights visitors (tourists),Thousands,1999,
KIRIBATI,Same-day visitors (excursionists),Thousands,1999,
"KOREA, DEMOCRATIC PEOPLE´S REPUBLIC OF",Total trips,Thousands,1999,
"KOREA, DEMOCRATIC PEOPLE´S REPUBLIC OF",Overnights visitors (tourists),Thousands,1999,
"KOREA, DEMOCRATIC PEOPLE´S REPUBLIC OF",Same-day visitors (excursionists),Thousands,1999,
"KOREA, REPUBLIC OF",Total trips,Thousands,1999,
"KOREA, REPUBLIC OF",Overnights visitors (tourists),Thousands,1999,
"KOREA, REPUBLIC OF",Same-day visitors (excursionists),Thousands,1999,
KUWAIT,Total trips,Thousands,1999,
KUWAIT,Overnights visitors (tourists),Thousands,1999,
KUWAIT,Same-day visitors (excursionists),Thousands,1999,
KYRGYZSTAN,Total trips,Thousands,1999,
KYRGYZSTAN,Overnights visitors (tourists),Thousands,1999,
KYRGYZSTAN,Same-day visitors (excursionists),Thousands,1999,
LAO PEOPLE´S DEMOCRATIC REPUBLIC,Total trips,Thousands,1999,
LAO PEOPLE´S DEMOCRATIC REPUBLIC,Overnights visitors (tourists),Thousands,1999,
LAO PEOPLE´S DEMOCRATIC REPUBLIC,Same-day visitors (excursionists),Thousands,1999,
LATVIA,Total trips,Thousands,1999,
LATVIA,Overnights visitors (tourists),Thousands,1999,
LATVIA,Same-day visitors (excursionists),Thousands,1999,
LEBANON,Total trips,Thousands,1999,
LEBANON,Overnights visitors (tourists),Thousands,1999,
LEBANON,Same-day visitors (excursionists),Thousands,1999,
LESOTHO,Total trips,Thousands,1999,
LESOTHO,Overnights visitors (tourists),Thousands,1999,
LESOTHO,Same-day visitors (excursionists),Thousands,1999,
LIBERIA,Total trips,Thousands,1999,
LIBERIA,Overnights visitors (tourists),Thousands,1999,
LIBERIA,Same-day visitors (excursionists),Thousands,1999,
LIBYA,Total trips,Thousands,1999,
LIBYA,Overnights visitors (tourists),Thousands,1999,
LIBYA,Same-day visitors (excursionists),Thousands,1999,
LIECHTENSTEIN,Total trips,Thousands,1999,
LIECHTENSTEIN,Overnights visitors (tourists),Thousands,1999,
LIECHTENSTEIN,Same-day visitors (excursionists),Thousands,1999,
LITHUANIA,Total trips,Thousands,1999,
LITHUANIA,Overnights visitors (tourists),Thousands,1999,
LITHUANIA,Same-day visitors (excursionists),Thousands,1999,
LUXEMBOURG,Total trips,Thousands,1999,
LUXEMBOURG,Overnights visitors (tourists),Thousands,1999,
LUXEMBOURG,Same-day visitors (excursionists),Thousands,1999,
"MACAO, CHINA",Total trips,Thousands,1999,
"MACAO, CHINA",Overnights visitors (tourists),Thousands,1999,
"MACAO, CHINA",Same-day visitors (excursionists),Thousands,1999,
MADAGASCAR,Total trips,Thousands,1999,
MADAGASCAR,Overnights visitors (tourists),Thousands,1999,
MADAGASCAR,Same-day visitors (excursionists),Thousands,1999,
MALAWI,Total trips,Thousands,1999,
MALAWI,Overnights visitors (tourists),Thousands,1999,
MALAWI,Same-day visitors (excursionists),Thousands,1999,
MALAYSIA,Total trips,Thousands,1999,
MALAYSIA,Overnights visitors (tourists),Thousands,1999,
MALAYSIA,Same-day visitors (excursionists),Thousands,1999,
MALDIVES,Total trips,Thousands,1999,
MALDIVES,Overnights visitors (tourists),Thousands,1999,
MALDIVES,Same-day visitors (excursionists),Thousands,1999,
MALI,Total trips,Thousands,1999,
MALI,Overnights visitors (tourists),Thousands,1999,
MALI,Same-day visitors (excursionists),Thousands,1999,
MALTA,Total trips,Thousands,1999,
MALTA,Overnights visitors (tourists),Thousands,1999,
MALTA,Same-day visitors (excursionists),Thousands,1999,
MARSHALL ISLANDS,Total trips,Thousands,1999,
MARSHALL ISLANDS,Overnights visitors (tourists),Thousands,1999,
MARSHALL ISLANDS,Same-day visitors (excursionists),Thousands,1999,
MARTINIQUE,Total trips,Thousands,1999,
MARTINIQUE,Overnights visitors (tourists),Thousands,1999,
MARTINIQUE,Same-day visitors (excursionists),Thousands,1999,
MAURITANIA,Total trips,Thousands,1999,
MAURITANIA,Overnights visitors (tourists),Thousands,1999,
MAURITANIA,Same-day visitors (excursionists),Thousands,1999,
MAURITIUS,Total trips,Thousands,1999,
MAURITIUS,Overnights visitors (tourists),Thousands,1999,
MAURITIUS,Same-day visitors (excursionists),Thousands,1999,
MEXICO,Total trips,Thousands,1999,
MEXICO,Overnights visitors (tourists),Thousands,1999,
MEXICO,Same-day visitors (excursionists),Thousands,1999,
"MICRONESIA, FEDERATED STATES OF",Total trips,Thousands,1999,
"MICRONESIA, FEDERATED STATES OF",Overnights visitors (tourists),Thousands,1999,
"MICRONESIA, FEDERATED STATES OF",Same-day visitors (excursionists),Thousands,1999,
"MOLDOVA, REPUBLIC OF",Total trips,Thousands,1999,
"MOLDOVA, REPUBLIC OF",Overnights visitors (tourists),Thousands,1999,
"MOLDOVA, REPUBLIC OF",Same-day visitors (excursionists),Thousands,1999,
MONACO,Total trips,Thousands,1999,
MONACO,Overnights visitors (tourists),Thousands,1999,
MONACO,Same-day visitors (excursionists),Thousands,1999,
MONGOLIA,Total trips,Thousands,1999,
MONGOLIA,Overnights visitors (tourists),Thousands,1999,
MONGOLIA,Same-day visitors (excursionists),Thousands,1999,
MONTENEGRO,Total trips,Thousands,1999,
MONTENEGRO,Overnights visitors (tourists),Thousands,1999,
MONTENEGRO,Same-day visitors (excursionists),Thousands,1999,
MONTSERRAT,Total trips,Thousands,1999,
MONTSERRAT,Overnights visitors (tourists),Thousands,1999,
MONTSERRAT,Same-day visitors (excursionists),Thousands,1999,
MOROCCO,Total trips,Thousands,1999,
MOROCCO,Overnights visitors (tourists),Thousands,1999,
MOROCCO,Same-day visitors (excursionists),Thousands,1999,
MOZAMBIQUE,Total trips,Thousands,1999,
MOZAMBIQUE,Overnights visitors (tourists),Thousands,1999,
MOZAMBIQUE,Same-day visitors (excursionists),Thousands,1999,
MYANMAR,Total trips,Thousands,1999,
MYANMAR,Overnights visitors (tourists),Thousands,1999,
MYANMAR,Same-day visitors (excursionists),Thousands,1999,
NAMIBIA,Total trips,Thousands,1999,
NAMIBIA,Overnights visitors (tourists),Thousands,1999,
NAMIBIA,Same-day visitors (excursionists),Thousands,1999,
NAURU,Total trips,Thousands,1999,
NAURU,Overnights visitors (tourists),Thousands,1999,
NAURU,Same-day visitors (excursionists),Thousands,1999,
NEPAL,Total trips,Thousands,1999,
NEPAL,Overnights visitors (tourists),Thousands,1999,
NEPAL,Same-day visitors (excursionists),Thousands,1999,
NETHERLANDS,Total trips,Thousands,1999,
NETHERLANDS,Overnights visitors (tourists),Thousands,1999,
NETHERLANDS,Same-day visitors (excursionists),Thousands,1999,
NEW CALEDONIA,Total trips,Thousands,1999,
NEW CALEDONIA,Overnights visitors (tourists),Thousands,1999,
NEW CALEDONIA,Same-day visitors (excursionists),Thousands,1999,
NEW ZEALAND,Total trips,Thousands,1999,
NEW ZEALAND,Overnights visitors (tourists),Thousands,1999,
NEW ZEALAND,Same-day visitors (excursionists),Thousands,1999,
NICARAGUA,Total trips,Thousands,1999,
NICARAGUA,Overnights visitors (tourists),Thousands,1999,
NICARAGUA,Same-day visitors (excursionists),Thousands,1999,
NIGER,Total trips,Thousands,1999,
NIGER,Overnights visitors (tourists),Thousands,1999,
NIGER,Same-day visitors (excursionists),Thousands,1999,
NIGERIA,Total trips,Thousands,1999,
NIGERIA,Overnights visitors (tourists),Thousands,1999,
NIGERIA,Same-day visitors (excursionists),Thousands,1999,
NIUE,Total trips,Thousands,1999,
NIUE,Overnights visitors (tourists),Thousands,1999,
NIUE,Same-day visitors (excursionists),Thousands,1999,
NORTH MACEDONIA,Total trips,Thousands,1999,
NORTH MACEDONIA,Overnights visitors (tourists),Thousands,1999,
NORTH MACEDONIA,Same-day visitors (excursionists),Thousands,1999,
NORTHERN MARIANA ISLANDS,Total trips,Thousands,1999,
NORTHERN MARIANA ISLANDS,Overnights visitors (tourists),Thousands,1999,
NORTHERN MARIANA ISLANDS,Same-day visitors (excursionists),Thousands,1999,
NORWAY,Total trips,Thousands,1999,
NORWAY,Overnights visitors (tourists),Thousands,1999,
NORWAY,Same-day visitors (excursionists),Thousands,1999,
OMAN,Total trips,Thousands,1999,
OMAN,Overnights visitors (tourists),Thousands,1999,
OMAN,Same-day visitors (excursionists),Thousands,1999,
PAKISTAN,Total trips,Thousands,1999,
PAKISTAN,Overnights visitors (tourists),Thousands,1999,
PAKISTAN,Same-day visitors (excursionists),Thousands,1999,
PALAU,Total trips,Thousands,1999,
PALAU,Overnights visitors (tourists),Thousands,1999,
PALAU,Same-day visitors (excursionists),Thousands,1999,
PANAMA,Total trips,Thousands,1999,
PANAMA,Overnights visitors (tourists),Thousands,1999,
PANAMA,Same-day visitors (excursionists),Thousands,1999,
PAPUA NEW GUINEA,Total trips,Thousands,1999,
PAPUA NEW GUINEA,Overnights visitors (tourists),Thousands,1999,
PAPUA NEW GUINEA,Same-day visitors (excursionists),Thousands,1999,
PARAGUAY,Total trips,Thousands,1999,
PARAGUAY,Overnights visitors (tourists),Thousands,1999,
PARAGUAY,Same-day visitors (excursionists),Thousands,1999,
PERU,Total trips,Thousands,1999,
PERU,Overnights visitors (tourists),Thousands,1999,
PERU,Same-day visitors (excursionists),Thousands,1999,
PHILIPPINES,Total trips,Thousands,1999,
PHILIPPINES,Overnights visitors (tourists),Thousands,1999,
PHILIPPINES,Same-day visitors (excursionists),Thousands,1999,
POLAND,Total trips,Thousands,1999,
POLAND,Overnights visitors (tourists),Thousands,1999,
POLAND,Same-day visitors (excursionists),Thousands,1999,
PORTUGAL,Total trips,Thousands,1999,
PORTUGAL,Overnights visitors (tourists),Thousands,1999,
PORTUGAL,Same-day visitors (excursionists),Thousands,1999,
PUERTO RICO,Total trips,Thousands,1999,
PUERTO RICO,Overnights visitors (tourists),Thousands,1999,
PUERTO RICO,Same-day visitors (excursionists),Thousands,1999,
QATAR,Total trips,Thousands,1999,
QATAR,Overnights visitors (tourists),Thousands,1999,
QATAR,Same-day visitors (excursionists),Thousands,1999,
REUNION,Total trips,Thousands,1999,
REUNION,Overnights visitors (tourists),Thousands,1999,
REUNION,Same-day visitors (excursionists),Thousands,1999,
ROMANIA,Total trips,Thousands,1999,
ROMANIA,Overnights visitors (tourists),Thousands,1999,
ROMANIA,Same-day visitors (excursionists),Thousands,1999,
RUSSIAN FEDERATION,Total trips,Thousands,1999,
RUSSIAN FEDERATION,Overnights visitors (tourists),Thousands,1999,
RUSSIAN FEDERATION,Same-day visitors (excursionists),Thousands,1999,
RWANDA,Total trips,Thousands,1999,
RWANDA,Overnights visitors (tourists),Thousands,1999,
RWANDA,Same-day visitors (excursionists),Thousands,1999,
SABA,Total trips,Thousands,1999,
SABA,Overnights visitors (tourists),Thousands,1999,
SABA,Same-day visitors (excursionists),Thousands,1999,
SAINT KITTS AND NEVIS,Total trips,Thousands,1999,
SAINT KITTS AND NEVIS,Overnights visitors (tourists),Thousands,1999,
SAINT KITTS AND NEVIS,Same-day visitors (excursionists),Thousands,1999,
SAINT LUCIA,Total trips,Thousands,1999,
SAINT LUCIA,Overnights visitors (tourists),Thousands,1999,
SAINT LUCIA,Same-day visitors (excursionists),Thousands,1999,
SAINT VINCENT AND THE GRENADINES,Total trips,Thousands,1999,
SAINT VINCENT AND THE GRENADINES,Overnights visitors (tourists),Thousands,1999,
SAINT VINCENT AND THE GRENADINES,Same-day visitors (excursionists),Thousands,1999,
SAMOA,Total trips,Thousands,1999,
SAMOA,Overnights visitors (tourists),Thousands,1999,
SAMOA,Same-day visitors (excursionists),Thousands,1999,
SAN MARINO,Total trips,Thousands,1999,
SAN MARINO,Overnights visitors (tourists),Thousands,1999,
SAN MARINO,Same-day visitors (excursionists),Thousands,1999,
SAO TOME AND PRINCIPE,Total trips,Thousands,1999,
SAO TOME AND PRINCIPE,Overnights visitors (tourists),Thousands,1999,
SAO TOME AND PRINCIPE,Same-day visitors (excursionists),Thousands,1999,
SAUDI ARABIA,Total trips,Thousands,1999,
SAUDI ARABIA,Overnights visitors (tourists),Thousands,1999,
SAUDI ARABIA,Same-day visitors (excursionists),Thousands,1999,
SENEGAL,Total trips,Thousands,1999,
SENEGAL,Overnights visitors (tourists),Thousands,1999,
SENEGAL,Same-day visitors (excursionists),Thousands,1999,
SERBIA,Total trips,Thousands,1999,
SERBIA,Overnights visitors (tourists),Thousands,1999,
SERBIA,Same-day visitors (excursionists),Thousands,1999,
SERBIA AND MONTENEGRO,Total trips,Thousands,1999,
SERBIA AND MONTENEGRO,Overnights visitors (tourists),Thousands,1999,
SERBIA AND MONTENEGRO,Same-day visitors (excursionists),Thousands,1999,
SEYCHELLES,Total trips,Thousands,1999,
SEYCHELLES,Overnights visitors (tourists),Thousands,1999,
SEYCHELLES,Same-day visitors (excursionists),Thousands,1999,
SIERRA LEONE,Total trips,Thousands,1999,
SIERRA LEONE,Overnights visitors (tourists),Thousands,1999,
SIERRA LEONE,Same-day visitors (excursionists),Thousands,1999,
SINGAPORE,Total trips,Thousands,1999,
SINGAPORE,Overnights visitors (tourists),Thousands,1999,
SINGAPORE,Same-day visitors (excursionists),Thousands,1999,
SINT EUSTATIUS,Total trips,Thousands,1999,
SINT EUSTATIUS,Overnights visitors (tourists),Thousands,1999,
SINT EUSTATIUS,Same-day visitors (excursionists),Thousands,1999,
SINT MAARTEN (DUTCH PART),Total trips,Thousands,1999,
SINT MAARTEN (DUTCH PART),Overnights visitors (tourists),Thousands,1999,
SINT MAARTEN (DUTCH PART),Same-day visitors (excursionists),Thousands,1999,
SLOVAKIA,Total trips,Thousands,1999,
SLOVAKIA,Overnights visitors (tourists),Thousands,1999,
SLOVAKIA,Same-day visitors (excursionists),Thousands,1999,
SLOVENIA,Total trips,Thousands,1999,
SLOVENIA,Overnights visitors (tourists),Thousands,1999,
SLOVENIA,Same-day visitors (excursionists),Thousands,1999,
SOLOMON ISLANDS,Total trips,Thousands,1999,
SOLOMON ISLANDS,Overnights visitors (tourists),Thousands,1999,
SOLOMON ISLANDS,Same-day visitors (excursionists),Thousands,1999,
SOMALIA,Total trips,Thousands,1999,
SOMALIA,Overnights visitors (tourists),Thousands,1999,
SOMALIA,Same-day visitors (excursionists),Thousands,1999,
SOUTH AFRICA,Total trips,Thousands,1999,
SOUTH AFRICA,Overnights visitors (tourists),Thousands,1999,
SOUTH AFRICA,Same-day visitors (excursionists),Thousands,1999,
SOUTH SUDAN,Total trips,Thousands,1999,
SOUTH SUDAN,Overnights visitors (tourists),Thousands,1999,
SOUTH SUDAN,Same-day visitors (excursionists),Thousands,1999,
SPAIN,Total trips,Thousands,1999,
SPAIN,Overnights visitors (tourists),Thousands,1999,
SPAIN,Same-day visitors (excursionists),Thousands,1999,
SRI LANKA,Total trips,Thousands,1999,
SRI LANKA,Overnights visitors (tourists),Thousands,1999,
SRI LANKA,Same-day visitors (excursionists),Thousands,1999,
STATE OF PALESTINE,Total trips,Thousands,1999,
STATE OF PALESTINE,Overnights visitors (tourists),Thousands,1999,
STATE OF PALESTINE,Same-day visitors (excursionists),Thousands,1999,
SUDAN,Total trips,Thousands,1999,
SUDAN,Overnights visitors (tourists),Thousands,1999,
SUDAN,Same-day visitors (excursionists),Thousands,1999,
SURINAME,Total trips,Thousands,1999,
SURINAME,Overnights visitors (tourists),Thousands,1999,
SURINAME,Same-day visitors (excursionists),Thousands,1999,
SWEDEN,Total trips,Thousands,1999,
SWEDEN,Overnights visitors (tourists),Thousands,1999,
SWEDEN,Same-day visitors (excursionists),Thousands,1999,
SWITZERLAND,Total trips,Thousands,1999,
SWITZERLAND,Overnights visitors (tourists),Thousands,1999,
SWITZERLAND,Same-day visitors (excursionists),Thousands,1999,
SYRIAN ARAB REPUBLIC,Total trips,Thousands,1999,
SYRIAN ARAB REPUBLIC,Overnights visitors (tourists),Thousands,1999,
SYRIAN ARAB REPUBLIC,Same-day visitors (excursionists),Thousands,1999,
TAIWAN PROVINCE OF CHINA,Total trips,Thousands,1999,
TAIWAN PROVINCE OF CHINA,Overnights visitors (tourists),Thousands,1999,
TAIWAN PROVINCE OF CHINA,Same-day visitors (excursionists),Thousands,1999,
TAJIKISTAN,Total trips,Thousands,1999,
TAJIKISTAN,Overnights visitors (tourists),Thousands,1999,
TAJIKISTAN,Same-day visitors (excursionists),Thousands,1999,
"TANZANIA, UNITED REPUBLIC OF",Total trips,Thousands,1999,
"TANZANIA, UNITED REPUBLIC OF",Overnights visitors (tourists),Thousands,1999,
"TANZANIA, UNITED REPUBLIC OF",Same-day visitors (excursionists),Thousands,1999,
THAILAND,Total trips,Thousands,1999,
THAILAND,Overnights visitors (tourists),Thousands,1999,
THAILAND,Same-day visitors (excursionists),Thousands,1999,
TIMOR-LESTE,Total trips,Thousands,1999,
TIMOR-LESTE,Overnights visitors (tourists),Thousands,1999,
TIMOR-LESTE,Same-day visitors (excursionists),Thousands,1999,
TOGO,Total trips,Thousands,1999,
TOGO,Overnights visitors (tourists),Thousands,1999,
TOGO,Same-day visitors (excursionists),Thousands,1999,
TONGA,Total trips,Thousands,1999,
TONGA,Overnights visitors (tourists),Thousands,1999,
TONGA,Same-day visitors (excursionists),Thousands,1999,
TRINIDAD AND TOBAGO,Total trips,Thousands,1999,
TRINIDAD AND TOBAGO,Overnights visitors (tourists),Thousands,1999,
TRINIDAD AND TOBAGO,Same-day visitors (excursionists),Thousands,1999,
TUNISIA,Total trips,Thousands,1999,
TUNISIA,Overnights visitors (tourists),Thousands,1999,
TUNISIA,Same-day visitors (excursionists),Thousands,1999,
TÜRKIYE,Total trips,Thousands,1999,
TÜRKIYE,Overnights visitors (tourists),Thousands,1999,
TÜRKIYE,Same-day visitors (excursionists),Thousands,1999,
TURKMENISTAN,Total trips,Thousands,1999,
TURKMENISTAN,Overnights visitors (tourists),Thousands,1999,
TURKMENISTAN,Same-day visitors (excursionists),Thousands,1999,
TURKS AND CAICOS ISLANDS,Total trips,Thousands,1999,
TURKS AND CAICOS ISLANDS,Overnights visitors (tourists),Thousands,1999,
TURKS AND CAICOS ISLANDS,Same-day visitors (excursionists),Thousands,1999,
TUVALU,Total trips,Thousands,1999,
TUVALU,Overnights visitors (tourists),Thousands,1999,
TUVALU,Same-day visitors (excursionists),Thousands,1999,
UGANDA,Total trips,Thousands,1999,
UGANDA,Overnights visitors (tourists),Thousands,1999,
UGANDA,Same-day visitors (excursionists),Thousands,1999,
UKRAINE,Total trips,Thousands,1999,
UKRAINE,Overnights visitors (tourists),Thousands,1999,
UKRAINE,Same-day visitors (excursionists),Thousands,1999,
UNITED ARAB EMIRATES,Total trips,Thousands,1999,
UNITED ARAB EMIRATES,Overnights visitors (tourists),Thousands,1999,
UNITED ARAB EMIRATES,Same-day visitors (excursionists),Thousands,1999,
UNITED KINGDOM,Total trips,Thousands,1999,
UNITED KINGDOM,Overnights visitors (tourists),Thousands,1999,
UNITED KINGDOM,Same-day visitors (excursionists),Thousands,1999,
UNITED STATES OF AMERICA,Total trips,Thousands,1999,
UNITED STATES OF AMERICA,Overnights visitors (tourists),Thousands,1999,
UNITED STATES OF AMERICA,Same-day visitors (excursionists),Thousands,1999,
UNITED STATES VIRGIN ISLANDS,Total trips,Thousands,1999,
UNITED STATES VIRGIN ISLANDS,Overnights visitors (tourists),Thousands,1999,
UNITED STATES VIRGIN ISLANDS,Same-day visitors (excursionists),Thousands,1999,
URUGUAY,Total trips,Thousands,1999,
URUGUAY,Overnights visitors (tourists),Thousands,1999,
URUGUAY,Same-day visitors (excursionists),Thousands,1999,
UZBEKISTAN,Total trips,Thousands,1999,
UZBEKISTAN,Overnights visitors (tourists),Thousands,1999,
UZBEKISTAN,Same-day visitors (excursionists),Thousands,1999,
VANUATU,Total trips,Thousands,1999,
VANUATU,Overnights visitors (tourists),Thousands,1999,
VANUATU,Same-day visitors (excursionists),Thousands,1999,
"VENEZUELA, BOLIVARIAN REPUBLIC OF",Total trips,Thousands,1999,
"VENEZUELA, BOLIVARIAN REPUBLIC OF",Overnights visitors (tourists),Thousands,1999,
"VENEZUELA, BOLIVARIAN REPUBLIC OF",Same-day visitors (excursionists),Thousands,1999,
VIET NAM,Total trips,Thousands,1999,
VIET NAM,Overnights visitors (tourists),Thousands,1999,
VIET NAM,Same-day visitors (excursionists),Thousands,1999,
YEMEN,Total trips,Thousands,1999,
YEMEN,Overnights visitors (tourists),Thousands,1999,
YEMEN,Same-day visitors (excursionists),Thousands,1999,
ZAMBIA,Total trips,Thousands,1999,
ZAMBIA,Overnights visitors (tourists),Thousands,1999,
ZAMBIA,Same-day visitors (excursionists),Thousands,1999,
ZIMBABWE,Total trips,Thousands,1999,
ZIMBABWE,Overnights visitors (tourists),Thousands,1999,
ZIMBABWE,Same-day visitors (excursionists),Thousands,1999,
AFGHANISTAN,Total trips,Thousands,2000,
AFGHANISTAN,Overnights visitors (tourists),Thousands,2000,
AFGHANISTAN,Same-day visitors (excursionists),Thousands,2000,
ALBANIA,Total trips,Thousands,2000,
ALBANIA,Overnights visitors (tourists),Thousands,2000,
ALBANIA,Same-day visitors (excursionists),Thousands,2000,
ALGERIA,Total trips,Thousands,2000,
ALGERIA,Overnights visitors (tourists),Thousands,2000,
ALGERIA,Same-day visitors (excursionists),Thousands,2000,
AMERICAN SAMOA,Total trips,Thousands,2000,
AMERICAN SAMOA,Overnights visitors (tourists),Thousands,2000,
AMERICAN SAMOA,Same-day visitors (excursionists),Thousands,2000,
ANDORRA,Total trips,Thousands,2000,
ANDORRA,Overnights visitors (tourists),Thousands,2000,
ANDORRA,Same-day visitors (excursionists),Thousands,2000,
ANGOLA,Total trips,Thousands,2000,
ANGOLA,Overnights visitors (tourists),Thousands,2000,
ANGOLA,Same-day visitors (excursionists),Thousands,2000,
ANGUILLA,Total trips,Thousands,2000,
ANGUILLA,Overnights visitors (tourists),Thousands,2000,
ANGUILLA,Same-day visitors (excursionists),Thousands,2000,
ANTIGUA AND BARBUDA,Total trips,Thousands,2000,
ANTIGUA AND BARBUDA,Overnights visitors (tourists),Thousands,2000,
ANTIGUA AND BARBUDA,Same-day visitors (excursionists),Thousands,2000,
ARGENTINA,Total trips,Thousands,2000,
ARGENTINA,Overnights visitors (tourists),Thousands,2000,
ARGENTINA,Same-day visitors (excursionists),Thousands,2000,
ARMENIA,Total trips,Thousands,2000,
ARMENIA,Overnights visitors (tourists),Thousands,2000,
ARMENIA,Same-day visitors (excursionists),Thousands,2000,
ARUBA,Total trips,Thousands,2000,
ARUBA,Overnights visitors (tourists),Thousands,2000,
ARUBA,Same-day visitors (excursionists),Thousands,2000,
AUSTRALIA,Total trips,Thousands,2000,
AUSTRALIA,Overnights visitors (tourists),Thousands,2000,
AUSTRALIA,Same-day visitors (excursionists),Thousands,2000,
AUSTRIA,Total trips,Thousands,2000,
AUSTRIA,Overnights visitors (tourists),Thousands,2000,
AUSTRIA,Same-day visitors (excursionists),Thousands,2000,
AZERBAIJAN,Total trips,Thousands,2000,
AZERBAIJAN,Overnights visitors (tourists),Thousands,2000,
AZERBAIJAN,Same-day visitors (excursionists),Thousands,2000,
BAHAMAS,Total trips,Thousands,2000,
BAHAMAS,Overnights visitors (tourists),Thousands,2000,
BAHAMAS,Same-day visitors (excursionists),Thousands,2000,
BAHRAIN,Total trips,Thousands,2000,
BAHRAIN,Overnights visitors (tourists),Thousands,2000,
BAHRAIN,Same-day visitors (excursionists),Thousands,2000,
BANGLADESH,Total trips,Thousands,2000,
BANGLADESH,Overnights visitors (tourists),Thousands,2000,
BANGLADESH,Same-day visitors (excursionists),Thousands,2000,
BARBADOS,Total trips,Thousands,2000,
BARBADOS,Overnights visitors (tourists),Thousands,2000,
BARBADOS,Same-day visitors (excursionists),Thousands,2000,
BELARUS,Total trips,Thousands,2000,
BELARUS,Overnights visitors (tourists),Thousands,2000,
BELARUS,Same-day visitors (excursionists),Thousands,2000,
BELGIUM,Total trips,Thousands,2000,
BELGIUM,Overnights visitors (tourists),Thousands,2000,
BELGIUM,Same-day visitors (excursionists),Thousands,2000,
BELIZE,Total trips,Thousands,2000,
BELIZE,Overnights visitors (tourists),Thousands,2000,
BELIZE,Same-day visitors (excursionists),Thousands,2000,
BENIN,Total trips,Thousands,2000,
BENIN,Overnights visitors (tourists),Thousands,2000,
BENIN,Same-day visitors (excursionists),Thousands,2000,
BERMUDA,Total trips,Thousands,2000,
BERMUDA,Overnights visitors (tourists),Thousands,2000,
BERMUDA,Same-day visitors (excursionists),Thousands,2000,
BHUTAN,Total trips,Thousands,2000,
BHUTAN,Overnights visitors (tourists),Thousands,2000,
BHUTAN,Same-day visitors (excursionists),Thousands,2000,
"BOLIVIA, PLURINATIONAL STATE OF",Total trips,Thousands,2000,
"BOLIVIA, PLURINATIONAL STATE OF",Overnights visitors (tourists),Thousands,2000,
"BOLIVIA, PLURINATIONAL STATE OF",Same-day visitors (excursionists),Thousands,2000,
BONAIRE,Total trips,Thousands,2000,
BONAIRE,Overnights visitors (tourists),Thousands,2000,
BONAIRE,Same-day visitors (excursionists),Thousands,2000,
BOSNIA AND HERZEGOVINA,Total trips,Thousands,2000,
BOSNIA AND HERZEGOVINA,Overnights visitors (tourists),Thousands,2000,
BOSNIA AND HERZEGOVINA,Same-day visitors (excursionists),Thousands,2000,
BOTSWANA,Total trips,Thousands,2000,
BOTSWANA,Overnights visitors (tourists),Thousands,2000,
BOTSWANA,Same-day visitors (excursionists),Thousands,2000,
BRAZIL,Total trips,Thousands,2000,
BRAZIL,Overnights visitors (tourists),Thousands,2000,
BRAZIL,Same-day visitors (excursionists),Thousands,2000,
BRITISH VIRGIN ISLANDS,Total trips,Thousands,2000,
BRITISH VIRGIN ISLANDS,Overnights visitors (tourists),Thousands,2000,
BRITISH VIRGIN ISLANDS,Same-day visitors (excursionists),Thousands,2000,
BRUNEI DARUSSALAM,Total trips,Thousands,2000,
BRUNEI DARUSSALAM,Overnights visitors (tourists),Thousands,2000,
BRUNEI DARUSSALAM,Same-day visitors (excursionists),Thousands,2000,
BULGARIA,Total trips,Thousands,2000,
BULGARIA,Overnights visitors (tourists),Thousands,2000,
BULGARIA,Same-day visitors (excursionists),Thousands,2000,
BURKINA FASO,Total trips,Thousands,2000,
BURKINA FASO,Overnights visitors (tourists),Thousands,2000,
BURKINA FASO,Same-day visitors (excursionists),Thousands,2000,
BURUNDI,Total trips,Thousands,2000,
BURUNDI,Overnights visitors (tourists),Thousands,2000,
BURUNDI,Same-day visitors (excursionists),Thousands,2000,
CABO VERDE,Total trips,Thousands,2000,
CABO VERDE,Overnights visitors (tourists),Thousands,2000,
CABO VERDE,Same-day visitors (excursionists),Thousands,2000,
CAMBODIA,Total trips,Thousands,2000,
CAMBODIA,Overnights visitors (tourists),Thousands,2000,
CAMBODIA,Same-day visitors (excursionists),Thousands,2000,
CAMEROON,Total trips,Thousands,2000,
CAMEROON,Overnights visitors (tourists),Thousands,2000,
CAMEROON,Same-day visitors (excursionists),Thousands,2000,
CANADA,Total trips,Thousands,2000,
CANADA,Overnights visitors (tourists),Thousands,2000,
CANADA,Same-day visitors (excursionists),Thousands,2000,
CAYMAN ISLANDS,Total trips,Thousands,2000,
CAYMAN ISLANDS,Overnights visitors (tourists),Thousands,2000,
CAYMAN ISLANDS,Same-day visitors (excursionists),Thousands,2000,
CENTRAL AFRICAN REPUBLIC,Total trips,Thousands,2000,
CENTRAL AFRICAN REPUBLIC,Overnights visitors (tourists),Thousands,2000,
CENTRAL AFRICAN REPUBLIC,Same-day visitors (excursionists),Thousands,2000,
CHAD,Total trips,Thousands,2000,
CHAD,Overnights visitors (tourists),Thousands,2000,
CHAD,Same-day visitors (excursionists),Thousands,2000,
CHILE,Total trips,Thousands,2000,
CHILE,Overnights visitors (tourists),Thousands,2000,
CHILE,Same-day visitors (excursionists),Thousands,2000,
CHINA,Total trips,Thousands,2000,
CHINA,Overnights visitors (tourists),Thousands,2000,
CHINA,Same-day visitors (excursionists),Thousands,2000,
COLOMBIA,Total trips,Thousands,2000,
COLOMBIA,Overnights visitors (tourists),Thousands,2000,
COLOMBIA,Same-day visitors (excursionists),Thousands,2000,
COMOROS,Total trips,Thousands,2000,
COMOROS,Overnights visitors (tourists),Thousands,2000,
COMOROS,Same-day visitors (excursionists),Thousands,2000,
CONGO,Total trips,Thousands,2000,
CONGO,Overnights visitors (tourists),Thousands,2000,
CONGO,Same-day visitors (excursionists),Thousands,2000,
"CONGO, DEMOCRATIC REPUBLIC OF THE",Total trips,Thousands,2000,
"CONGO, DEMOCRATIC REPUBLIC OF THE",Overnights visitors (tourists),Thousands,2000,
"CONGO, DEMOCRATIC REPUBLIC OF THE",Same-day visitors (excursionists),Thousands,2000,
COOK ISLANDS,Total trips,Thousands,2000,
COOK ISLANDS,Overnights visitors (tourists),Thousands,2000,
COOK ISLANDS,Same-day visitors (excursionists),Thousands,2000,
COSTA RICA,Total trips,Thousands,2000,
COSTA RICA,Overnights visitors (tourists),Thousands,2000,
COSTA RICA,Same-day visitors (excursionists),Thousands,2000,
COTE D´IVOIRE,Total trips,Thousands,2000,
COTE D´IVOIRE,Overnights visitors (tourists),Thousands,2000,
COTE D´IVOIRE,Same-day visitors (excursionists),Thousands,2000,
CROATIA,Total trips,Thousands,2000,
CROATIA,Overnights visitors (tourists),Thousands,2000,
CROATIA,Same-day visitors (excursionists),Thousands,2000,
CUBA,Total trips,Thousands,2000,
CUBA,Overnights visitors (tourists),Thousands,2000,
CUBA,Same-day visitors (excursionists),Thousands,2000,
CURAÇAO,Total trips,Thousands,2000,
CURAÇAO,Overnights visitors (tourists),Thousands,2000,
CURAÇAO,Same-day visitors (excursionists),Thousands,2000,
CYPRUS,Total trips,Thousands,2000,
CYPRUS,Overnights visitors (tourists),Thousands,2000,
CYPRUS,Same-day visitors (excursionists),Thousands,2000,
CZECH REPUBLIC (CZECHIA),Total trips,Thousands,2000,
CZECH REPUBLIC (CZECHIA),Overnights visitors (tourists),Thousands,2000,
CZECH REPUBLIC (CZECHIA),Same-day visitors (excursionists),Thousands,2000,
DENMARK,Total trips,Thousands,2000,
DENMARK,Overnights visitors (tourists),Thousands,2000,
DENMARK,Same-day visitors (excursionists),Thousands,2000,
DJIBOUTI,Total trips,Thousands,2000,
DJIBOUTI,Overnights visitors (tourists),Thousands,2000,
DJIBOUTI,Same-day visitors (excursionists),Thousands,2000,
DOMINICA,Total trips,Thousands,2000,
DOMINICA,Overnights visitors (tourists),Thousands,2000,
DOMINICA,Same-day visitors (excursionists),Thousands,2000,
DOMINICAN REPUBLIC,Total trips,Thousands,2000,
DOMINICAN REPUBLIC,Overnights visitors (tourists),Thousands,2000,
DOMINICAN REPUBLIC,Same-day visitors (excursionists),Thousands,2000,
ECUADOR,Total trips,Thousands,2000,
ECUADOR,Overnights visitors (tourists),Thousands,2000,
ECUADOR,Same-day visitors (excursionists),Thousands,2000,
EGYPT,Total trips,Thousands,2000,
EGYPT,Overnights visitors (tourists),Thousands,2000,
EGYPT,Same-day visitors (excursionists),Thousands,2000,
EL SALVADOR,Total trips,Thousands,2000,
EL SALVADOR,Overnights visitors (tourists),Thousands,2000,
EL SALVADOR,Same-day visitors (excursionists),Thousands,2000,
EQUATORIAL GUINEA,Total trips,Thousands,2000,
EQUATORIAL GUINEA,Overnights visitors (tourists),Thousands,2000,
EQUATORIAL GUINEA,Same-day visitors (excursionists),Thousands,2000,
ERITREA,Total trips,Thousands,2000,
ERITREA,Overnights visitors (tourists),Thousands,2000,
ERITREA,Same-day visitors (excursionists),Thousands,2000,
ESTONIA,Total trips,Thousands,2000,
ESTONIA,Overnights visitors (tourists),Thousands,2000,
ESTONIA,Same-day visitors (excursionists),Thousands,2000,
ESWATINI,Total trips,Thousands,2000,
ESWATINI,Overnights visitors (tourists),Thousands,2000,
ESWATINI,Same-day visitors (excursionists),Thousands,2000,
ETHIOPIA,Total trips,Thousands,2000,
ETHIOPIA,Overnights visitors (tourists),Thousands,2000,
ETHIOPIA,Same-day visitors (excursionists),Thousands,2000,
FIJI,Total trips,Thousands,2000,
FIJI,Overnights visitors (tourists),Thousands,2000,
FIJI,Same-day visitors (excursionists),Thousands,2000,
FINLAND,Total trips,Thousands,2000,
FINLAND,Overnights visitors (tourists),Thousands,2000,
FINLAND,Same-day visitors (excursionists),Thousands,2000,
FRANCE,Total trips,Thousands,2000,
FRANCE,Overnights visitors (tourists),Thousands,2000,
FRANCE,Same-day visitors (excursionists),Thousands,2000,
FRENCH GUIANA,Total trips,Thousands,2000,
FRENCH GUIANA,Overnights visitors (tourists),Thousands,2000,
FRENCH GUIANA,Same-day visitors (excursionists),Thousands,2000,
FRENCH POLYNESIA,Total trips,Thousands,2000,
FRENCH POLYNESIA,Overnights visitors (tourists),Thousands,2000,
FRENCH POLYNESIA,Same-day visitors (excursionists),Thousands,2000,
GABON,Total trips,Thousands,2000,
GABON,Overnights visitors (tourists),Thousands,2000,
GABON,Same-day visitors (excursionists),Thousands,2000,
GAMBIA,Total trips,Thousands,2000,
GAMBIA,Overnights visitors (tourists),Thousands,2000,
GAMBIA,Same-day visitors (excursionists),Thousands,2000,
GEORGIA,Total trips,Thousands,2000,
GEORGIA,Overnights visitors (tourists),Thousands,2000,
GEORGIA,Same-day visitors (excursionists),Thousands,2000,
GERMANY,Total trips,Thousands,2000,
GERMANY,Overnights visitors (tourists),Thousands,2000,
GERMANY,Same-day visitors (excursionists),Thousands,2000,
GHANA,Total trips,Thousands,2000,
GHANA,Overnights visitors (tourists),Thousands,2000,
GHANA,Same-day visitors (excursionists),Thousands,2000,
GREECE,Total trips,Thousands,2000,
GREECE,Overnights visitors (tourists),Thousands,2000,
GREECE,Same-day visitors (excursionists),Thousands,2000,
GRENADA,Total trips,Thousands,2000,
GRENADA,Overnights visitors (tourists),Thousands,2000,
GRENADA,Same-day visitors (excursionists),Thousands,2000,
GUADELOUPE,Total trips,Thousands,2000,
GUADELOUPE,Overnights visitors (tourists),Thousands,2000,
GUADELOUPE,Same-day visitors (excursionists),Thousands,2000,
GUAM,Total trips,Thousands,2000,
GUAM,Overnights visitors (tourists),Thousands,2000,
GUAM,Same-day visitors (excursionists),Thousands,2000,
GUATEMALA,Total trips,Thousands,2000,
GUATEMALA,Overnights visitors (tourists),Thousands,2000,
GUATEMALA,Same-day visitors (excursionists),Thousands,2000,
GUINEA,Total trips,Thousands,2000,
GUINEA,Overnights visitors (tourists),Thousands,2000,
GUINEA,Same-day visitors (excursionists),Thousands,2000,
GUINEA-BISSAU,Total trips,Thousands,2000,
GUINEA-BISSAU,Overnights visitors (tourists),Thousands,2000,
GUINEA-BISSAU,Same-day visitors (excursionists),Thousands,2000,
GUYANA,Total trips,Thousands,2000,
GUYANA,Overnights visitors (tourists),Thousands,2000,
GUYANA,Same-day visitors (excursionists),Thousands,2000,
HAITI,Total trips,Thousands,2000,
HAITI,Overnights visitors (tourists),Thousands,2000,
HAITI,Same-day visitors (excursionists),Thousands,2000,
HONDURAS,Total trips,Thousands,2000,
HONDURAS,Overnights visitors (tourists),Thousands,2000,
HONDURAS,Same-day visitors (excursionists),Thousands,2000,
"HONG KONG, CHINA",Total trips,Thousands,2000,
"HONG KONG, CHINA",Overnights visitors (tourists),Thousands,2000,
"HONG KONG, CHINA",Same-day visitors (excursionists),Thousands,2000,
HUNGARY,Total trips,Thousands,2000,
HUNGARY,Overnights visitors (tourists),Thousands,2000,
HUNGARY,Same-day visitors (excursionists),Thousands,2000,
ICELAND,Total trips,Thousands,2000,
ICELAND,Overnights visitors (tourists),Thousands,2000,
ICELAND,Same-day visitors (excursionists),Thousands,2000,
INDIA,Total trips,Thousands,2000,
INDIA,Overnights visitors (tourists),Thousands,2000,
INDIA,Same-day visitors (excursionists),Thousands,2000,
INDONESIA,Total trips,Thousands,2000,
INDONESIA,Overnights visitors (tourists),Thousands,2000,
INDONESIA,Same-day visitors (excursionists),Thousands,2000,
"IRAN, ISLAMIC REPUBLIC OF",Total trips,Thousands,2000,
"IRAN, ISLAMIC REPUBLIC OF",Overnights visitors (tourists),Thousands,2000,
"IRAN, ISLAMIC REPUBLIC OF",Same-day visitors (excursionists),Thousands,2000,
IRAQ,Total trips,Thousands,2000,
IRAQ,Overnights visitors (tourists),Thousands,2000,
IRAQ,Same-day visitors (excursionists),Thousands,2000,
IRELAND,Total trips,Thousands,2000,
IRELAND,Overnights visitors (tourists),Thousands,2000,
IRELAND,Same-day visitors (excursionists),Thousands,2000,
ISRAEL,Total trips,Thousands,2000,
ISRAEL,Overnights visitors (tourists),Thousands,2000,
ISRAEL,Same-day visitors (excursionists),Thousands,2000,
ITALY,Total trips,Thousands,2000,
ITALY,Overnights visitors (tourists),Thousands,2000,
ITALY,Same-day visitors (excursionists),Thousands,2000,
JAMAICA,Total trips,Thousands,2000,
JAMAICA,Overnights visitors (tourists),Thousands,2000,
JAMAICA,Same-day visitors (excursionists),Thousands,2000,
JAPAN,Total trips,Thousands,2000,
JAPAN,Overnights visitors (tourists),Thousands,2000,
JAPAN,Same-day visitors (excursionists),Thousands,2000,
JORDAN,Total trips,Thousands,2000,
JORDAN,Overnights visitors (tourists),Thousands,2000,
JORDAN,Same-day visitors (excursionists),Thousands,2000,
KAZAKHSTAN,Total trips,Thousands,2000,
KAZAKHSTAN,Overnights visitors (tourists),Thousands,2000,
KAZAKHSTAN,Same-day visitors (excursionists),Thousands,2000,
KENYA,Total trips,Thousands,2000,
KENYA,Overnights visitors (tourists),Thousands,2000,
KENYA,Same-day visitors (excursionists),Thousands,2000,
KIRIBATI,Total trips,Thousands,2000,
KIRIBATI,Overnights visitors (tourists),Thousands,2000,
KIRIBATI,Same-day visitors (excursionists),Thousands,2000,
"KOREA, DEMOCRATIC PEOPLE´S REPUBLIC OF",Total trips,Thousands,2000,
"KOREA, DEMOCRATIC PEOPLE´S REPUBLIC OF",Overnights visitors (tourists),Thousands,2000,
"KOREA, DEMOCRATIC PEOPLE´S REPUBLIC OF",Same-day visitors (excursionists),Thousands,2000,
"KOREA, REPUBLIC OF",Total trips,Thousands,2000,
"KOREA, REPUBLIC OF",Overnights visitors (tourists),Thousands,2000,
"KOREA, REPUBLIC OF",Same-day visitors (excursionists),Thousands,2000,
KUWAIT,Total trips,Thousands,2000,
KUWAIT,Overnights visitors (tourists),Thousands,2000,
KUWAIT,Same-day visitors (excursionists),Thousands,2000,
KYRGYZSTAN,Total trips,Thousands,2000,
KYRGYZSTAN,Overnights visitors (tourists),Thousands,2000,
KYRGYZSTAN,Same-day visitors (excursionists),Thousands,2000,
LAO PEOPLE´S DEMOCRATIC REPUBLIC,Total trips,Thousands,2000,
LAO PEOPLE´S DEMOCRATIC REPUBLIC,Overnights visitors (tourists),Thousands,2000,
LAO PEOPLE´S DEMOCRATIC REPUBLIC,Same-day visitors (excursionists),Thousands,2000,
LATVIA,Total trips,Thousands,2000,
LATVIA,Overnights visitors (tourists),Thousands,2000,
LATVIA,Same-day visitors (excursionists),Thousands,2000,
LEBANON,Total trips,Thousands,2000,
LEBANON,Overnights visitors (tourists),Thousands,2000,
LEBANON,Same-day visitors (excursionists),Thousands,2000,
LESOTHO,Total trips,Thousands,2000,
LESOTHO,Overnights visitors (tourists),Thousands,2000,
LESOTHO,Same-day visitors (excursionists),Thousands,2000,
LIBERIA,Total trips,Thousands,2000,
LIBERIA,Overnights visitors (tourists),Thousands,2000,
LIBERIA,Same-day visitors (excursionists),Thousands,2000,
LIBYA,Total trips,Thousands,2000,
LIBYA,Overnights visitors (tourists),Thousands,2000,
LIBYA,Same-day visitors (excursionists),Thousands,2000,
LIECHTENSTEIN,Total trips,Thousands,2000,
LIECHTENSTEIN,Overnights visitors (tourists),Thousands,2000,
LIECHTENSTEIN,Same-day visitors (excursionists),Thousands,2000,
LITHUANIA,Total trips,Thousands,2000,
LITHUANIA,Overnights visitors (tourists),Thousands,2000,
LITHUANIA,Same-day visitors (excursionists),Thousands,2000,
LUXEMBOURG,Total trips,Thousands,2000,
LUXEMBOURG,Overnights visitors (tourists),Thousands,2000,
LUXEMBOURG,Same-day visitors (excursionists),Thousands,2000,
"MACAO, CHINA",Total trips,Thousands,2000,
"MACAO, CHINA",Overnights visitors (tourists),Thousands,2000,
"MACAO, CHINA",Same-day visitors (excursionists),Thousands,2000,
MADAGASCAR,Total trips,Thousands,2000,
MADAGASCAR,Overnights visitors (tourists),Thousands,2000,
MADAGASCAR,Same-day visitors (excursionists),Thousands,2000,
MALAWI,Total trips,Thousands,2000,
MALAWI,Overnights visitors (tourists),Thousands,2000,
MALAWI,Same-day visitors (excursionists),Thousands,2000,
MALAYSIA,Total trips,Thousands,2000,
MALAYSIA,Overnights visitors (tourists),Thousands,2000,
MALAYSIA,Same-day visitors (excursionists),Thousands,2000,
MALDIVES,Total trips,Thousands,2000,
MALDIVES,Overnights visitors (tourists),Thousands,2000,
MALDIVES,Same-day visitors (excursionists),Thousands,2000,
MALI,Total trips,Thousands,2000,
MALI,Overnights visitors (tourists),Thousands,2000,
MALI,Same-day visitors (excursionists),Thousands,2000,
MALTA,Total trips,Thousands,2000,
MALTA,Overnights visitors (tourists),Thousands,2000,
MALTA,Same-day visitors (excursionists),Thousands,2000,
MARSHALL ISLANDS,Total trips,Thousands,2000,
MARSHALL ISLANDS,Overnights visitors (tourists),Thousands,2000,
MARSHALL ISLANDS,Same-day visitors (excursionists),Thousands,2000,
MARTINIQUE,Total trips,Thousands,2000,
MARTINIQUE,Overnights visitors (tourists),Thousands,2000,
MARTINIQUE,Same-day visitors (excursionists),Thousands,2000,
MAURITANIA,Total trips,Thousands,2000,
MAURITANIA,Overnights visitors (tourists),Thousands,2000,
MAURITANIA,Same-day visitors (excursionists),Thousands,2000,
MAURITIUS,Total trips,Thousands,2000,
MAURITIUS,Overnights visitors (tourists),Thousands,2000,
MAURITIUS,Same-day visitors (excursionists),Thousands,2000,
MEXICO,Total trips,Thousands,2000,
MEXICO,Overnights visitors (tourists),Thousands,2000,
MEXICO,Same-day visitors (excursionists),Thousands,2000,
"MICRONESIA, FEDERATED STATES OF",Total trips,Thousands,2000,
"MICRONESIA, FEDERATED STATES OF",Overnights visitors (tourists),Thousands,2000,
"MICRONESIA, FEDERATED STATES OF",Same-day visitors (excursionists),Thousands,2000,
"MOLDOVA, REPUBLIC OF",Total trips,Thousands,2000,
"MOLDOVA, REPUBLIC OF",Overnights visitors (tourists),Thousands,2000,
"MOLDOVA, REPUBLIC OF",Same-day visitors (excursionists),Thousands,2000,
MONACO,Total trips,Thousands,2000,
MONACO,Overnights visitors (tourists),Thousands,2000,
MONACO,Same-day visitors (excursionists),Thousands,2000,
MONGOLIA,Total trips,Thousands,2000,
MONGOLIA,Overnights visitors (tourists),Thousands,2000,
MONGOLIA,Same-day visitors (excursionists),Thousands,2000,
MONTENEGRO,Total trips,Thousands,2000,
MONTENEGRO,Overnights visitors (tourists),Thousands,2000,
MONTENEGRO,Same-day visitors (excursionists),Thousands,2000,
MONTSERRAT,Total trips,Thousands,2000,
MONTSERRAT,Overnights visitors (tourists),Thousands,2000,
MONTSERRAT,Same-day visitors (excursionists),Thousands,2000,
MOROCCO,Total trips,Thousands,2000,
MOROCCO,Overnights visitors (tourists),Thousands,2000,
MOROCCO,Same-day visitors (excursionists),Thousands,2000,
MOZAMBIQUE,Total trips,Thousands,2000,
MOZAMBIQUE,Overnights visitors (tourists),Thousands,2000,
MOZAMBIQUE,Same-day visitors (excursionists),Thousands,2000,
MYANMAR,Total trips,Thousands,2000,
MYANMAR,Overnights visitors (tourists),Thousands,2000,
MYANMAR,Same-day visitors (excursionists),Thousands,2000,
NAMIBIA,Total trips,Thousands,2000,
NAMIBIA,Overnights visitors (tourists),Thousands,2000,
NAMIBIA,Same-day visitors (excursionists),Thousands,2000,
NAURU,Total trips,Thousands,2000,
NAURU,Overnights visitors (tourists),Thousands,2000,
NAURU,Same-day visitors (excursionists),Thousands,2000,
NEPAL,Total trips,Thousands,2000,
NEPAL,Overnights visitors (tourists),Thousands,2000,
NEPAL,Same-day visitors (excursionists),Thousands,2000,
NETHERLANDS,Total trips,Thousands,2000,
NETHERLANDS,Overnights visitors (tourists),Thousands,2000,
NETHERLANDS,Same-day visitors (excursionists),Thousands,2000,
NEW CALEDONIA,Total trips,Thousands,2000,
NEW CALEDONIA,Overnights visitors (tourists),Thousands,2000,
NEW CALEDONIA,Same-day visitors (excursionists),Thousands,2000,
NEW ZEALAND,Total trips,Thousands,2000,
NEW ZEALAND,Overnights visitors (tourists),Thousands,2000,
NEW ZEALAND,Same-day visitors (excursionists),Thousands,2000,
NICARAGUA,Total trips,Thousands,2000,
NICARAGUA,Overnights visitors (tourists),Thousands,2000,
NICARAGUA,Same-day visitors (excursionists),Thousands,2000,
NIGER,Total trips,Thousands,2000,
NIGER,Overnights visitors (tourists),Thousands,2000,
NIGER,Same-day visitors (excursionists),Thousands,2000,
NIGERIA,Total trips,Thousands,2000,
NIGERIA,Overnights visitors (tourists),Thousands,2000,
NIGERIA,Same-day visitors (excursionists),Thousands,2000,
NIUE,Total trips,Thousands,2000,
NIUE,Overnights visitors (tourists),Thousands,2000,
NIUE,Same-day visitors (excursionists),Thousands,2000,
NORTH MACEDONIA,Total trips,Thousands,2000,
NORTH MACEDONIA,Overnights visitors (tourists),Thousands,2000,
NORTH MACEDONIA,Same-day visitors (excursionists),Thousands,2000,
NORTHERN MARIANA ISLANDS,Total trips,Thousands,2000,
NORTHERN MARIANA ISLANDS,Overnights visitors (tourists),Thousands,2000,
NORTHERN MARIANA ISLANDS,Same-day visitors (excursionists),Thousands,2000,
NORWAY,Total trips,Thousands,2000,
NORWAY,Overnights visitors (tourists),Thousands,2000,
NORWAY,Same-day visitors (excursionists),Thousands,2000,
OMAN,Total trips,Thousands,2000,
OMAN,Overnights visitors (tourists),Thousands,2000,
OMAN,Same-day visitors (excursionists),Thousands,2000,
PAKISTAN,Total trips,Thousands,2000,
PAKISTAN,Overnights visitors (tourists),Thousands,2000,
PAKISTAN,Same-day visitors (excursionists),Thousands,2000,
PALAU,Total trips,Thousands,2000,
PALAU,Overnights visitors (tourists),Thousands,2000,
PALAU,Same-day visitors (excursionists),Thousands,2000,
PANAMA,Total trips,Thousands,2000,
PANAMA,Overnights visitors (tourists),Thousands,2000,
PANAMA,Same-day visitors (excursionists),Thousands,2000,
PAPUA NEW GUINEA,Total trips,Thousands,2000,
PAPUA NEW GUINEA,Overnights visitors (tourists),Thousands,2000,
PAPUA NEW GUINEA,Same-day visitors (excursionists),Thousands,2000,
PARAGUAY,Total trips,Thousands,2000,
PARAGUAY,Overnights visitors (tourists),Thousands,2000,
PARAGUAY,Same-day visitors (excursionists),Thousands,2000,
PERU,Total trips,Thousands,2000,
PERU,Overnights visitors (tourists),Thousands,2000,
PERU,Same-day visitors (excursionists),Thousands,2000,
PHILIPPINES,Total trips,Thousands,2000,
PHILIPPINES,Overnights visitors (tourists),Thousands,2000,
PHILIPPINES,Same-day visitors (excursionists),Thousands,2000,
POLAND,Total trips,Thousands,2000,
POLAND,Overnights visitors (tourists),Thousands,2000,
POLAND,Same-day visitors (excursionists),Thousands,2000,
PORTUGAL,Total trips,Thousands,2000,
PORTUGAL,Overnights visitors (tourists),Thousands,2000,
PORTUGAL,Same-day visitors (excursionists),Thousands,2000,
PUERTO RICO,Total trips,Thousands,2000,
PUERTO RICO,Overnights visitors (tourists),Thousands,2000,
PUERTO RICO,Same-day visitors (excursionists),Thousands,2000,
QATAR,Total trips,Thousands,2000,
QATAR,Overnights visitors (tourists),Thousands,2000,
QATAR,Same-day visitors (excursionists),Thousands,2000,
REUNION,Total trips,Thousands,2000,
REUNION,Overnights visitors (tourists),Thousands,2000,
REUNION,Same-day visitors (excursionists),Thousands,2000,
ROMANIA,Total trips,Thousands,2000,
ROMANIA,Overnights visitors (tourists),Thousands,2000,
ROMANIA,Same-day visitors (excursionists),Thousands,2000,
RUSSIAN FEDERATION,Total trips,Thousands,2000,
RUSSIAN FEDERATION,Overnights visitors (tourists),Thousands,2000,
RUSSIAN FEDERATION,Same-day visitors (excursionists),Thousands,2000,
RWANDA,Total trips,Thousands,2000,
RWANDA,Overnights visitors (tourists),Thousands,2000,
RWANDA,Same-day visitors (excursionists),Thousands,2000,
SABA,Total trips,Thousands,2000,
SABA,Overnights visitors (tourists),Thousands,2000,
SABA,Same-day visitors (excursionists),Thousands,2000,
SAINT KITTS AND NEVIS,Total trips,Thousands,2000,
SAINT KITTS AND NEVIS,Overnights visitors (tourists),Thousands,2000,
SAINT KITTS AND NEVIS,Same-day visitors (excursionists),Thousands,2000,
SAINT LUCIA,Total trips,Thousands,2000,
SAINT LUCIA,Overnights visitors (tourists),Thousands,2000,
SAINT LUCIA,Same-day visitors (excursionists),Thousands,2000,
SAINT VINCENT AND THE GRENADINES,Total trips,Thousands,2000,
SAINT VINCENT AND THE GRENADINES,Overnights visitors (tourists),Thousands,2000,
SAINT VINCENT AND THE GRENADINES,Same-day visitors (excursionists),Thousands,2000,
SAMOA,Total trips,Thousands,2000,
SAMOA,Overnights visitors (tourists),Thousands,2000,
SAMOA,Same-day visitors (excursionists),Thousands,2000,
SAN MARINO,Total trips,Thousands,2000,
SAN MARINO,Overnights visitors (tourists),Thousands,2000,
SAN MARINO,Same-day visitors (excursionists),Thousands,2000,
SAO TOME AND PRINCIPE,Total trips,Thousands,2000,
SAO TOME AND PRINCIPE,Overnights visitors (tourists),Thousands,2000,
SAO TOME AND PRINCIPE,Same-day visitors (excursionists),Thousands,2000,
SAUDI ARABIA,Total trips,Thousands,2000,
SAUDI ARABIA,Overnights visitors (tourists),Thousands,2000,
SAUDI ARABIA,Same-day visitors (excursionists),Thousands,2000,
SENEGAL,Total trips,Thousands,2000,
SENEGAL,Overnights visitors (tourists),Thousands,2000,
SENEGAL,Same-day visitors (excursionists),Thousands,2000,
SERBIA,Total trips,Thousands,2000,
SERBIA,Overnights visitors (tourists),Thousands,2000,
SERBIA,Same-day visitors (excursionists),Thousands,2000,
SERBIA AND MONTENEGRO,Total trips,Thousands,2000,
SERBIA AND MONTENEGRO,Overnights visitors (tourists),Thousands,2000,
SERBIA AND MONTENEGRO,Same-day visitors (excursionists),Thousands,2000,
SEYCHELLES,Total trips,Thousands,2000,
SEYCHELLES,Overnights visitors (tourists),Thousands,2000,
SEYCHELLES,Same-day visitors (excursionists),Thousands,2000,
SIERRA LEONE,Total trips,Thousands,2000,
SIERRA LEONE,Overnights visitors (tourists),Thousands,2000,
SIERRA LEONE,Same-day visitors (excursionists),Thousands,2000,
SINGAPORE,Total trips,Thousands,2000,
SINGAPORE,Overnights visitors (tourists),Thousands,2000,
SINGAPORE,Same-day visitors (excursionists),Thousands,2000,
SINT EUSTATIUS,Total trips,Thousands,2000,
SINT EUSTATIUS,Overnights visitors (tourists),Thousands,2000,
SINT EUSTATIUS,Same-day visitors (excursionists),Thousands,2000,
SINT MAARTEN (DUTCH PART),Total trips,Thousands,2000,
SINT MAARTEN (DUTCH PART),Overnights visitors (tourists),Thousands,2000,
SINT MAARTEN (DUTCH PART),Same-day visitors (excursionists),Thousands,2000,
SLOVAKIA,Total trips,Thousands,2000,
SLOVAKIA,Overnights visitors (tourists),Thousands,2000,
SLOVAKIA,Same-day visitors (excursionists),Thousands,2000,
SLOVENIA,Total trips,Thousands,2000,
SLOVENIA,Overnights visitors (tourists),Thousands,2000,
SLOVENIA,Same-day visitors (excursionists),Thousands,2000,
SOLOMON ISLANDS,Total trips,Thousands,2000,
SOLOMON ISLANDS,Overnights visitors (tourists),Thousands,2000,
SOLOMON ISLANDS,Same-day visitors (excursionists),Thousands,2000,
SOMALIA,Total trips,Thousands,2000,
SOMALIA,Overnights visitors (tourists),Thousands,2000,
SOMALIA,Same-day visitors (excursionists),Thousands,2000,
SOUTH AFRICA,Total trips,Thousands,2000,
SOUTH AFRICA,Overnights visitors (tourists),Thousands,2000,
SOUTH AFRICA,Same-day visitors (excursionists),Thousands,2000,
SOUTH SUDAN,Total trips,Thousands,2000,
SOUTH SUDAN,Overnights visitors (tourists),Thousands,2000,
SOUTH SUDAN,Same-day visitors (excursionists),Thousands,2000,
SPAIN,Total trips,Thousands,2000,
SPAIN,Overnights visitors (tourists),Thousands,2000,
SPAIN,Same-day visitors (excursionists),Thousands,2000,
SRI LANKA,Total trips,Thousands,2000,
SRI LANKA,Overnights visitors (tourists),Thousands,2000,
SRI LANKA,Same-day visitors (excursionists),Thousands,2000,
STATE OF PALESTINE,Total trips,Thousands,2000,
STATE OF PALESTINE,Overnights visitors (tourists),Thousands,2000,
STATE OF PALESTINE,Same-day visitors (excursionists),Thousands,2000,
SUDAN,Total trips,Thousands,2000,
SUDAN,Overnights visitors (tourists),Thousands,2000,
SUDAN,Same-day visitors (excursionists),Thousands,2000,
SURINAME,Total trips,Thousands,2000,
SURINAME,Overnights visitors (tourists),Thousands,2000,
SURINAME,Same-day visitors (excursionists),Thousands,2000,
SWEDEN,Total trips,Thousands,2000,
SWEDEN,Overnights visitors (tourists),Thousands,2000,
SWEDEN,Same-day visitors (excursionists),Thousands,2000,
SWITZERLAND,Total trips,Thousands,2000,
SWITZERLAND,Overnights visitors (tourists),Thousands,2000,
SWITZERLAND,Same-day visitors (excursionists),Thousands,2000,
SYRIAN ARAB REPUBLIC,Total trips,Thousands,2000,
SYRIAN ARAB REPUBLIC,Overnights visitors (tourists),Thousands,2000,
SYRIAN ARAB REPUBLIC,Same-day visitors (excursionists),Thousands,2000,
TAIWAN PROVINCE OF CHINA,Total trips,Thousands,2000,
TAIWAN PROVINCE OF CHINA,Overnights visitors (tourists),Thousands,2000,
TAIWAN PROVINCE OF CHINA,Same-day visitors (excursionists),Thousands,2000,
TAJIKISTAN,Total trips,Thousands,2000,
TAJIKISTAN,Overnights visitors (tourists),Thousands,2000,
TAJIKISTAN,Same-day visitors (excursionists),Thousands,2000,
"TANZANIA, UNITED REPUBLIC OF",Total trips,Thousands,2000,
"TANZANIA, UNITED REPUBLIC OF",Overnights visitors (tourists),Thousands,2000,
"TANZANIA, UNITED REPUBLIC OF",Same-day visitors (excursionists),Thousands,2000,
THAILAND,Total trips,Thousands,2000,
THAILAND,Overnights visitors (tourists),Thousands,2000,
THAILAND,Same-day visitors (excursionists),Thousands,2000,
TIMOR-LESTE,Total trips,Thousands,2000,
TIMOR-LESTE,Overnights visitors (tourists),Thousands,2000,
TIMOR-LESTE,Same-day visitors (excursionists),Thousands,2000,
TOGO,Total trips,Thousands,2000,
TOGO,Overnights visitors (tourists),Thousands,2000,
TOGO,Same-day visitors (excursionists),Thousands,2000,
TONGA,Total trips,Thousands,2000,
TONGA,Overnights visitors (tourists),Thousands,2000,
TONGA,Same-day visitors (excursionists),Thousands,2000,
TRINIDAD AND TOBAGO,Total trips,Thousands,2000,
TRINIDAD AND TOBAGO,Overnights visitors (tourists),Thousands,2000,
TRINIDAD AND TOBAGO,Same-day visitors (excursionists),Thousands,2000,
TUNISIA,Total trips,Thousands,2000,
TUNISIA,Overnights visitors (tourists),Thousands,2000,
TUNISIA,Same-day visitors (excursionists),Thousands,2000,
TÜRKIYE,Total trips,Thousands,2000,
TÜRKIYE,Overnights visitors (tourists),Thousands,2000,
TÜRKIYE,Same-day visitors (excursionists),Thousands,2000,
TURKMENISTAN,Total trips,Thousands,2000,
TURKMENISTAN,Overnights visitors (tourists),Thousands,2000,
TURKMENISTAN,Same-day visitors (excursionists),Thousands,2000,
TURKS AND CAICOS ISLANDS,Total trips,Thousands,2000,
TURKS AND CAICOS ISLANDS,Overnights visitors (tourists),Thousands,2000,
TURKS AND CAICOS ISLANDS,Same-day visitors (excursionists),Thousands,2000,
TUVALU,Total trips,Thousands,2000,
TUVALU,Overnights visitors (tourists),Thousands,2000,
TUVALU,Same-day visitors (excursionists),Thousands,2000,
UGANDA,Total trips,Thousands,2000,
UGANDA,Overnights visitors (tourists),Thousands,2000,
UGANDA,Same-day visitors (excursionists),Thousands,2000,
UKRAINE,Total trips,Thousands,2000,
UKRAINE,Overnights visitors (tourists),Thousands,2000,
UKRAINE,Same-day visitors (excursionists),Thousands,2000,
UNITED ARAB EMIRATES,Total trips,Thousands,2000,
UNITED ARAB EMIRATES,Overnights visitors (tourists),Thousands,2000,
UNITED ARAB EMIRATES,Same-day visitors (excursionists),Thousands,2000,
UNITED KINGDOM,Total trips,Thousands,2000,
UNITED KINGDOM,Overnights visitors (tourists),Thousands,2000,
UNITED KINGDOM,Same-day visitors (excursionists),Thousands,2000,
UNITED STATES OF AMERICA,Total trips,Thousands,2000,
UNITED STATES OF AMERICA,Overnights visitors (tourists),Thousands,2000,
UNITED STATES OF AMERICA,Same-day visitors (excursionists),Thousands,2000,
UNITED STATES VIRGIN ISLANDS,Total trips,Thousands,2000,
UNITED STATES VIRGIN ISLANDS,Overnights visitors (tourists),Thousands,2000,
UNITED STATES VIRGIN ISLANDS,Same-day visitors (excursionists),Thousands,2000,
URUGUAY,Total trips,Thousands,2000,
URUGUAY,Overnights visitors (tourists),Thousands,2000,
URUGUAY,Same-day visitors (excursionists),Thousands,2000,
UZBEKISTAN,Total trips,Thousands,2000,
UZBEKISTAN,Overnights visitors (tourists),Thousands,2000,
UZBEKISTAN,Same-day visitors (excursionists),Thousands,2000,
VANUATU,Total trips,Thousands,2000,
VANUATU,Overnights visitors (tourists),Thousands,2000,
VANUATU,Same-day visitors (excursionists),Thousands,2000,
"VENEZUELA, BOLIVARIAN REPUBLIC OF",Total trips,Thousands,2000,
"VENEZUELA, BOLIVARIAN REPUBLIC OF",Overnights visitors (tourists),Thousands,2000,
"VENEZUELA, BOLIVARIAN REPUBLIC OF",Same-day visitors (excursionists),Thousands,2000,
VIET NAM,Total trips,Thousands,2000,
VIET NAM,Overnights visitors (tourists),Thousands,2000,
VIET NAM,Same-day visitors (excursionists),Thousands,2000,
YEMEN,Total trips,Thousands,2000,
YEMEN,Overnights visitors (tourists),Thousands,2000,
YEMEN,Same-day visitors (excursionists),Thousands,2000,
ZAMBIA,Total trips,Thousands,2000,
ZAMBIA,Overnights visitors (tourists),Thousands,2000,
ZAMBIA,Same-day visitors (excursionists),Thousands,2000,
ZIMBABWE,Total trips,Thousands,2000,
ZIMBABWE,Overnights visitors (tourists),Thousands,2000,
ZIMBABWE,Same-day visitors (excursionists),Thousands,2000,
AFGHANISTAN,Total trips,Thousands,2001,
AFGHANISTAN,Overnights visitors (tourists),Thousands,2001,
AFGHANISTAN,Same-day visitors (excursionists),Thousands,2001,
ALBANIA,Total trips,Thousands,2001,
ALBANIA,Overnights visitors (tourists),Thousands,2001,
ALBANIA,Same-day visitors (excursionists),Thousands,2001,
ALGERIA,Total trips,Thousands,2001,
ALGERIA,Overnights visitors (tourists),Thousands,2001,
ALGERIA,Same-day visitors (excursionists),Thousands,2001,
AMERICAN SAMOA,Total trips,Thousands,2001,
AMERICAN SAMOA,Overnights visitors (tourists),Thousands,2001,
AMERICAN SAMOA,Same-day visitors (excursionists),Thousands,2001,
ANDORRA,Total trips,Thousands,2001,
ANDORRA,Overnights visitors (tourists),Thousands,2001,
ANDORRA,Same-day visitors (excursionists),Thousands,2001,
ANGOLA,Total trips,Thousands,2001,
ANGOLA,Overnights visitors (tourists),Thousands,2001,
ANGOLA,Same-day visitors (excursionists),Thousands,2001,
ANGUILLA,Total trips,Thousands,2001,
ANGUILLA,Overnights visitors (tourists),Thousands,2001,
ANGUILLA,Same-day visitors (excursionists),Thousands,2001,
ANTIGUA AND BARBUDA,Total trips,Thousands,2001,
ANTIGUA AND BARBUDA,Overnights visitors (tourists),Thousands,2001,
ANTIGUA AND BARBUDA,Same-day visitors (excursionists),Thousands,2001,
ARGENTINA,Total trips,Thousands,2001,
ARGENTINA,Overnights visitors (tourists),Thousands,2001,
ARGENTINA,Same-day visitors (excursionists),Thousands,2001,
ARMENIA,Total trips,Thousands,2001,
ARMENIA,Overnights visitors (tourists),Thousands,2001,
ARMENIA,Same-day visitors (excursionists),Thousands,2001,
ARUBA,Total trips,Thousands,2001,
ARUBA,Overnights visitors (tourists),Thousands,2001,
ARUBA,Same-day visitors (excursionists),Thousands,2001,
AUSTRALIA,Total trips,Thousands,2001,
AUSTRALIA,Overnights visitors (tourists),Thousands,2001,
AUSTRALIA,Same-day visitors (excursionists),Thousands,2001,
AUSTRIA,Total trips,Thousands,2001,
AUSTRIA,Overnights visitors (tourists),Thousands,2001,
AUSTRIA,Same-day visitors (excursionists),Thousands,2001,
AZERBAIJAN,Total trips,Thousands,2001,
AZERBAIJAN,Overnights visitors (tourists),Thousands,2001,
AZERBAIJAN,Same-day visitors (excursionists),Thousands,2001,
BAHAMAS,Total trips,Thousands,2001,
BAHAMAS,Overnights visitors (tourists),Thousands,2001,
BAHAMAS,Same-day visitors (excursionists),Thousands,2001,
BAHRAIN,Total trips,Thousands,2001,
BAHRAIN,Overnights visitors (tourists),Thousands,2001,
BAHRAIN,Same-day visitors (excursionists),Thousands,2001,
BANGLADESH,Total trips,Thousands,2001,
BANGLADESH,Overnights visitors (tourists),Thousands,2001,
BANGLADESH,Same-day visitors (excursionists),Thousands,2001,
BARBADOS,Total trips,Thousands,2001,
BARBADOS,Overnights visitors (tourists),Thousands,2001,
BARBADOS,Same-day visitors (excursionists),Thousands,2001,
BELARUS,Total trips,Thousands,2001,
BELARUS,Overnights visitors (tourists),Thousands,2001,
BELARUS,Same-day visitors (excursionists),Thousands,2001,
BELGIUM,Total trips,Thousands,2001,
BELGIUM,Overnights visitors (tourists),Thousands,2001,
BELGIUM,Same-day visitors (excursionists),Thousands,2001,
BELIZE,Total trips,Thousands,2001,
BELIZE,Overnights visitors (tourists),Thousands,2001,
BELIZE,Same-day visitors (excursionists),Thousands,2001,
BENIN,Total trips,Thousands,2001,
BENIN,Overnights visitors (tourists),Thousands,2001,
BENIN,Same-day visitors (excursionists),Thousands,2001,
BERMUDA,Total trips,Thousands,2001,
BERMUDA,Overnights visitors (tourists),Thousands,2001,
BERMUDA,Same-day visitors (excursionists),Thousands,2001,
BHUTAN,Total trips,Thousands,2001,
BHUTAN,Overnights visitors (tourists),Thousands,2001,
BHUTAN,Same-day visitors (excursionists),Thousands,2001,
"BOLIVIA, PLURINATIONAL STATE OF",Total trips,Thousands,2001,
"BOLIVIA, PLURINATIONAL STATE OF",Overnights visitors (tourists),Thousands,2001,
"BOLIVIA, PLURINATIONAL STATE OF",Same-day visitors (excursionists),Thousands,2001,
BONAIRE,Total trips,Thousands,2001,
BONAIRE,Overnights visitors (tourists),Thousands,2001,
BONAIRE,Same-day visitors (excursionists),Thousands,2001,
BOSNIA AND HERZEGOVINA,Total trips,Thousands,2001,
BOSNIA AND HERZEGOVINA,Overnights visitors (tourists),Thousands,2001,
BOSNIA AND HERZEGOVINA,Same-day visitors (excursionists),Thousands,2001,
BOTSWANA,Total trips,Thousands,2001,
BOTSWANA,Overnights visitors (tourists),Thousands,2001,
BOTSWANA,Same-day visitors (excursionists),Thousands,2001,
BRAZIL,Total trips,Thousands,2001,
BRAZIL,Overnights visitors (tourists),Thousands,2001,
BRAZIL,Same-day visitors (excursionists),Thousands,2001,
BRITISH VIRGIN ISLANDS,Total trips,Thousands,2001,
BRITISH VIRGIN ISLANDS,Overnights visitors (tourists),Thousands,2001,
BRITISH VIRGIN ISLANDS,Same-day visitors (excursionists),Thousands,2001,
BRUNEI DARUSSALAM,Total trips,Thousands,2001,
BRUNEI DARUSSALAM,Overnights visitors (tourists),Thousands,2001,
BRUNEI DARUSSALAM,Same-day visitors (excursionists),Thousands,2001,
BULGARIA,Total trips,Thousands,2001,
BULGARIA,Overnights visitors (tourists),Thousands,2001,
BULGARIA,Same-day visitors (excursionists),Thousands,2001,
BURKINA FASO,Total trips,Thousands,2001,
BURKINA FASO,Overnights visitors (tourists),Thousands,2001,
BURKINA FASO,Same-day visitors (excursionists),Thousands,2001,
BURUNDI,Total trips,Thousands,2001,
BURUNDI,Overnights visitors (tourists),Thousands,2001,
BURUNDI,Same-day visitors (excursionists),Thousands,2001,
CABO VERDE,Total trips,Thousands,2001,
CABO VERDE,Overnights visitors (tourists),Thousands,2001,
CABO VERDE,Same-day visitors (excursionists),Thousands,2001,
CAMBODIA,Total trips,Thousands,2001,
CAMBODIA,Overnights visitors (tourists),Thousands,2001,
CAMBODIA,Same-day visitors (excursionists),Thousands,2001,
CAMEROON,Total trips,Thousands,2001,
CAMEROON,Overnights visitors (tourists),Thousands,2001,
CAMEROON,Same-day visitors (excursionists),Thousands,2001,
CANADA,Total trips,Thousands,2001,
CANADA,Overnights visitors (tourists),Thousands,2001,
CANADA,Same-day visitors (excursionists),Thousands,2001,
CAYMAN ISLANDS,Total trips,Thousands,2001,
CAYMAN ISLANDS,Overnights visitors (tourists),Thousands,2001,
CAYMAN ISLANDS,Same-day visitors (excursionists),Thousands,2001,
CENTRAL AFRICAN REPUBLIC,Total trips,Thousands,2001,
CENTRAL AFRICAN REPUBLIC,Overnights visitors (tourists),Thousands,2001,
CENTRAL AFRICAN REPUBLIC,Same-day visitors (excursionists),Thousands,2001,
CHAD,Total trips,Thousands,2001,
CHAD,Overnights visitors (tourists),Thousands,2001,
CHAD,Same-day visitors (excursionists),Thousands,2001,
CHILE,Total trips,Thousands,2001,
CHILE,Overnights visitors (tourists),Thousands,2001,
CHILE,Same-day visitors (excursionists),Thousands,2001,
CHINA,Total trips,Thousands,2001,
CHINA,Overnights visitors (tourists),Thousands,2001,
CHINA,Same-day visitors (excursionists),Thousands,2001,
COLOMBIA,Total trips,Thousands,2001,
COLOMBIA,Overnights visitors (tourists),Thousands,2001,
COLOMBIA,Same-day visitors (excursionists),Thousands,2001,
COMOROS,Total trips,Thousands,2001,
COMOROS,Overnights visitors (tourists),Thousands,2001,
COMOROS,Same-day visitors (excursionists),Thousands,2001,
CONGO,Total trips,Thousands,2001,
CONGO,Overnights visitors (tourists),Thousands,2001,
CONGO,Same-day visitors (excursionists),Thousands,2001,
"CONGO, DEMOCRATIC REPUBLIC OF THE",Total trips,Thousands,2001,
"CONGO, DEMOCRATIC REPUBLIC OF THE",Overnights visitors (tourists),Thousands,2001,
"CONGO, DEMOCRATIC REPUBLIC OF THE",Same-day visitors (excursionists),Thousands,2001,
COOK ISLANDS,Total trips,Thousands,2001,
COOK ISLANDS,Overnights visitors (tourists),Thousands,2001,
COOK ISLANDS,Same-day visitors (excursionists),Thousands,2001,
COSTA RICA,Total trips,Thousands,2001,
COSTA RICA,Overnights visitors (tourists),Thousands,2001,
COSTA RICA,Same-day visitors (excursionists),Thousands,2001,
COTE D´IVOIRE,Total trips,Thousands,2001,
COTE D´IVOIRE,Overnights visitors (tourists),Thousands,2001,
COTE D´IVOIRE,Same-day visitors (excursionists),Thousands,2001,
CROATIA,Total trips,Thousands,2001,
CROATIA,Overnights visitors (tourists),Thousands,2001,
CROATIA,Same-day visitors (excursionists),Thousands,2001,
CUBA,Total trips,Thousands,2001,
CUBA,Overnights visitors (tourists),Thousands,2001,
CUBA,Same-day visitors (excursionists),Thousands,2001,
CURAÇAO,Total trips,Thousands,2001,
CURAÇAO,Overnights visitors (tourists),Thousands,2001,
CURAÇAO,Same-day visitors (excursionists),Thousands,2001,
CYPRUS,Total trips,Thousands,2001,
CYPRUS,Overnights visitors (tourists),Thousands,2001,
CYPRUS,Same-day visitors (excursionists),Thousands,2001,
CZECH REPUBLIC (CZECHIA),Total trips,Thousands,2001,
CZECH REPUBLIC (CZECHIA),Overnights visitors (tourists),Thousands,2001,
CZECH REPUBLIC (CZECHIA),Same-day visitors (excursionists),Thousands,2001,
DENMARK,Total trips,Thousands,2001,
DENMARK,Overnights visitors (tourists),Thousands,2001,
DENMARK,Same-day visitors (excursionists),Thousands,2001,
DJIBOUTI,Total trips,Thousands,2001,
DJIBOUTI,Overnights visitors (tourists),Thousands,2001,
DJIBOUTI,Same-day visitors (excursionists),Thousands,2001,
DOMINICA,Total trips,Thousands,2001,
DOMINICA,Overnights visitors (tourists),Thousands,2001,
DOMINICA,Same-day visitors (excursionists),Thousands,2001,
DOMINICAN REPUBLIC,Total trips,Thousands,2001,
DOMINICAN REPUBLIC,Overnights visitors (tourists),Thousands,2001,
DOMINICAN REPUBLIC,Same-day visitors (excursionists),Thousands,2001,
ECUADOR,Total trips,Thousands,2001,
ECUADOR,Overnights visitors (tourists),Thousands,2001,
ECUADOR,Same-day visitors (excursionists),Thousands,2001,
EGYPT,Total trips,Thousands,2001,
EGYPT,Overnights visitors (tourists),Thousands,2001,
EGYPT,Same-day visitors (excursionists),Thousands,2001,
EL SALVADOR,Total trips,Thousands,2001,
EL SALVADOR,Overnights visitors (tourists),Thousands,2001,
EL SALVADOR,Same-day visitors (excursionists),Thousands,2001,
EQUATORIAL GUINEA,Total trips,Thousands,2001,
EQUATORIAL GUINEA,Overnights visitors (tourists),Thousands,2001,
EQUATORIAL GUINEA,Same-day visitors (excursionists),Thousands,2001,
ERITREA,Total trips,Thousands,2001,
ERITREA,Overnights visitors (tourists),Thousands,2001,
ERITREA,Same-day visitors (excursionists),Thousands,2001,
ESTONIA,Total trips,Thousands,2001,
ESTONIA,Overnights visitors (tourists),Thousands,2001,
ESTONIA,Same-day visitors (excursionists),Thousands,2001,
ESWATINI,Total trips,Thousands,2001,
ESWATINI,Overnights visitors (tourists),Thousands,2001,
ESWATINI,Same-day visitors (excursionists),Thousands,2001,
ETHIOPIA,Total trips,Thousands,2001,
ETHIOPIA,Overnights visitors (tourists),Thousands,2001,
ETHIOPIA,Same-day visitors (excursionists),Thousands,2001,
FIJI,Total trips,Thousands,2001,
FIJI,Overnights visitors (tourists),Thousands,2001,
FIJI,Same-day visitors (excursionists),Thousands,2001,
FINLAND,Total trips,Thousands,2001,
FINLAND,Overnights visitors (tourists),Thousands,2001,
FINLAND,Same-day visitors (excursionists),Thousands,2001,
FRANCE,Total trips,Thousands,2001,
FRANCE,Overnights visitors (tourists),Thousands,2001,
FRANCE,Same-day visitors (excursionists),Thousands,2001,
FRENCH GUIANA,Total trips,Thousands,2001,
FRENCH GUIANA,Overnights visitors (tourists),Thousands,2001,
FRENCH GUIANA,Same-day visitors (excursionists),Thousands,2001,
FRENCH POLYNESIA,Total trips,Thousands,2001,
FRENCH POLYNESIA,Overnights visitors (tourists),Thousands,2001,
FRENCH POLYNESIA,Same-day visitors (excursionists),Thousands,2001,
GABON,Total trips,Thousands,2001,
GABON,Overnights visitors (tourists),Thousands,2001,
GABON,Same-day visitors (excursionists),Thousands,2001,
GAMBIA,Total trips,Thousands,2001,
GAMBIA,Overnights visitors (tourists),Thousands,2001,
GAMBIA,Same-day visitors (excursionists),Thousands,2001,
GEORGIA,Total trips,Thousands,2001,
GEORGIA,Overnights visitors (tourists),Thousands,2001,
GEORGIA,Same-day visitors (excursionists),Thousands,2001,
GERMANY,Total trips,Thousands,2001,
GERMANY,Overnights visitors (tourists),Thousands,2001,
GERMANY,Same-day visitors (excursionists),Thousands,2001,
GHANA,Total trips,Thousands,2001,
GHANA,Overnights visitors (tourists),Thousands,2001,
GHANA,Same-day visitors (excursionists),Thousands,2001,
GREECE,Total trips,Thousands,2001,
GREECE,Overnights visitors (tourists),Thousands,2001,
GREECE,Same-day visitors (excursionists),Thousands,2001,
GRENADA,Total trips,Thousands,2001,
GRENADA,Overnights visitors (tourists),Thousands,2001,
GRENADA,Same-day visitors (excursionists),Thousands,2001,
GUADELOUPE,Total trips,Thousands,2001,
GUADELOUPE,Overnights visitors (tourists),Thousands,2001,
GUADELOUPE,Same-day visitors (excursionists),Thousands,2001,
GUAM,Total trips,Thousands,2001,
GUAM,Overnights visitors (tourists),Thousands,2001,
GUAM,Same-day visitors (excursionists),Thousands,2001,
GUATEMALA,Total trips,Thousands,2001,
GUATEMALA,Overnights visitors (tourists),Thousands,2001,
GUATEMALA,Same-day visitors (excursionists),Thousands,2001,
GUINEA,Total trips,Thousands,2001,
GUINEA,Overnights visitors (tourists),Thousands,2001,
GUINEA,Same-day visitors (excursionists),Thousands,2001,
GUINEA-BISSAU,Total trips,Thousands,2001,
GUINEA-BISSAU,Overnights visitors (tourists),Thousands,2001,
GUINEA-BISSAU,Same-day visitors (excursionists),Thousands,2001,
GUYANA,Total trips,Thousands,2001,
GUYANA,Overnights visitors (tourists),Thousands,2001,
GUYANA,Same-day visitors (excursionists),Thousands,2001,
HAITI,Total trips,Thousands,2001,
HAITI,Overnights visitors (tourists),Thousands,2001,
HAITI,Same-day visitors (excursionists),Thousands,2001,
HONDURAS,Total trips,Thousands,2001,
HONDURAS,Overnights visitors (tourists),Thousands,2001,
HONDURAS,Same-day visitors (excursionists),Thousands,2001,
"HONG KONG, CHINA",Total trips,Thousands,2001,
"HONG KONG, CHINA",Overnights visitors (tourists),Thousands,2001,
"HONG KONG, CHINA",Same-day visitors (excursionists),Thousands,2001,
HUNGARY,Total trips,Thousands,2001,
HUNGARY,Overnights visitors (tourists),Thousands,2001,
HUNGARY,Same-day visitors (excursionists),Thousands,2001,
ICELAND,Total trips,Thousands,2001,
ICELAND,Overnights visitors (tourists),Thousands,2001,
ICELAND,Same-day visitors (excursionists),Thousands,2001,
INDIA,Total trips,Thousands,2001,
INDIA,Overnights visitors (tourists),Thousands,2001,
INDIA,Same-day visitors (excursionists),Thousands,2001,
INDONESIA,Total trips,Thousands,2001,
INDONESIA,Overnights visitors (tourists),Thousands,2001,
INDONESIA,Same-day visitors (excursionists),Thousands,2001,
"IRAN, ISLAMIC REPUBLIC OF",Total trips,Thousands,2001,
"IRAN, ISLAMIC REPUBLIC OF",Overnights visitors (tourists),Thousands,2001,
"IRAN, ISLAMIC REPUBLIC OF",Same-day visitors (excursionists),Thousands,2001,
IRAQ,Total trips,Thousands,2001,
IRAQ,Overnights visitors (tourists),Thousands,2001,
IRAQ,Same-day visitors (excursionists),Thousands,2001,
IRELAND,Total trips,Thousands,2001,
IRELAND,Overnights visitors (tourists),Thousands,2001,
IRELAND,Same-day visitors (excursionists),Thousands,2001,
ISRAEL,Total trips,Thousands,2001,
ISRAEL,Overnights visitors (tourists),Thousands,2001,
ISRAEL,Same-day visitors (excursionists),Thousands,2001,
ITALY,Total trips,Thousands,2001,
ITALY,Overnights visitors (tourists),Thousands,2001,
ITALY,Same-day visitors (excursionists),Thousands,2001,
JAMAICA,Total trips,Thousands,2001,
JAMAICA,Overnights visitors (tourists),Thousands,2001,
JAMAICA,Same-day visitors (excursionists),Thousands,2001,
JAPAN,Total trips,Thousands,2001,
JAPAN,Overnights visitors (tourists),Thousands,2001,
JAPAN,Same-day visitors (excursionists),Thousands,2001,
JORDAN,Total trips,Thousands,2001,
JORDAN,Overnights visitors (tourists),Thousands,2001,
JORDAN,Same-day visitors (excursionists),Thousands,2001,
KAZAKHSTAN,Total trips,Thousands,2001,
KAZAKHSTAN,Overnights visitors (tourists),Thousands,2001,
KAZAKHSTAN,Same-day visitors (excursionists),Thousands,2001,
KENYA,Total trips,Thousands,2001,
KENYA,Overnights visitors (tourists),Thousands,2001,
KENYA,Same-day visitors (excursionists),Thousands,2001,
KIRIBATI,Total trips,Thousands,2001,
KIRIBATI,Overnights visitors (tourists),Thousands,2001,
KIRIBATI,Same-day visitors (excursionists),Thousands,2001,
"KOREA, DEMOCRATIC PEOPLE´S REPUBLIC OF",Total trips,Thousands,2001,
"KOREA, DEMOCRATIC PEOPLE´S REPUBLIC OF",Overnights visitors (tourists),Thousands,2001,
"KOREA, DEMOCRATIC PEOPLE´S REPUBLIC OF",Same-day visitors (excursionists),Thousands,2001,
"KOREA, REPUBLIC OF",Total trips,Thousands,2001,
"KOREA, REPUBLIC OF",Overnights visitors (tourists),Thousands,2001,
"KOREA, REPUBLIC OF",Same-day visitors (excursionists),Thousands,2001,
KUWAIT,Total trips,Thousands,2001,
KUWAIT,Overnights visitors (tourists),Thousands,2001,
KUWAIT,Same-day visitors (excursionists),Thousands,2001,
KYRGYZSTAN,Total trips,Thousands,2001,
KYRGYZSTAN,Overnights visitors (tourists),Thousands,2001,
KYRGYZSTAN,Same-day visitors (excursionists),Thousands,2001,
LAO PEOPLE´S DEMOCRATIC REPUBLIC,Total trips,Thousands,2001,
LAO PEOPLE´S DEMOCRATIC REPUBLIC,Overnights visitors (tourists),Thousands,2001,
LAO PEOPLE´S DEMOCRATIC REPUBLIC,Same-day visitors (excursionists),Thousands,2001,
LATVIA,Total trips,Thousands,2001,
LATVIA,Overnights visitors (tourists),Thousands,2001,
LATVIA,Same-day visitors (excursionists),Thousands,2001,
LEBANON,Total trips,Thousands,2001,
LEBANON,Overnights visitors (tourists),Thousands,2001,
LEBANON,Same-day visitors (excursionists),Thousands,2001,
LESOTHO,Total trips,Thousands,2001,
LESOTHO,Overnights visitors (tourists),Thousands,2001,
LESOTHO,Same-day visitors (excursionists),Thousands,2001,
LIBERIA,Total trips,Thousands,2001,
LIBERIA,Overnights visitors (tourists),Thousands,2001,
LIBERIA,Same-day visitors (excursionists),Thousands,2001,
LIBYA,Total trips,Thousands,2001,
LIBYA,Overnights visitors (tourists),Thousands,2001,
LIBYA,Same-day visitors (excursionists),Thousands,2001,
LIECHTENSTEIN,Total trips,Thousands,2001,
LIECHTENSTEIN,Overnights visitors (tourists),Thousands,2001,
LIECHTENSTEIN,Same-day visitors (excursionists),Thousands,2001,
LITHUANIA,Total trips,Thousands,2001,
LITHUANIA,Overnights visitors (tourists),Thousands,2001,
LITHUANIA,Same-day visitors (excursionists),Thousands,2001,
LUXEMBOURG,Total trips,Thousands,2001,
LUXEMBOURG,Overnights visitors (tourists),Thousands,2001,
LUXEMBOURG,Same-day visitors (excursionists),Thousands,2001,
"MACAO, CHINA",Total trips,Thousands,2001,
"MACAO, CHINA",Overnights visitors (tourists),Thousands,2001,
"MACAO, CHINA",Same-day visitors (excursionists),Thousands,2001,
MADAGASCAR,Total trips,Thousands,2001,
MADAGASCAR,Overnights visitors (tourists),Thousands,2001,
MADAGASCAR,Same-day visitors (excursionists),Thousands,2001,
MALAWI,Total trips,Thousands,2001,
MALAWI,Overnights visitors (tourists),Thousands,2001,
MALAWI,Same-day visitors (excursionists),Thousands,2001,
MALAYSIA,Total trips,Thousands,2001,
MALAYSIA,Overnights visitors (tourists),Thousands,2001,
MALAYSIA,Same-day visitors (excursionists),Thousands,2001,
MALDIVES,Total trips,Thousands,2001,
MALDIVES,Overnights visitors (tourists),Thousands,2001,
MALDIVES,Same-day visitors (excursionists),Thousands,2001,
MALI,Total trips,Thousands,2001,
MALI,Overnights visitors (tourists),Thousands,2001,
MALI,Same-day visitors (excursionists),Thousands,2001,
MALTA,Total trips,Thousands,2001,
MALTA,Overnights visitors (tourists),Thousands,2001,
MALTA,Same-day visitors (excursionists),Thousands,2001,
MARSHALL ISLANDS,Total trips,Thousands,2001,
MARSHALL ISLANDS,Overnights visitors (tourists),Thousands,2001,
MARSHALL ISLANDS,Same-day visitors (excursionists),Thousands,2001,
MARTINIQUE,Total trips,Thousands,2001,
MARTINIQUE,Overnights visitors (tourists),Thousands,2001,
MARTINIQUE,Same-day visitors (excursionists),Thousands,2001,
MAURITANIA,Total trips,Thousands,2001,
MAURITANIA,Overnights visitors (tourists),Thousands,2001,
MAURITANIA,Same-day visitors (excursionists),Thousands,2001,
MAURITIUS,Total trips,Thousands,2001,
MAURITIUS,Overnights visitors (tourists),Thousands,2001,
MAURITIUS,Same-day visitors (excursionists),Thousands,2001,
MEXICO,Total trips,Thousands,2001,
MEXICO,Overnights visitors (tourists),Thousands,2001,
MEXICO,Same-day visitors (excursionists),Thousands,2001,
"MICRONESIA, FEDERATED STATES OF",Total trips,Thousands,2001,
"MICRONESIA, FEDERATED STATES OF",Overnights visitors (tourists),Thousands,2001,
"MICRONESIA, FEDERATED STATES OF",Same-day visitors (excursionists),Thousands,2001,
"MOLDOVA, REPUBLIC OF",Total trips,Thousands,2001,
"MOLDOVA, REPUBLIC OF",Overnights visitors (tourists),Thousands,2001,
"MOLDOVA, REPUBLIC OF",Same-day visitors (excursionists),Thousands,2001,
MONACO,Total trips,Thousands,2001,
MONACO,Overnights visitors (tourists),Thousands,2001,
MONACO,Same-day visitors (excursionists),Thousands,2001,
MONGOLIA,Total trips,Thousands,2001,
MONGOLIA,Overnights visitors (tourists),Thousands,2001,
MONGOLIA,Same-day visitors (excursionists),Thousands,2001,
MONTENEGRO,Total trips,Thousands,2001,
MONTENEGRO,Overnights visitors (tourists),Thousands,2001,
MONTENEGRO,Same-day visitors (excursionists),Thousands,2001,
MONTSERRAT,Total trips,Thousands,2001,
MONTSERRAT,Overnights visitors (tourists),Thousands,2001,
MONTSERRAT,Same-day visitors (excursionists),Thousands,2001,
MOROCCO,Total trips,Thousands,2001,
MOROCCO,Overnights visitors (tourists),Thousands,2001,
MOROCCO,Same-day visitors (excursionists),Thousands,2001,
MOZAMBIQUE,Total trips,Thousands,2001,
MOZAMBIQUE,Overnights visitors (tourists),Thousands,2001,
MOZAMBIQUE,Same-day visitors (excursionists),Thousands,2001,
MYANMAR,Total trips,Thousands,2001,
MYANMAR,Overnights visitors (tourists),Thousands,2001,
MYANMAR,Same-day visitors (excursionists),Thousands,2001,
NAMIBIA,Total trips,Thousands,2001,
NAMIBIA,Overnights visitors (tourists),Thousands,2001,
NAMIBIA,Same-day visitors (excursionists),Thousands,2001,
NAURU,Total trips,Thousands,2001,
NAURU,Overnights visitors (tourists),Thousands,2001,
NAURU,Same-day visitors (excursionists),Thousands,2001,
NEPAL,Total trips,Thousands,2001,
NEPAL,Overnights visitors (tourists),Thousands,2001,
NEPAL,Same-day visitors (excursionists),Thousands,2001,
NETHERLANDS,Total trips,Thousands,2001,
NETHERLANDS,Overnights visitors (tourists),Thousands,2001,
NETHERLANDS,Same-day visitors (excursionists),Thousands,2001,
NEW CALEDONIA,Total trips,Thousands,2001,
NEW CALEDONIA,Overnights visitors (tourists),Thousands,2001,
NEW CALEDONIA,Same-day visitors (excursionists),Thousands,2001,
NEW ZEALAND,Total trips,Thousands,2001,
NEW ZEALAND,Overnights visitors (tourists),Thousands,2001,
NEW ZEALAND,Same-day visitors (excursionists),Thousands,2001,
NICARAGUA,Total trips,Thousands,2001,
NICARAGUA,Overnights visitors (tourists),Thousands,2001,
NICARAGUA,Same-day visitors (excursionists),Thousands,2001,
NIGER,Total trips,Thousands,2001,
NIGER,Overnights visitors (tourists),Thousands,2001,
NIGER,Same-day visitors (excursionists),Thousands,2001,
NIGERIA,Total trips,Thousands,2001,
NIGERIA,Overnights visitors (tourists),Thousands,2001,
NIGERIA,Same-day visitors (excursionists),Thousands,2001,
NIUE,Total trips,Thousands,2001,
NIUE,Overnights visitors (tourists),Thousands,2001,
NIUE,Same-day visitors (excursionists),Thousands,2001,
NORTH MACEDONIA,Total trips,Thousands,2001,
NORTH MACEDONIA,Overnights visitors (tourists),Thousands,2001,
NORTH MACEDONIA,Same-day visitors (excursionists),Thousands,2001,
NORTHERN MARIANA ISLANDS,Total trips,Thousands,2001,
NORTHERN MARIANA ISLANDS,Overnights visitors (tourists),Thousands,2001,
NORTHERN MARIANA ISLANDS,Same-day visitors (excursionists),Thousands,2001,
NORWAY,Total trips,Thousands,2001,
NORWAY,Overnights visitors (tourists),Thousands,2001,
NORWAY,Same-day visitors (excursionists),Thousands,2001,
OMAN,Total trips,Thousands,2001,
OMAN,Overnights visitors (tourists),Thousands,2001,
OMAN,Same-day visitors (excursionists),Thousands,2001,
PAKISTAN,Total trips,Thousands,2001,
PAKISTAN,Overnights visitors (tourists),Thousands,2001,
PAKISTAN,Same-day visitors (excursionists),Thousands,2001,
PALAU,Total trips,Thousands,2001,
PALAU,Overnights visitors (tourists),Thousands,2001,
PALAU,Same-day visitors (excursionists),Thousands,2001,
PANAMA,Total trips,Thousands,2001,
PANAMA,Overnights visitors (tourists),Thousands,2001,
PANAMA,Same-day visitors (excursionists),Thousands,2001,
PAPUA NEW GUINEA,Total trips,Thousands,2001,
PAPUA NEW GUINEA,Overnights visitors (tourists),Thousands,2001,
PAPUA NEW GUINEA,Same-day visitors (excursionists),Thousands,2001,
PARAGUAY,Total trips,Thousands,2001,
PARAGUAY,Overnights visitors (tourists),Thousands,2001,
PARAGUAY,Same-day visitors (excursionists),Thousands,2001,
PERU,Total trips,Thousands,2001,
PERU,Overnights visitors (tourists),Thousands,2001,
PERU,Same-day visitors (excursionists),Thousands,2001,
PHILIPPINES,Total trips,Thousands,2001,
PHILIPPINES,Overnights visitors (tourists),Thousands,2001,
PHILIPPINES,Same-day visitors (excursionists),Thousands,2001,
POLAND,Total trips,Thousands,2001,
POLAND,Overnights visitors (tourists),Thousands,2001,
POLAND,Same-day visitors (excursionists),Thousands,2001,
PORTUGAL,Total trips,Thousands,2001,
PORTUGAL,Overnights visitors (tourists),Thousands,2001,
PORTUGAL,Same-day visitors (excursionists),Thousands,2001,
PUERTO RICO,Total trips,Thousands,2001,
PUERTO RICO,Overnights visitors (tourists),Thousands,2001,
PUERTO RICO,Same-day visitors (excursionists),Thousands,2001,
QATAR,Total trips,Thousands,2001,
QATAR,Overnights visitors (tourists),Thousands,2001,
QATAR,Same-day visitors (excursionists),Thousands,2001,
REUNION,Total trips,Thousands,2001,
REUNION,Overnights visitors (tourists),Thousands,2001,
REUNION,Same-day visitors (excursionists),Thousands,2001,
ROMANIA,Total trips,Thousands,2001,
ROMANIA,Overnights visitors (tourists),Thousands,2001,
ROMANIA,Same-day visitors (excursionists),Thousands,2001,
RUSSIAN FEDERATION,Total trips,Thousands,2001,
RUSSIAN FEDERATION,Overnights visitors (tourists),Thousands,2001,
RUSSIAN FEDERATION,Same-day visitors (excursionists),Thousands,2001,
RWANDA,Total trips,Thousands,2001,
RWANDA,Overnights visitors (tourists),Thousands,2001,
RWANDA,Same-day visitors (excursionists),Thousands,2001,
SABA,Total trips,Thousands,2001,
SABA,Overnights visitors (tourists),Thousands,2001,
SABA,Same-day visitors (excursionists),Thousands,2001,
SAINT KITTS AND NEVIS,Total trips,Thousands,2001,
SAINT KITTS AND NEVIS,Overnights visitors (tourists),Thousands,2001,
SAINT KITTS AND NEVIS,Same-day visitors (excursionists),Thousands,2001,
SAINT LUCIA,Total trips,Thousands,2001,
SAINT LUCIA,Overnights visitors (tourists),Thousands,2001,
SAINT LUCIA,Same-day visitors (excursionists),Thousands,2001,
SAINT VINCENT AND THE GRENADINES,Total trips,Thousands,2001,
SAINT VINCENT AND THE GRENADINES,Overnights visitors (tourists),Thousands,2001,
SAINT VINCENT AND THE GRENADINES,Same-day visitors (excursionists),Thousands,2001,
SAMOA,Total trips,Thousands,2001,
SAMOA,Overnights visitors (tourists),Thousands,2001,
SAMOA,Same-day visitors (excursionists),Thousands,2001,
SAN MARINO,Total trips,Thousands,2001,
SAN MARINO,Overnights visitors (tourists),Thousands,2001,
SAN MARINO,Same-day visitors (excursionists),Thousands,2001,
SAO TOME AND PRINCIPE,Total trips,Thousands,2001,
SAO TOME AND PRINCIPE,Overnights visitors (tourists),Thousands,2001,
SAO TOME AND PRINCIPE,Same-day visitors (excursionists),Thousands,2001,
SAUDI ARABIA,Total trips,Thousands,2001,
SAUDI ARABIA,Overnights visitors (tourists),Thousands,2001,
SAUDI ARABIA,Same-day visitors (excursionists),Thousands,2001,
SENEGAL,Total trips,Thousands,2001,
SENEGAL,Overnights visitors (tourists),Thousands,2001,
SENEGAL,Same-day visitors (excursionists),Thousands,2001,
SERBIA,Total trips,Thousands,2001,
SERBIA,Overnights visitors (tourists),Thousands,2001,
SERBIA,Same-day visitors (excursionists),Thousands,2001,
SERBIA AND MONTENEGRO,Total trips,Thousands,2001,
SERBIA AND MONTENEGRO,Overnights visitors (tourists),Thousands,2001,
SERBIA AND MONTENEGRO,Same-day visitors (excursionists),Thousands,2001,
SEYCHELLES,Total trips,Thousands,2001,
SEYCHELLES,Overnights visitors (tourists),Thousands,2001,
SEYCHELLES,Same-day visitors (excursionists),Thousands,2001,
SIERRA LEONE,Total trips,Thousands,2001,
SIERRA LEONE,Overnights visitors (tourists),Thousands,2001,
SIERRA LEONE,Same-day visitors (excursionists),Thousands,2001,
SINGAPORE,Total trips,Thousands,2001,
SINGAPORE,Overnights visitors (tourists),Thousands,2001,
SINGAPORE,Same-day visitors (excursionists),Thousands,2001,
SINT EUSTATIUS,Total trips,Thousands,2001,
SINT EUSTATIUS,Overnights visitors (tourists),Thousands,2001,
SINT EUSTATIUS,Same-day visitors (excursionists),Thousands,2001,
SINT MAARTEN (DUTCH PART),Total trips,Thousands,2001,
SINT MAARTEN (DUTCH PART),Overnights visitors (tourists),Thousands,2001,
SINT MAARTEN (DUTCH PART),Same-day visitors (excursionists),Thousands,2001,
SLOVAKIA,Total trips,Thousands,2001,
SLOVAKIA,Overnights visitors (tourists),Thousands,2001,
SLOVAKIA,Same-day visitors (excursionists),Thousands,2001,
SLOVENIA,Total trips,Thousands,2001,
SLOVENIA,Overnights visitors (tourists),Thousands,2001,
SLOVENIA,Same-day visitors (excursionists),Thousands,2001,
SOLOMON ISLANDS,Total trips,Thousands,2001,
SOLOMON ISLANDS,Overnights visitors (tourists),Thousands,2001,
SOLOMON ISLANDS,Same-day visitors (excursionists),Thousands,2001,
SOMALIA,Total trips,Thousands,2001,
SOMALIA,Overnights visitors (tourists),Thousands,2001,
SOMALIA,Same-day visitors (excursionists),Thousands,2001,
SOUTH AFRICA,Total trips,Thousands,2001,
SOUTH AFRICA,Overnights visitors (tourists),Thousands,2001,
SOUTH AFRICA,Same-day visitors (excursionists),Thousands,2001,
SOUTH SUDAN,Total trips,Thousands,2001,
SOUTH SUDAN,Overnights visitors (tourists),Thousands,2001,
SOUTH SUDAN,Same-day visitors (excursionists),Thousands,2001,
SPAIN,Total trips,Thousands,2001,
SPAIN,Overnights visitors (tourists),Thousands,2001,
SPAIN,Same-day visitors (excursionists),Thousands,2001,
SRI LANKA,Total trips,Thousands,2001,
SRI LANKA,Overnights visitors (tourists),Thousands,2001,
SRI LANKA,Same-day visitors (excursionists),Thousands,2001,
STATE OF PALESTINE,Total trips,Thousands,2001,
STATE OF PALESTINE,Overnights visitors (tourists),Thousands,2001,
STATE OF PALESTINE,Same-day visitors (excursionists),Thousands,2001,
SUDAN,Total trips,Thousands,2001,
SUDAN,Overnights visitors (tourists),Thousands,2001,
SUDAN,Same-day visitors (excursionists),Thousands,2001,
SURINAME,Total trips,Thousands,2001,
SURINAME,Overnights visitors (tourists),Thousands,2001,
SURINAME,Same-day visitors (excursionists),Thousands,2001,
SWEDEN,Total trips,Thousands,2001,
SWEDEN,Overnights visitors (tourists),Thousands,2001,
SWEDEN,Same-day visitors (excursionists),Thousands,2001,
SWITZERLAND,Total trips,Thousands,2001,
SWITZERLAND,Overnights visitors (tourists),Thousands,2001,
SWITZERLAND,Same-day visitors (excursionists),Thousands,2001,
SYRIAN ARAB REPUBLIC,Total trips,Thousands,2001,
SYRIAN ARAB REPUBLIC,Overnights visitors (tourists),Thousands,2001,
SYRIAN ARAB REPUBLIC,Same-day visitors (excursionists),Thousands,2001,
TAIWAN PROVINCE OF CHINA,Total trips,Thousands,2001,
TAIWAN PROVINCE OF CHINA,Overnights visitors (tourists),Thousands,2001,
TAIWAN PROVINCE OF CHINA,Same-day visitors (excursionists),Thousands,2001,
TAJIKISTAN,Total trips,Thousands,2001,
TAJIKISTAN,Overnights visitors (tourists),Thousands,2001,
TAJIKISTAN,Same-day visitors (excursionists),Thousands,2001,
"TANZANIA, UNITED REPUBLIC OF",Total trips,Thousands,2001,
"TANZANIA, UNITED REPUBLIC OF",Overnights visitors (tourists),Thousands,2001,
"TANZANIA, UNITED REPUBLIC OF",Same-day visitors (excursionists),Thousands,2001,
THAILAND,Total trips,Thousands,2001,
THAILAND,Overnights visitors (tourists),Thousands,2001,
THAILAND,Same-day visitors (excursionists),Thousands,2001,
TIMOR-LESTE,Total trips,Thousands,2001,
TIMOR-LESTE,Overnights visitors (tourists),Thousands,2001,
TIMOR-LESTE,Same-day visitors (excursionists),Thousands,2001,
TOGO,Total trips,Thousands,2001,
TOGO,Overnights visitors (tourists),Thousands,2001,
TOGO,Same-day visitors (excursionists),Thousands,2001,
TONGA,Total trips,Thousands,2001,
TONGA,Overnights visitors (tourists),Thousands,2001,
TONGA,Same-day visitors (excursionists),Thousands,2001,
TRINIDAD AND TOBAGO,Total trips,Thousands,2001,
TRINIDAD AND TOBAGO,Overnights visitors (tourists),Thousands,2001,
TRINIDAD AND TOBAGO,Same-day visitors (excursionists),Thousands,2001,
TUNISIA,Total trips,Thousands,2001,
TUNISIA,Overnights visitors (tourists),Thousands,2001,
TUNISIA,Same-day visitors (excursionists),Thousands,2001,
TÜRKIYE,Total trips,Thousands,2001,
TÜRKIYE,Overnights visitors (tourists),Thousands,2001,
TÜRKIYE,Same-day visitors (excursionists),Thousands,2001,
TURKMENISTAN,Total trips,Thousands,2001,
TURKMENISTAN,Overnights visitors (tourists),Thousands,2001,
TURKMENISTAN,Same-day visitors (excursionists),Thousands,2001,
TURKS AND CAICOS ISLANDS,Total trips,Thousands,2001,
TURKS AND CAICOS ISLANDS,Overnights visitors (tourists),Thousands,2001,
TURKS AND CAICOS ISLANDS,Same-day visitors (excursionists),Thousands,2001,
TUVALU,Total trips,Thousands,2001,
TUVALU,Overnights visitors (tourists),Thousands,2001,
TUVALU,Same-day visitors (excursionists),Thousands,2001,
UGANDA,Total trips,Thousands,2001,
UGANDA,Overnights visitors (tourists),Thousands,2001,
UGANDA,Same-day visitors (excursionists),Thousands,2001,
UKRAINE,Total trips,Thousands,2001,
UKRAINE,Overnights visitors (tourists),Thousands,2001,
UKRAINE,Same-day visitors (excursionists),Thousands,2001,
UNITED ARAB EMIRATES,Total trips,Thousands,2001,
UNITED ARAB EMIRATES,Overnights visitors (tourists),Thousands,2001,
UNITED ARAB EMIRATES,Same-day visitors (excursionists),Thousands,2001,
UNITED KINGDOM,Total trips,Thousands,2001,
UNITED KINGDOM,Overnights visitors (tourists),Thousands,2001,
UNITED KINGDOM,Same-day visitors (excursionists),Thousands,2001,
UNITED STATES OF AMERICA,Total trips,Thousands,2001,
UNITED STATES OF AMERICA,Overnights visitors (tourists),Thousands,2001,
UNITED STATES OF AMERICA,Same-day visitors (excursionists),Thousands,2001,
UNITED STATES VIRGIN ISLANDS,Total trips,Thousands,2001,
UNITED STATES VIRGIN ISLANDS,Overnights visitors (tourists),Thousands,2001,
UNITED STATES VIRGIN ISLANDS,Same-day visitors (excursionists),Thousands,2001,
URUGUAY,Total trips,Thousands,2001,
URUGUAY,Overnights visitors (tourists),Thousands,2001,
URUGUAY,Same-day visitors (excursionists),Thousands,2001,
UZBEKISTAN,Total trips,Thousands,2001,
UZBEKISTAN,Overnights visitors (tourists),Thousands,2001,
UZBEKISTAN,Same-day visitors (excursionists),Thousands,2001,
VANUATU,Total trips,Thousands,2001,
VANUATU,Overnights visitors (tourists),Thousands,2001,
VANUATU,Same-day visitors (excursionists),Thousands,2001,
"VENEZUELA, BOLIVARIAN REPUBLIC OF",Total trips,Thousands,2001,
"VENEZUELA, BOLIVARIAN REPUBLIC OF",Overnights visitors (tourists),Thousands,2001,
"VENEZUELA, BOLIVARIAN REPUBLIC OF",Same-day visitors (excursionists),Thousands,2001,
VIET NAM,Total trips,Thousands,2001,
VIET NAM,Overnights visitors (tourists),Thousands,2001,
VIET NAM,Same-day visitors (excursionists),Thousands,2001,
YEMEN,Total trips,Thousands,2001,
YEMEN,Overnights visitors (tourists),Thousands,2001,
YEMEN,Same-day visitors (excursionists),Thousands,2001,
ZAMBIA,Total trips,Thousands,2001,
ZAMBIA,Overnights visitors (tourists),Thousands,2001,
ZAMBIA,Same-day visitors (excursionists),Thousands,2001,
ZIMBABWE,Total trips,Thousands,2001,
ZIMBABWE,Overnights visitors (tourists),Thousands,2001,
ZIMBABWE,Same-day visitors (excursionists),Thousands,2001,
AFGHANISTAN,Total trips,Thousands,2002,
AFGHANISTAN,Overnights visitors (tourists),Thousands,2002,
AFGHANISTAN,Same-day visitors (excursionists),Thousands,2002,
ALBANIA,Total trips,Thousands,2002,
ALBANIA,Overnights visitors (tourists),Thousands,2002,
ALBANIA,Same-day visitors (excursionists),Thousands,2002,
ALGERIA,Total trips,Thousands,2002,
ALGERIA,Overnights visitors (tourists),Thousands,2002,
ALGERIA,Same-day visitors (excursionists),Thousands,2002,
AMERICAN SAMOA,Total trips,Thousands,2002,
AMERICAN SAMOA,Overnights visitors (tourists),Thousands,2002,
AMERICAN SAMOA,Same-day visitors (excursionists),Thousands,2002,
ANDORRA,Total trips,Thousands,2002,
ANDORRA,Overnights visitors (tourists),Thousands,2002,
ANDORRA,Same-day visitors (excursionists),Thousands,2002,
ANGOLA,Total trips,Thousands,2002,
ANGOLA,Overnights visitors (tourists),Thousands,2002,
ANGOLA,Same-day visitors (excursionists),Thousands,2002,
ANGUILLA,Total trips,Thousands,2002,
ANGUILLA,Overnights visitors (tourists),Thousands,2002,
ANGUILLA,Same-day visitors (excursionists),Thousands,2002,
ANTIGUA AND BARBUDA,Total trips,Thousands,2002,
ANTIGUA AND BARBUDA,Overnights visitors (tourists),Thousands,2002,
ANTIGUA AND BARBUDA,Same-day visitors (excursionists),Thousands,2002,
ARGENTINA,Total trips,Thousands,2002,
ARGENTINA,Overnights visitors (tourists),Thousands,2002,
ARGENTINA,Same-day visitors (excursionists),Thousands,2002,
ARMENIA,Total trips,Thousands,2002,
ARMENIA,Overnights visitors (tourists),Thousands,2002,
ARMENIA,Same-day visitors (excursionists),Thousands,2002,
ARUBA,Total trips,Thousands,2002,
ARUBA,Overnights visitors (tourists),Thousands,2002,
ARUBA,Same-day visitors (excursionists),Thousands,2002,
AUSTRALIA,Total trips,Thousands,2002,
AUSTRALIA,Overnights visitors (tourists),Thousands,2002,
AUSTRALIA,Same-day visitors (excursionists),Thousands,2002,
AUSTRIA,Total trips,Thousands,2002,
AUSTRIA,Overnights visitors (tourists),Thousands,2002,
AUSTRIA,Same-day visitors (excursionists),Thousands,2002,
AZERBAIJAN,Total trips,Thousands,2002,
AZERBAIJAN,Overnights visitors (tourists),Thousands,2002,
AZERBAIJAN,Same-day visitors (excursionists),Thousands,2002,
BAHAMAS,Total trips,Thousands,2002,
BAHAMAS,Overnights visitors (tourists),Thousands,2002,
BAHAMAS,Same-day visitors (excursionists),Thousands,2002,
BAHRAIN,Total trips,Thousands,2002,
BAHRAIN,Overnights visitors (tourists),Thousands,2002,
BAHRAIN,Same-day visitors (excursionists),Thousands,2002,
BANGLADESH,Total trips,Thousands,2002,
BANGLADESH,Overnights visitors (tourists),Thousands,2002,
BANGLADESH,Same-day visitors (excursionists),Thousands,2002,
BARBADOS,Total trips,Thousands,2002,
BARBADOS,Overnights visitors (tourists),Thousands,2002,
BARBADOS,Same-day visitors (excursionists),Thousands,2002,
BELARUS,Total trips,Thousands,2002,
BELARUS,Overnights visitors (tourists),Thousands,2002,
BELARUS,Same-day visitors (excursionists),Thousands,2002,
BELGIUM,Total trips,Thousands,2002,
BELGIUM,Overnights visitors (tourists),Thousands,2002,
BELGIUM,Same-day visitors (excursionists),Thousands,2002,
BELIZE,Total trips,Thousands,2002,
BELIZE,Overnights visitors (tourists),Thousands,2002,
BELIZE,Same-day visitors (excursionists),Thousands,2002,
BENIN,Total trips,Thousands,2002,
BENIN,Overnights visitors (tourists),Thousands,2002,
BENIN,Same-day visitors (excursionists),Thousands,2002,
BERMUDA,Total trips,Thousands,2002,
BERMUDA,Overnights visitors (tourists),Thousands,2002,
BERMUDA,Same-day visitors (excursionists),Thousands,2002,
BHUTAN,Total trips,Thousands,2002,
BHUTAN,Overnights visitors (tourists),Thousands,2002,
BHUTAN,Same-day visitors (excursionists),Thousands,2002,
"BOLIVIA, PLURINATIONAL STATE OF",Total trips,Thousands,2002,
"BOLIVIA, PLURINATIONAL STATE OF",Overnights visitors (tourists),Thousands,2002,
"BOLIVIA, PLURINATIONAL STATE OF",Same-day visitors (excursionists),Thousands,2002,
BONAIRE,Total trips,Thousands,2002,
BONAIRE,Overnights visitors (tourists),Thousands,2002,
BONAIRE,Same-day visitors (excursionists),Thousands,2002,
BOSNIA AND HERZEGOVINA,Total trips,Thousands,2002,
BOSNIA AND HERZEGOVINA,Overnights visitors (tourists),Thousands,2002,
BOSNIA AND HERZEGOVINA,Same-day visitors (excursionists),Thousands,2002,
BOTSWANA,Total trips,Thousands,2002,
BOTSWANA,Overnights visitors (tourists),Thousands,2002,
BOTSWANA,Same-day visitors (excursionists),Thousands,2002,
BRAZIL,Total trips,Thousands,2002,
BRAZIL,Overnights visitors (tourists),Thousands,2002,
BRAZIL,Same-day visitors (excursionists),Thousands,2002,
BRITISH VIRGIN ISLANDS,Total trips,Thousands,2002,
BRITISH VIRGIN ISLANDS,Overnights visitors (tourists),Thousands,2002,
BRITISH VIRGIN ISLANDS,Same-day visitors (excursionists),Thousands,2002,
BRUNEI DARUSSALAM,Total trips,Thousands,2002,
BRUNEI DARUSSALAM,Overnights visitors (tourists),Thousands,2002,
BRUNEI DARUSSALAM,Same-day visitors (excursionists),Thousands,2002,
BULGARIA,Total trips,Thousands,2002,
BULGARIA,Overnights visitors (tourists),Thousands,2002,
BULGARIA,Same-day visitors (excursionists),Thousands,2002,
BURKINA FASO,Total trips,Thousands,2002,
BURKINA FASO,Overnights visitors (tourists),Thousands,2002,
BURKINA FASO,Same-day visitors (excursionists),Thousands,2002,
BURUNDI,Total trips,Thousands,2002,
BURUNDI,Overnights visitors (tourists),Thousands,2002,
BURUNDI,Same-day visitors (excursionists),Thousands,2002,
CABO VERDE,Total trips,Thousands,2002,
CABO VERDE,Overnights visitors (tourists),Thousands,2002,
CABO VERDE,Same-day visitors (excursionists),Thousands,2002,
CAMBODIA,Total trips,Thousands,2002,
CAMBODIA,Overnights visitors (tourists),Thousands,2002,
CAMBODIA,Same-day visitors (excursionists),Thousands,2002,
CAMEROON,Total trips,Thousands,2002,
CAMEROON,Overnights visitors (tourists),Thousands,2002,
CAMEROON,Same-day visitors (excursionists),Thousands,2002,
CANADA,Total trips,Thousands,2002,
CANADA,Overnights visitors (tourists),Thousands,2002,
CANADA,Same-day visitors (excursionists),Thousands,2002,
CAYMAN ISLANDS,Total trips,Thousands,2002,
CAYMAN ISLANDS,Overnights visitors (tourists),Thousands,2002,
CAYMAN ISLANDS,Same-day visitors (excursionists),Thousands,2002,
CENTRAL AFRICAN REPUBLIC,Total trips,Thousands,2002,
CENTRAL AFRICAN REPUBLIC,Overnights visitors (tourists),Thousands,2002,
CENTRAL AFRICAN REPUBLIC,Same-day visitors (excursionists),Thousands,2002,
CHAD,Total trips,Thousands,2002,
CHAD,Overnights visitors (tourists),Thousands,2002,
CHAD,Same-day visitors (excursionists),Thousands,2002,
CHILE,Total trips,Thousands,2002,
CHILE,Overnights visitors (tourists),Thousands,2002,
CHILE,Same-day visitors (excursionists),Thousands,2002,
CHINA,Total trips,Thousands,2002,
CHINA,Overnights visitors (tourists),Thousands,2002,
CHINA,Same-day visitors (excursionists),Thousands,2002,
COLOMBIA,Total trips,Thousands,2002,
COLOMBIA,Overnights visitors (tourists),Thousands,2002,
COLOMBIA,Same-day visitors (excursionists),Thousands,2002,
COMOROS,Total trips,Thousands,2002,
COMOROS,Overnights visitors (tourists),Thousands,2002,
COMOROS,Same-day visitors (excursionists),Thousands,2002,
CONGO,Total trips,Thousands,2002,
CONGO,Overnights visitors (tourists),Thousands,2002,
CONGO,Same-day visitors (excursionists),Thousands,2002,
"CONGO, DEMOCRATIC REPUBLIC OF THE",Total trips,Thousands,2002,
"CONGO, DEMOCRATIC REPUBLIC OF THE",Overnights visitors (tourists),Thousands,2002,
"CONGO, DEMOCRATIC REPUBLIC OF THE",Same-day visitors (excursionists),Thousands,2002,
COOK ISLANDS,Total trips,Thousands,2002,
COOK ISLANDS,Overnights visitors (tourists),Thousands,2002,
COOK ISLANDS,Same-day visitors (excursionists),Thousands,2002,
COSTA RICA,Total trips,Thousands,2002,
COSTA RICA,Overnights visitors (tourists),Thousands,2002,
COSTA RICA,Same-day visitors (excursionists),Thousands,2002,
COTE D´IVOIRE,Total trips,Thousands,2002,
COTE D´IVOIRE,Overnights visitors (tourists),Thousands,2002,
COTE D´IVOIRE,Same-day visitors (excursionists),Thousands,2002,
CROATIA,Total trips,Thousands,2002,
CROATIA,Overnights visitors (tourists),Thousands,2002,
CROATIA,Same-day visitors (excursionists),Thousands,2002,
CUBA,Total trips,Thousands,2002,
CUBA,Overnights visitors (tourists),Thousands,2002,
CUBA,Same-day visitors (excursionists),Thousands,2002,
CURAÇAO,Total trips,Thousands,2002,
CURAÇAO,Overnights visitors (tourists),Thousands,2002,
CURAÇAO,Same-day visitors (excursionists),Thousands,2002,
CYPRUS,Total trips,Thousands,2002,
CYPRUS,Overnights visitors (tourists),Thousands,2002,
CYPRUS,Same-day visitors (excursionists),Thousands,2002,
CZECH REPUBLIC (CZECHIA),Total trips,Thousands,2002,
CZECH REPUBLIC (CZECHIA),Overnights visitors (tourists),Thousands,2002,
CZECH REPUBLIC (CZECHIA),Same-day visitors (excursionists),Thousands,2002,
DENMARK,Total trips,Thousands,2002,
DENMARK,Overnights visitors (tourists),Thousands,2002,
DENMARK,Same-day visitors (excursionists),Thousands,2002,
DJIBOUTI,Total trips,Thousands,2002,
DJIBOUTI,Overnights visitors (tourists),Thousands,2002,
DJIBOUTI,Same-day visitors (excursionists),Thousands,2002,
DOMINICA,Total trips,Thousands,2002,
DOMINICA,Overnights visitors (tourists),Thousands,2002,
DOMINICA,Same-day visitors (excursionists),Thousands,2002,
DOMINICAN REPUBLIC,Total trips,Thousands,2002,
DOMINICAN REPUBLIC,Overnights visitors (tourists),Thousands,2002,
DOMINICAN REPUBLIC,Same-day visitors (excursionists),Thousands,2002,
ECUADOR,Total trips,Thousands,2002,
ECUADOR,Overnights visitors (tourists),Thousands,2002,
ECUADOR,Same-day visitors (excursionists),Thousands,2002,
EGYPT,Total trips,Thousands,2002,
EGYPT,Overnights visitors (tourists),Thousands,2002,
EGYPT,Same-day visitors (excursionists),Thousands,2002,
EL SALVADOR,Total trips,Thousands,2002,
EL SALVADOR,Overnights visitors (tourists),Thousands,2002,
EL SALVADOR,Same-day visitors (excursionists),Thousands,2002,
EQUATORIAL GUINEA,Total trips,Thousands,2002,
EQUATORIAL GUINEA,Overnights visitors (tourists),Thousands,2002,
EQUATORIAL GUINEA,Same-day visitors (excursionists),Thousands,2002,
ERITREA,Total trips,Thousands,2002,
ERITREA,Overnights visitors (tourists),Thousands,2002,
ERITREA,Same-day visitors (excursionists),Thousands,2002,
ESTONIA,Total trips,Thousands,2002,
ESTONIA,Overnights visitors (tourists),Thousands,2002,
ESTONIA,Same-day visitors (excursionists),Thousands,2002,
ESWATINI,Total trips,Thousands,2002,
ESWATINI,Overnights visitors (tourists),Thousands,2002,
ESWATINI,Same-day visitors (excursionists),Thousands,2002,
ETHIOPIA,Total trips,Thousands,2002,
ETHIOPIA,Overnights visitors (tourists),Thousands,2002,
ETHIOPIA,Same-day visitors (excursionists),Thousands,2002,
FIJI,Total trips,Thousands,2002,
FIJI,Overnights visitors (tourists),Thousands,2002,
FIJI,Same-day visitors (excursionists),Thousands,2002,
FINLAND,Total trips,Thousands,2002,
FINLAND,Overnights visitors (tourists),Thousands,2002,
FINLAND,Same-day visitors (excursionists),Thousands,2002,
FRANCE,Total trips,Thousands,2002,
FRANCE,Overnights visitors (tourists),Thousands,2002,
FRANCE,Same-day visitors (excursionists),Thousands,2002,
FRENCH GUIANA,Total trips,Thousands,2002,
FRENCH GUIANA,Overnights visitors (tourists),Thousands,2002,
FRENCH GUIANA,Same-day visitors (excursionists),Thousands,2002,
FRENCH POLYNESIA,Total trips,Thousands,2002,
FRENCH POLYNESIA,Overnights visitors (tourists),Thousands,2002,
FRENCH POLYNESIA,Same-day visitors (excursionists),Thousands,2002,
GABON,Total trips,Thousands,2002,
GABON,Overnights visitors (tourists),Thousands,2002,
GABON,Same-day visitors (excursionists),Thousands,2002,
GAMBIA,Total trips,Thousands,2002,
GAMBIA,Overnights visitors (tourists),Thousands,2002,
GAMBIA,Same-day visitors (excursionists),Thousands,2002,
GEORGIA,Total trips,Thousands,2002,
GEORGIA,Overnights visitors (tourists),Thousands,2002,
GEORGIA,Same-day visitors (excursionists),Thousands,2002,
GERMANY,Total trips,Thousands,2002,
GERMANY,Overnights visitors (tourists),Thousands,2002,
GERMANY,Same-day visitors (excursionists),Thousands,2002,
GHANA,Total trips,Thousands,2002,
GHANA,Overnights visitors (tourists),Thousands,2002,
GHANA,Same-day visitors (excursionists),Thousands,2002,
GREECE,Total trips,Thousands,2002,
GREECE,Overnights visitors (tourists),Thousands,2002,
GREECE,Same-day visitors (excursionists),Thousands,2002,
GRENADA,Total trips,Thousands,2002,
GRENADA,Overnights visitors (tourists),Thousands,2002,
GRENADA,Same-day visitors (excursionists),Thousands,2002,
GUADELOUPE,Total trips,Thousands,2002,
GUADELOUPE,Overnights visitors (tourists),Thousands,2002,
GUADELOUPE,Same-day visitors (excursionists),Thousands,2002,
GUAM,Total trips,Thousands,2002,
GUAM,Overnights visitors (tourists),Thousands,2002,
GUAM,Same-day visitors (excursionists),Thousands,2002,
GUATEMALA,Total trips,Thousands,2002,
GUATEMALA,Overnights visitors (tourists),Thousands,2002,
GUATEMALA,Same-day visitors (excursionists),Thousands,2002,
GUINEA,Total trips,Thousands,2002,
GUINEA,Overnights visitors (tourists),Thousands,2002,
GUINEA,Same-day visitors (excursionists),Thousands,2002,
GUINEA-BISSAU,Total trips,Thousands,2002,
GUINEA-BISSAU,Overnights visitors (tourists),Thousands,2002,
GUINEA-BISSAU,Same-day visitors (excursionists),Thousands,2002,
GUYANA,Total trips,Thousands,2002,
GUYANA,Overnights visitors (tourists),Thousands,2002,
GUYANA,Same-day visitors (excursionists),Thousands,2002,
HAITI,Total trips,Thousands,2002,
HAITI,Overnights visitors (tourists),Thousands,2002,
HAITI,Same-day visitors (excursionists),Thousands,2002,
HONDURAS,Total trips,Thousands,2002,
HONDURAS,Overnights visitors (tourists),Thousands,2002,
HONDURAS,Same-day visitors (excursionists),Thousands,2002,
"HONG KONG, CHINA",Total trips,Thousands,2002,
"HONG KONG, CHINA",Overnights visitors (tourists),Thousands,2002,
"HONG KONG, CHINA",Same-day visitors (excursionists),Thousands,2002,
HUNGARY,Total trips,Thousands,2002,
HUNGARY,Overnights visitors (tourists),Thousands,2002,
HUNGARY,Same-day visitors (excursionists),Thousands,2002,
ICELAND,Total trips,Thousands,2002,
ICELAND,Overnights visitors (tourists),Thousands,2002,
ICELAND,Same-day visitors (excursionists),Thousands,2002,
INDIA,Total trips,Thousands,2002,
INDIA,Overnights visitors (tourists),Thousands,2002,
INDIA,Same-day visitors (excursionists),Thousands,2002,
INDONESIA,Total trips,Thousands,2002,
INDONESIA,Overnights visitors (tourists),Thousands,2002,
INDONESIA,Same-day visitors (excursionists),Thousands,2002,
"IRAN, ISLAMIC REPUBLIC OF",Total trips,Thousands,2002,
"IRAN, ISLAMIC REPUBLIC OF",Overnights visitors (tourists),Thousands,2002,
"IRAN, ISLAMIC REPUBLIC OF",Same-day visitors (excursionists),Thousands,2002,
IRAQ,Total trips,Thousands,2002,
IRAQ,Overnights visitors (tourists),Thousands,2002,
IRAQ,Same-day visitors (excursionists),Thousands,2002,
IRELAND,Total trips,Thousands,2002,
IRELAND,Overnights visitors (tourists),Thousands,2002,
IRELAND,Same-day visitors (excursionists),Thousands,2002,
ISRAEL,Total trips,Thousands,2002,
ISRAEL,Overnights visitors (tourists),Thousands,2002,
ISRAEL,Same-day visitors (excursionists),Thousands,2002,
ITALY,Total trips,Thousands,2002,
ITALY,Overnights visitors (tourists),Thousands,2002,
ITALY,Same-day visitors (excursionists),Thousands,2002,
JAMAICA,Total trips,Thousands,2002,
JAMAICA,Overnights visitors (tourists),Thousands,2002,
JAMAICA,Same-day visitors (excursionists),Thousands,2002,
JAPAN,Total trips,Thousands,2002,
JAPAN,Overnights visitors (tourists),Thousands,2002,
JAPAN,Same-day visitors (excursionists),Thousands,2002,
JORDAN,Total trips,Thousands,2002,
JORDAN,Overnights visitors (tourists),Thousands,2002,
JORDAN,Same-day visitors (excursionists),Thousands,2002,
KAZAKHSTAN,Total trips,Thousands,2002,
KAZAKHSTAN,Overnights visitors (tourists),Thousands,2002,
KAZAKHSTAN,Same-day visitors (excursionists),Thousands,2002,
KENYA,Total trips,Thousands,2002,
KENYA,Overnights visitors (tourists),Thousands,2002,
KENYA,Same-day visitors (excursionists),Thousands,2002,
KIRIBATI,Total trips,Thousands,2002,
KIRIBATI,Overnights visitors (tourists),Thousands,2002,
KIRIBATI,Same-day visitors (excursionists),Thousands,2002,
"KOREA, DEMOCRATIC PEOPLE´S REPUBLIC OF",Total trips,Thousands,2002,
"KOREA, DEMOCRATIC PEOPLE´S REPUBLIC OF",Overnights visitors (tourists),Thousands,2002,
"KOREA, DEMOCRATIC PEOPLE´S REPUBLIC OF",Same-day visitors (excursionists),Thousands,2002,
"KOREA, REPUBLIC OF",Total trips,Thousands,2002,
"KOREA, REPUBLIC OF",Overnights visitors (tourists),Thousands,2002,
"KOREA, REPUBLIC OF",Same-day visitors (excursionists),Thousands,2002,
KUWAIT,Total trips,Thousands,2002,
KUWAIT,Overnights visitors (tourists),Thousands,2002,
KUWAIT,Same-day visitors (excursionists),Thousands,2002,
KYRGYZSTAN,Total trips,Thousands,2002,
KYRGYZSTAN,Overnights visitors (tourists),Thousands,2002,
KYRGYZSTAN,Same-day visitors (excursionists),Thousands,2002,
LAO PEOPLE´S DEMOCRATIC REPUBLIC,Total trips,Thousands,2002,
LAO PEOPLE´S DEMOCRATIC REPUBLIC,Overnights visitors (tourists),Thousands,2002,
LAO PEOPLE´S DEMOCRATIC REPUBLIC,Same-day visitors (excursionists),Thousands,2002,
LATVIA,Total trips,Thousands,2002,
LATVIA,Overnights visitors (tourists),Thousands,2002,
LATVIA,Same-day visitors (excursionists),Thousands,2002,
LEBANON,Total trips,Thousands,2002,
LEBANON,Overnights visitors (tourists),Thousands,2002,
LEBANON,Same-day visitors (excursionists),Thousands,2002,
LESOTHO,Total trips,Thousands,2002,
LESOTHO,Overnights visitors (tourists),Thousands,2002,
LESOTHO,Same-day visitors (excursionists),Thousands,2002,
LIBERIA,Total trips,Thousands,2002,
LIBERIA,Overnights visitors (tourists),Thousands,2002,
LIBERIA,Same-day visitors (excursionists),Thousands,2002,
LIBYA,Total trips,Thousands,2002,
LIBYA,Overnights visitors (tourists),Thousands,2002,
LIBYA,Same-day visitors (excursionists),Thousands,2002,
LIECHTENSTEIN,Total trips,Thousands,2002,
LIECHTENSTEIN,Overnights visitors (tourists),Thousands,2002,
LIECHTENSTEIN,Same-day visitors (excursionists),Thousands,2002,
LITHUANIA,Total trips,Thousands,2002,
LITHUANIA,Overnights visitors (tourists),Thousands,2002,
LITHUANIA,Same-day visitors (excursionists),Thousands,2002,
LUXEMBOURG,Total trips,Thousands,2002,
LUXEMBOURG,Overnights visitors (tourists),Thousands,2002,
LUXEMBOURG,Same-day visitors (excursionists),Thousands,2002,
"MACAO, CHINA",Total trips,Thousands,2002,
"MACAO, CHINA",Overnights visitors (tourists),Thousands,2002,
"MACAO, CHINA",Same-day visitors (excursionists),Thousands,2002,
MADAGASCAR,Total trips,Thousands,2002,
MADAGASCAR,Overnights visitors (tourists),Thousands,2002,
MADAGASCAR,Same-day visitors (excursionists),Thousands,2002,
MALAWI,Total trips,Thousands,2002,
MALAWI,Overnights visitors (tourists),Thousands,2002,
MALAWI,Same-day visitors (excursionists),Thousands,2002,
MALAYSIA,Total trips,Thousands,2002,
MALAYSIA,Overnights visitors (tourists),Thousands,2002,
MALAYSIA,Same-day visitors (excursionists),Thousands,2002,
MALDIVES,Total trips,Thousands,2002,
MALDIVES,Overnights visitors (tourists),Thousands,2002,
MALDIVES,Same-day visitors (excursionists),Thousands,2002,
MALI,Total trips,Thousands,2002,
MALI,Overnights visitors (tourists),Thousands,2002,
MALI,Same-day visitors (excursionists),Thousands,2002,
MALTA,Total trips,Thousands,2002,
MALTA,Overnights visitors (tourists),Thousands,2002,
MALTA,Same-day visitors (excursionists),Thousands,2002,
MARSHALL ISLANDS,Total trips,Thousands,2002,
MARSHALL ISLANDS,Overnights visitors (tourists),Thousands,2002,
MARSHALL ISLANDS,Same-day visitors (excursionists),Thousands,2002,
MARTINIQUE,Total trips,Thousands,2002,
MARTINIQUE,Overnights visitors (tourists),Thousands,2002,
MARTINIQUE,Same-day visitors (excursionists),Thousands,2002,
MAURITANIA,Total trips,Thousands,2002,
MAURITANIA,Overnights visitors (tourists),Thousands,2002,
MAURITANIA,Same-day visitors (excursionists),Thousands,2002,
MAURITIUS,Total trips,Thousands,2002,
MAURITIUS,Overnights visitors (tourists),Thousands,2002,
MAURITIUS,Same-day visitors (excursionists),Thousands,2002,
MEXICO,Total trips,Thousands,2002,
MEXICO,Overnights visitors (tourists),Thousands,2002,
MEXICO,Same-day visitors (excursionists),Thousands,2002,
"MICRONESIA, FEDERATED STATES OF",Total trips,Thousands,2002,
"MICRONESIA, FEDERATED STATES OF",Overnights visitors (tourists),Thousands,2002,
"MICRONESIA, FEDERATED STATES OF",Same-day visitors (excursionists),Thousands,2002,
"MOLDOVA, REPUBLIC OF",Total trips,Thousands,2002,
"MOLDOVA, REPUBLIC OF",Overnights visitors (tourists),Thousands,2002,
"MOLDOVA, REPUBLIC OF",Same-day visitors (excursionists),Thousands,2002,
MONACO,Total trips,Thousands,2002,
MONACO,Overnights visitors (tourists),Thousands,2002,
MONACO,Same-day visitors (excursionists),Thousands,2002,
MONGOLIA,Total trips,Thousands,2002,
MONGOLIA,Overnights visitors (tourists),Thousands,2002,
MONGOLIA,Same-day visitors (excursionists),Thousands,2002,
MONTENEGRO,Total trips,Thousands,2002,
MONTENEGRO,Overnights visitors (tourists),Thousands,2002,
MONTENEGRO,Same-day visitors (excursionists),Thousands,2002,
MONTSERRAT,Total trips,Thousands,2002,
MONTSERRAT,Overnights visitors (tourists),Thousands,2002,
MONTSERRAT,Same-day visitors (excursionists),Thousands,2002,
MOROCCO,Total trips,Thousands,2002,
MOROCCO,Overnights visitors (tourists),Thousands,2002,
MOROCCO,Same-day visitors (excursionists),Thousands,2002,
MOZAMBIQUE,Total trips,Thousands,2002,
MOZAMBIQUE,Overnights visitors (tourists),Thousands,2002,
MOZAMBIQUE,Same-day visitors (excursionists),Thousands,2002,
MYANMAR,Total trips,Thousands,2002,
MYANMAR,Overnights visitors (tourists),Thousands,2002,
MYANMAR,Same-day visitors (excursionists),Thousands,2002,
NAMIBIA,Total trips,Thousands,2002,
NAMIBIA,Overnights visitors (tourists),Thousands,2002,
NAMIBIA,Same-day visitors (excursionists),Thousands,2002,
NAURU,Total trips,Thousands,2002,
NAURU,Overnights visitors (tourists),Thousands,2002,
NAURU,Same-day visitors (excursionists),Thousands,2002,
NEPAL,Total trips,Thousands,2002,
NEPAL,Overnights visitors (tourists),Thousands,2002,
NEPAL,Same-day visitors (excursionists),Thousands,2002,
NETHERLANDS,Total trips,Thousands,2002,
NETHERLANDS,Overnights visitors (tourists),Thousands,2002,
NETHERLANDS,Same-day visitors (excursionists),Thousands,2002,
NEW CALEDONIA,Total trips,Thousands,2002,
NEW CALEDONIA,Overnights visitors (tourists),Thousands,2002,
NEW CALEDONIA,Same-day visitors (excursionists),Thousands,2002,
NEW ZEALAND,Total trips,Thousands,2002,
NEW ZEALAND,Overnights visitors (tourists),Thousands,2002,
NEW ZEALAND,Same-day visitors (excursionists),Thousands,2002,
NICARAGUA,Total trips,Thousands,2002,
NICARAGUA,Overnights visitors (tourists),Thousands,2002,
NICARAGUA,Same-day visitors (excursionists),Thousands,2002,
NIGER,Total trips,Thousands,2002,
NIGER,Overnights visitors (tourists),Thousands,2002,
NIGER,Same-day visitors (excursionists),Thousands,2002,
NIGERIA,Total trips,Thousands,2002,
NIGERIA,Overnights visitors (tourists),Thousands,2002,
NIGERIA,Same-day visitors (excursionists),Thousands,2002,
NIUE,Total trips,Thousands,2002,
NIUE,Overnights visitors (tourists),Thousands,2002,
NIUE,Same-day visitors (excursionists),Thousands,2002,
NORTH MACEDONIA,Total trips,Thousands,2002,
NORTH MACEDONIA,Overnights visitors (tourists),Thousands,2002,
NORTH MACEDONIA,Same-day visitors (excursionists),Thousands,2002,
NORTHERN MARIANA ISLANDS,Total trips,Thousands,2002,
NORTHERN MARIANA ISLANDS,Overnights visitors (tourists),Thousands,2002,
NORTHERN MARIANA ISLANDS,Same-day visitors (excursionists),Thousands,2002,
NORWAY,Total trips,Thousands,2002,
NORWAY,Overnights visitors (tourists),Thousands,2002,
NORWAY,Same-day visitors (excursionists),Thousands,2002,
OMAN,Total trips,Thousands,2002,
OMAN,Overnights visitors (tourists),Thousands,2002,
OMAN,Same-day visitors (excursionists),Thousands,2002,
PAKISTAN,Total trips,Thousands,2002,
PAKISTAN,Overnights visitors (tourists),Thousands,2002,
PAKISTAN,Same-day visitors (excursionists),Thousands,2002,
PALAU,Total trips,Thousands,2002,
PALAU,Overnights visitors (tourists),Thousands,2002,
PALAU,Same-day visitors (excursionists),Thousands,2002,
PANAMA,Total trips,Thousands,2002,
PANAMA,Overnights visitors (tourists),Thousands,2002,
PANAMA,Same-day visitors (excursionists),Thousands,2002,
PAPUA NEW GUINEA,Total trips,Thousands,2002,
PAPUA NEW GUINEA,Overnights visitors (tourists),Thousands,2002,
PAPUA NEW GUINEA,Same-day visitors (excursionists),Thousands,2002,
PARAGUAY,Total trips,Thousands,2002,
PARAGUAY,Overnights visitors (tourists),Thousands,2002,
PARAGUAY,Same-day visitors (excursionists),Thousands,2002,
PERU,Total trips,Thousands,2002,
PERU,Overnights visitors (tourists),Thousands,2002,
PERU,Same-day visitors (excursionists),Thousands,2002,
PHILIPPINES,Total trips,Thousands,2002,
PHILIPPINES,Overnights visitors (tourists),Thousands,2002,
PHILIPPINES,Same-day visitors (excursionists),Thousands,2002,
POLAND,Total trips,Thousands,2002,
POLAND,Overnights visitors (tourists),Thousands,2002,
POLAND,Same-day visitors (excursionists),Thousands,2002,
PORTUGAL,Total trips,Thousands,2002,
PORTUGAL,Overnights visitors (tourists),Thousands,2002,
PORTUGAL,Same-day visitors (excursionists),Thousands,2002,
PUERTO RICO,Total trips,Thousands,2002,
PUERTO RICO,Overnights visitors (tourists),Thousands,2002,
PUERTO RICO,Same-day visitors (excursionists),Thousands,2002,
QATAR,Total trips,Thousands,2002,
QATAR,Overnights visitors (tourists),Thousands,2002,
QATAR,Same-day visitors (excursionists),Thousands,2002,
REUNION,Total trips,Thousands,2002,
REUNION,Overnights visitors (tourists),Thousands,2002,
REUNION,Same-day visitors (excursionists),Thousands,2002,
ROMANIA,Total trips,Thousands,2002,
ROMANIA,Overnights visitors (tourists),Thousands,2002,
ROMANIA,Same-day visitors (excursionists),Thousands,2002,
RUSSIAN FEDERATION,Total trips,Thousands,2002,
RUSSIAN FEDERATION,Overnights visitors (tourists),Thousands,2002,
RUSSIAN FEDERATION,Same-day visitors (excursionists),Thousands,2002,
RWANDA,Total trips,Thousands,2002,
RWANDA,Overnights visitors (tourists),Thousands,2002,
RWANDA,Same-day visitors (excursionists),Thousands,2002,
SABA,Total trips,Thousands,2002,
SABA,Overnights visitors (tourists),Thousands,2002,
SABA,Same-day visitors (excursionists),Thousands,2002,
SAINT KITTS AND NEVIS,Total trips,Thousands,2002,
SAINT KITTS AND NEVIS,Overnights visitors (tourists),Thousands,2002,
SAINT KITTS AND NEVIS,Same-day visitors (excursionists),Thousands,2002,
SAINT LUCIA,Total trips,Thousands,2002,
SAINT LUCIA,Overnights visitors (tourists),Thousands,2002,
SAINT LUCIA,Same-day visitors (excursionists),Thousands,2002,
SAINT VINCENT AND THE GRENADINES,Total trips,Thousands,2002,
SAINT VINCENT AND THE GRENADINES,Overnights visitors (tourists),Thousands,2002,
SAINT VINCENT AND THE GRENADINES,Same-day visitors (excursionists),Thousands,2002,
SAMOA,Total trips,Thousands,2002,
SAMOA,Overnights visitors (tourists),Thousands,2002,
SAMOA,Same-day visitors (excursionists),Thousands,2002,
SAN MARINO,Total trips,Thousands,2002,
SAN MARINO,Overnights visitors (tourists),Thousands,2002,
SAN MARINO,Same-day visitors (excursionists),Thousands,2002,
SAO TOME AND PRINCIPE,Total trips,Thousands,2002,
SAO TOME AND PRINCIPE,Overnights visitors (tourists),Thousands,2002,
SAO TOME AND PRINCIPE,Same-day visitors (excursionists),Thousands,2002,
SAUDI ARABIA,Total trips,Thousands,2002,
SAUDI ARABIA,Overnights visitors (tourists),Thousands,2002,
SAUDI ARABIA,Same-day visitors (excursionists),Thousands,2002,
SENEGAL,Total trips,Thousands,2002,
SENEGAL,Overnights visitors (tourists),Thousands,2002,
SENEGAL,Same-day visitors (excursionists),Thousands,2002,
SERBIA,Total trips,Thousands,2002,
SERBIA,Overnights visitors (tourists),Thousands,2002,
SERBIA,Same-day visitors (excursionists),Thousands,2002,
SERBIA AND MONTENEGRO,Total trips,Thousands,2002,
SERBIA AND MONTENEGRO,Overnights visitors (tourists),Thousands,2002,
SERBIA AND MONTENEGRO,Same-day visitors (excursionists),Thousands,2002,
SEYCHELLES,Total trips,Thousands,2002,
SEYCHELLES,Overnights visitors (tourists),Thousands,2002,
SEYCHELLES,Same-day visitors (excursionists),Thousands,2002,
SIERRA LEONE,Total trips,Thousands,2002,
SIERRA LEONE,Overnights visitors (tourists),Thousands,2002,
SIERRA LEONE,Same-day visitors (excursionists),Thousands,2002,
SINGAPORE,Total trips,Thousands,2002,
SINGAPORE,Overnights visitors (tourists),Thousands,2002,
SINGAPORE,Same-day visitors (excursionists),Thousands,2002,
SINT EUSTATIUS,Total trips,Thousands,2002,
SINT EUSTATIUS,Overnights visitors (tourists),Thousands,2002,
SINT EUSTATIUS,Same-day visitors (excursionists),Thousands,2002,
SINT MAARTEN (DUTCH PART),Total trips,Thousands,2002,
SINT MAARTEN (DUTCH PART),Overnights visitors (tourists),Thousands,2002,
SINT MAARTEN (DUTCH PART),Same-day visitors (excursionists),Thousands,2002,
SLOVAKIA,Total trips,Thousands,2002,
SLOVAKIA,Overnights visitors (tourists),Thousands,2002,
SLOVAKIA,Same-day visitors (excursionists),Thousands,2002,
SLOVENIA,Total trips,Thousands,2002,
SLOVENIA,Overnights visitors (tourists),Thousands,2002,
SLOVENIA,Same-day visitors (excursionists),Thousands,2002,
SOLOMON ISLANDS,Total trips,Thousands,2002,
SOLOMON ISLANDS,Overnights visitors (tourists),Thousands,2002,
SOLOMON ISLANDS,Same-day visitors (excursionists),Thousands,2002,
SOMALIA,Total trips,Thousands,2002,
SOMALIA,Overnights visitors (tourists),Thousands,2002,
SOMALIA,Same-day visitors (excursionists),Thousands,2002,
SOUTH AFRICA,Total trips,Thousands,2002,
SOUTH AFRICA,Overnights visitors (tourists),Thousands,2002,
SOUTH AFRICA,Same-day visitors (excursionists),Thousands,2002,
SOUTH SUDAN,Total trips,Thousands,2002,
SOUTH SUDAN,Overnights visitors (tourists),Thousands,2002,
SOUTH SUDAN,Same-day visitors (excursionists),Thousands,2002,
SPAIN,Total trips,Thousands,2002,
SPAIN,Overnights visitors (tourists),Thousands,2002,
SPAIN,Same-day visitors (excursionists),Thousands,2002,
SRI LANKA,Total trips,Thousands,2002,
SRI LANKA,Overnights visitors (tourists),Thousands,2002,
SRI LANKA,Same-day visitors (excursionists),Thousands,2002,
STATE OF PALESTINE,Total trips,Thousands,2002,
STATE OF PALESTINE,Overnights visitors (tourists),Thousands,2002,
STATE OF PALESTINE,Same-day visitors (excursionists),Thousands,2002,
SUDAN,Total trips,Thousands,2002,
SUDAN,Overnights visitors (tourists),Thousands,2002,
SUDAN,Same-day visitors (excursionists),Thousands,2002,
SURINAME,Total trips,Thousands,2002,
SURINAME,Overnights visitors (tourists),Thousands,2002,
SURINAME,Same-day visitors (excursionists),Thousands,2002,
SWEDEN,Total trips,Thousands,2002,
SWEDEN,Overnights visitors (tourists),Thousands,2002,
SWEDEN,Same-day visitors (excursionists),Thousands,2002,
SWITZERLAND,Total trips,Thousands,2002,
SWITZERLAND,Overnights visitors (tourists),Thousands,2002,
SWITZERLAND,Same-day visitors (excursionists),Thousands,2002,
SYRIAN ARAB REPUBLIC,Total trips,Thousands,2002,
SYRIAN ARAB REPUBLIC,Overnights visitors (tourists),Thousands,2002,
SYRIAN ARAB REPUBLIC,Same-day visitors (excursionists),Thousands,2002,
TAIWAN PROVINCE OF CHINA,Total trips,Thousands,2002,
TAIWAN PROVINCE OF CHINA,Overnights visitors (tourists),Thousands,2002,
TAIWAN PROVINCE OF CHINA,Same-day visitors (excursionists),Thousands,2002,
TAJIKISTAN,Total trips,Thousands,2002,
TAJIKISTAN,Overnights visitors (tourists),Thousands,2002,
TAJIKISTAN,Same-day visitors (excursionists),Thousands,2002,
"TANZANIA, UNITED REPUBLIC OF",Total trips,Thousands,2002,
"TANZANIA, UNITED REPUBLIC OF",Overnights visitors (tourists),Thousands,2002,
"TANZANIA, UNITED REPUBLIC OF",Same-day visitors (excursionists),Thousands,2002,
THAILAND,Total trips,Thousands,2002,
THAILAND,Overnights visitors (tourists),Thousands,2002,
THAILAND,Same-day visitors (excursionists),Thousands,2002,
TIMOR-LESTE,Total trips,Thousands,2002,
TIMOR-LESTE,Overnights visitors (tourists),Thousands,2002,
TIMOR-LESTE,Same-day visitors (excursionists),Thousands,2002,
TOGO,Total trips,Thousands,2002,
TOGO,Overnights visitors (tourists),Thousands,2002,
TOGO,Same-day visitors (excursionists),Thousands,2002,
TONGA,Total trips,Thousands,2002,
TONGA,Overnights visitors (tourists),Thousands,2002,
TONGA,Same-day visitors (excursionists),Thousands,2002,
TRINIDAD AND TOBAGO,Total trips,Thousands,2002,
TRINIDAD AND TOBAGO,Overnights visitors (tourists),Thousands,2002,
TRINIDAD AND TOBAGO,Same-day visitors (excursionists),Thousands,2002,
TUNISIA,Total trips,Thousands,2002,
TUNISIA,Overnights visitors (tourists),Thousands,2002,
TUNISIA,Same-day visitors (excursionists),Thousands,2002,
TÜRKIYE,Total trips,Thousands,2002,
TÜRKIYE,Overnights visitors (tourists),Thousands,2002,
TÜRKIYE,Same-day visitors (excursionists),Thousands,2002,
TURKMENISTAN,Total trips,Thousands,2002,
TURKMENISTAN,Overnights visitors (tourists),Thousands,2002,
TURKMENISTAN,Same-day visitors (excursionists),Thousands,2002,
TURKS AND CAICOS ISLANDS,Total trips,Thousands,2002,
TURKS AND CAICOS ISLANDS,Overnights visitors (tourists),Thousands,2002,
TURKS AND CAICOS ISLANDS,Same-day visitors (excursionists),Thousands,2002,
TUVALU,Total trips,Thousands,2002,
TUVALU,Overnights visitors (tourists),Thousands,2002,
TUVALU,Same-day visitors (excursionists),Thousands,2002,
UGANDA,Total trips,Thousands,2002,
UGANDA,Overnights visitors (tourists),Thousands,2002,
UGANDA,Same-day visitors (excursionists),Thousands,2002,
UKRAINE,Total trips,Thousands,2002,
UKRAINE,Overnights visitors (tourists),Thousands,2002,
UKRAINE,Same-day visitors (excursionists),Thousands,2002,
UNITED ARAB EMIRATES,Total trips,Thousands,2002,
UNITED ARAB EMIRATES,Overnights visitors (tourists),Thousands,2002,
UNITED ARAB EMIRATES,Same-day visitors (excursionists),Thousands,2002,
UNITED KINGDOM,Total trips,Thousands,2002,
UNITED KINGDOM,Overnights visitors (tourists),Thousands,2002,
UNITED KINGDOM,Same-day visitors (excursionists),Thousands,2002,
UNITED STATES OF AMERICA,Total trips,Thousands,2002,
UNITED STATES OF AMERICA,Overnights visitors (tourists),Thousands,2002,
UNITED STATES OF AMERICA,Same-day visitors (excursionists),Thousands,2002,
UNITED STATES VIRGIN ISLANDS,Total trips,Thousands,2002,
UNITED STATES VIRGIN ISLANDS,Overnights visitors (tourists),Thousands,2002,
UNITED STATES VIRGIN ISLANDS,Same-day visitors (excursionists),Thousands,2002,
URUGUAY,Total trips,Thousands,2002,
URUGUAY,Overnights visitors (tourists),Thousands,2002,
URUGUAY,Same-day visitors (excursionists),Thousands,2002,
UZBEKISTAN,Total trips,Thousands,2002,
UZBEKISTAN,Overnights visitors (tourists),Thousands,2002,
UZBEKISTAN,Same-day visitors (excursionists),Thousands,2002,
VANUATU,Total trips,Thousands,2002,
VANUATU,Overnights visitors (tourists),Thousands,2002,
VANUATU,Same-day visitors (excursionists),Thousands,2002,
"VENEZUELA, BOLIVARIAN REPUBLIC OF",Total trips,Thousands,2002,
"VENEZUELA, BOLIVARIAN REPUBLIC OF",Overnights visitors (tourists),Thousands,2002,
"VENEZUELA, BOLIVARIAN REPUBLIC OF",Same-day visitors (excursionists),Thousands,2002,
VIET NAM,Total trips,Thousands,2002,
VIET NAM,Overnights visitors (tourists),Thousands,2002,
VIET NAM,Same-day visitors (excursionists),Thousands,2002,
YEMEN,Total trips,Thousands,2002,
YEMEN,Overnights visitors (tourists),Thousands,2002,
YEMEN,Same-day visitors (excursionists),Thousands,2002,
ZAMBIA,Total trips,Thousands,2002,
ZAMBIA,Overnights visitors (tourists),Thousands,2002,
ZAMBIA,Same-day visitors (excursionists),Thousands,2002,
ZIMBABWE,Total trips,Thousands,2002,
ZIMBABWE,Overnights visitors (tourists),Thousands,2002,
ZIMBABWE,Same-day visitors (excursionists),Thousands,2002,
AFGHANISTAN,Total trips,Thousands,2003,
AFGHANISTAN,Overnights visitors (tourists),Thousands,2003,
AFGHANISTAN,Same-day visitors (excursionists),Thousands,2003,
ALBANIA,Total trips,Thousands,2003,
ALBANIA,Overnights visitors (tourists),Thousands,2003,
ALBANIA,Same-day visitors (excursionists),Thousands,2003,
ALGERIA,Total trips,Thousands,2003,
ALGERIA,Overnights visitors (tourists),Thousands,2003,
ALGERIA,Same-day visitors (excursionists),Thousands,2003,
AMERICAN SAMOA,Total trips,Thousands,2003,
AMERICAN SAMOA,Overnights visitors (tourists),Thousands,2003,
AMERICAN SAMOA,Same-day visitors (excursionists),Thousands,2003,
ANDORRA,Total trips,Thousands,2003,
ANDORRA,Overnights visitors (tourists),Thousands,2003,
ANDORRA,Same-day visitors (excursionists),Thousands,2003,
ANGOLA,Total trips,Thousands,2003,
ANGOLA,Overnights visitors (tourists),Thousands,2003,
ANGOLA,Same-day visitors (excursionists),Thousands,2003,
ANGUILLA,Total trips,Thousands,2003,
ANGUILLA,Overnights visitors (tourists),Thousands,2003,
ANGUILLA,Same-day visitors (excursionists),Thousands,2003,
ANTIGUA AND BARBUDA,Total trips,Thousands,2003,
ANTIGUA AND BARBUDA,Overnights visitors (tourists),Thousands,2003,
ANTIGUA AND BARBUDA,Same-day visitors (excursionists),Thousands,2003,
ARGENTINA,Total trips,Thousands,2003,
ARGENTINA,Overnights visitors (tourists),Thousands,2003,
ARGENTINA,Same-day visitors (excursionists),Thousands,2003,
ARMENIA,Total trips,Thousands,2003,
ARMENIA,Overnights visitors (tourists),Thousands,2003,
ARMENIA,Same-day visitors (excursionists),Thousands,2003,
ARUBA,Total trips,Thousands,2003,
ARUBA,Overnights visitors (tourists),Thousands,2003,
ARUBA,Same-day visitors (excursionists),Thousands,2003,
AUSTRALIA,Total trips,Thousands,2003,
AUSTRALIA,Overnights visitors (tourists),Thousands,2003,
AUSTRALIA,Same-day visitors (excursionists),Thousands,2003,
AUSTRIA,Total trips,Thousands,2003,
AUSTRIA,Overnights visitors (tourists),Thousands,2003,
AUSTRIA,Same-day visitors (excursionists),Thousands,2003,
AZERBAIJAN,Total trips,Thousands,2003,
AZERBAIJAN,Overnights visitors (tourists),Thousands,2003,
AZERBAIJAN,Same-day visitors (excursionists),Thousands,2003,
BAHAMAS,Total trips,Thousands,2003,
BAHAMAS,Overnights visitors (tourists),Thousands,2003,
BAHAMAS,Same-day visitors (excursionists),Thousands,2003,
BAHRAIN,Total trips,Thousands,2003,
BAHRAIN,Overnights visitors (tourists),Thousands,2003,
BAHRAIN,Same-day visitors (excursionists),Thousands,2003,
BANGLADESH,Total trips,Thousands,2003,
BANGLADESH,Overnights visitors (tourists),Thousands,2003,
BANGLADESH,Same-day visitors (excursionists),Thousands,2003,
BARBADOS,Total trips,Thousands,2003,
BARBADOS,Overnights visitors (tourists),Thousands,2003,
BARBADOS,Same-day visitors (excursionists),Thousands,2003,
BELARUS,Total trips,Thousands,2003,
BELARUS,Overnights visitors (tourists),Thousands,2003,
BELARUS,Same-day visitors (excursionists),Thousands,2003,
BELGIUM,Total trips,Thousands,2003,
BELGIUM,Overnights visitors (tourists),Thousands,2003,
BELGIUM,Same-day visitors (excursionists),Thousands,2003,
BELIZE,Total trips,Thousands,2003,
BELIZE,Overnights visitors (tourists),Thousands,2003,
BELIZE,Same-day visitors (excursionists),Thousands,2003,
BENIN,Total trips,Thousands,2003,
BENIN,Overnights visitors (tourists),Thousands,2003,
BENIN,Same-day visitors (excursionists),Thousands,2003,
BERMUDA,Total trips,Thousands,2003,
BERMUDA,Overnights visitors (tourists),Thousands,2003,
BERMUDA,Same-day visitors (excursionists),Thousands,2003,
BHUTAN,Total trips,Thousands,2003,
BHUTAN,Overnights visitors (tourists),Thousands,2003,
BHUTAN,Same-day visitors (excursionists),Thousands,2003,
"BOLIVIA, PLURINATIONAL STATE OF",Total trips,Thousands,2003,
"BOLIVIA, PLURINATIONAL STATE OF",Overnights visitors (tourists),Thousands,2003,
"BOLIVIA, PLURINATIONAL STATE OF",Same-day visitors (excursionists),Thousands,2003,
BONAIRE,Total trips,Thousands,2003,
BONAIRE,Overnights visitors (tourists),Thousands,2003,
BONAIRE,Same-day visitors (excursionists),Thousands,2003,
BOSNIA AND HERZEGOVINA,Total trips,Thousands,2003,
BOSNIA AND HERZEGOVINA,Overnights visitors (tourists),Thousands,2003,
BOSNIA AND HERZEGOVINA,Same-day visitors (excursionists),Thousands,2003,
BOTSWANA,Total trips,Thousands,2003,
BOTSWANA,Overnights visitors (tourists),Thousands,2003,
BOTSWANA,Same-day visitors (excursionists),Thousands,2003,
BRAZIL,Total trips,Thousands,2003,
BRAZIL,Overnights visitors (tourists),Thousands,2003,
BRAZIL,Same-day visitors (excursionists),Thousands,2003,
BRITISH VIRGIN ISLANDS,Total trips,Thousands,2003,
BRITISH VIRGIN ISLANDS,Overnights visitors (tourists),Thousands,2003,
BRITISH VIRGIN ISLANDS,Same-day visitors (excursionists),Thousands,2003,
BRUNEI DARUSSALAM,Total trips,Thousands,2003,
BRUNEI DARUSSALAM,Overnights visitors (tourists),Thousands,2003,
BRUNEI DARUSSALAM,Same-day visitors (excursionists),Thousands,2003,
BULGARIA,Total trips,Thousands,2003,
BULGARIA,Overnights visitors (tourists),Thousands,2003,
BULGARIA,Same-day visitors (excursionists),Thousands,2003,
BURKINA FASO,Total trips,Thousands,2003,
BURKINA FASO,Overnights visitors (tourists),Thousands,2003,
BURKINA FASO,Same-day visitors (excursionists),Thousands,2003,
BURUNDI,Total trips,Thousands,2003,
BURUNDI,Overnights visitors (tourists),Thousands,2003,
BURUNDI,Same-day visitors (excursionists),Thousands,2003,
CABO VERDE,Total trips,Thousands,2003,
CABO VERDE,Overnights visitors (tourists),Thousands,2003,
CABO VERDE,Same-day visitors (excursionists),Thousands,2003,
CAMBODIA,Total trips,Thousands,2003,
CAMBODIA,Overnights visitors (tourists),Thousands,2003,
CAMBODIA,Same-day visitors (excursionists),Thousands,2003,
CAMEROON,Total trips,Thousands,2003,
CAMEROON,Overnights visitors (tourists),Thousands,2003,
CAMEROON,Same-day visitors (excursionists),Thousands,2003,
CANADA,Total trips,Thousands,2003,
CANADA,Overnights visitors (tourists),Thousands,2003,
CANADA,Same-day visitors (excursionists),Thousands,2003,
CAYMAN ISLANDS,Total trips,Thousands,2003,
CAYMAN ISLANDS,Overnights visitors (tourists),Thousands,2003,
CAYMAN ISLANDS,Same-day visitors (excursionists),Thousands,2003,
CENTRAL AFRICAN REPUBLIC,Total trips,Thousands,2003,
CENTRAL AFRICAN REPUBLIC,Overnights visitors (tourists),Thousands,2003,
CENTRAL AFRICAN REPUBLIC,Same-day visitors (excursionists),Thousands,2003,
CHAD,Total trips,Thousands,2003,
CHAD,Overnights visitors (tourists),Thousands,2003,
CHAD,Same-day visitors (excursionists),Thousands,2003,
CHILE,Total trips,Thousands,2003,
CHILE,Overnights visitors (tourists),Thousands,2003,
CHILE,Same-day visitors (excursionists),Thousands,2003,
CHINA,Total trips,Thousands,2003,
CHINA,Overnights visitors (tourists),Thousands,2003,
CHINA,Same-day visitors (excursionists),Thousands,2003,
COLOMBIA,Total trips,Thousands,2003,
COLOMBIA,Overnights visitors (tourists),Thousands,2003,
COLOMBIA,Same-day visitors (excursionists),Thousands,2003,
COMOROS,Total trips,Thousands,2003,
COMOROS,Overnights visitors (tourists),Thousands,2003,
COMOROS,Same-day visitors (excursionists),Thousands,2003,
CONGO,Total trips,Thousands,2003,
CONGO,Overnights visitors (tourists),Thousands,2003,
CONGO,Same-day visitors (excursionists),Thousands,2003,
"CONGO, DEMOCRATIC REPUBLIC OF THE",Total trips,Thousands,2003,
"CONGO, DEMOCRATIC REPUBLIC OF THE",Overnights visitors (tourists),Thousands,2003,
"CONGO, DEMOCRATIC REPUBLIC OF THE",Same-day visitors (excursionists),Thousands,2003,
COOK ISLANDS,Total trips,Thousands,2003,
COOK ISLANDS,Overnights visitors (tourists),Thousands,2003,
COOK ISLANDS,Same-day visitors (excursionists),Thousands,2003,
COSTA RICA,Total trips,Thousands,2003,
COSTA RICA,Overnights visitors (tourists),Thousands,2003,
COSTA RICA,Same-day visitors (excursionists),Thousands,2003,
COTE D´IVOIRE,Total trips,Thousands,2003,
COTE D´IVOIRE,Overnights visitors (tourists),Thousands,2003,
COTE D´IVOIRE,Same-day visitors (excursionists),Thousands,2003,
CROATIA,Total trips,Thousands,2003,
CROATIA,Overnights visitors (tourists),Thousands,2003,
CROATIA,Same-day visitors (excursionists),Thousands,2003,
CUBA,Total trips,Thousands,2003,
CUBA,Overnights visitors (tourists),Thousands,2003,
CUBA,Same-day visitors (excursionists),Thousands,2003,
CURAÇAO,Total trips,Thousands,2003,
CURAÇAO,Overnights visitors (tourists),Thousands,2003,
CURAÇAO,Same-day visitors (excursionists),Thousands,2003,
CYPRUS,Total trips,Thousands,2003,
CYPRUS,Overnights visitors (tourists),Thousands,2003,978.0
CYPRUS,Same-day visitors (excursionists),Thousands,2003,
CZECH REPUBLIC (CZECHIA),Total trips,Thousands,2003,
CZECH REPUBLIC (CZECHIA),Overnights visitors (tourists),Thousands,2003,
CZECH REPUBLIC (CZECHIA),Same-day visitors (excursionists),Thousands,2003,
DENMARK,Total trips,Thousands,2003,
DENMARK,Overnights visitors (tourists),Thousands,2003,
DENMARK,Same-day visitors (excursionists),Thousands,2003,
DJIBOUTI,Total trips,Thousands,2003,
DJIBOUTI,Overnights visitors (tourists),Thousands,2003,
DJIBOUTI,Same-day visitors (excursionists),Thousands,2003,
DOMINICA,Total trips,Thousands,2003,
DOMINICA,Overnights visitors (tourists),Thousands,2003,
DOMINICA,Same-day visitors (excursionists),Thousands,2003,
DOMINICAN REPUBLIC,Total trips,Thousands,2003,
DOMINICAN REPUBLIC,Overnights visitors (tourists),Thousands,2003,
DOMINICAN REPUBLIC,Same-day visitors (excursionists),Thousands,2003,
ECUADOR,Total trips,Thousands,2003,
ECUADOR,Overnights visitors (tourists),Thousands,2003,
ECUADOR,Same-day visitors (excursionists),Thousands,2003,
EGYPT,Total trips,Thousands,2003,
EGYPT,Overnights visitors (tourists),Thousands,2003,
EGYPT,Same-day visitors (excursionists),Thousands,2003,
EL SALVADOR,Total trips,Thousands,2003,
EL SALVADOR,Overnights visitors (tourists),Thousands,2003,
EL SALVADOR,Same-day visitors (excursionists),Thousands,2003,
EQUATORIAL GUINEA,Total trips,Thousands,2003,
EQUATORIAL GUINEA,Overnights visitors (tourists),Thousands,2003,
EQUATORIAL GUINEA,Same-day visitors (excursionists),Thousands,2003,
ERITREA,Total trips,Thousands,2003,
ERITREA,Overnights visitors (tourists),Thousands,2003,
ERITREA,Same-day visitors (excursionists),Thousands,2003,
ESTONIA,Total trips,Thousands,2003,
ESTONIA,Overnights visitors (tourists),Thousands,2003,
ESTONIA,Same-day visitors (excursionists),Thousands,2003,
ESWATINI,Total trips,Thousands,2003,
ESWATINI,Overnights visitors (tourists),Thousands,2003,
ESWATINI,Same-day visitors (excursionists),Thousands,2003,
ETHIOPIA,Total trips,Thousands,2003,
ETHIOPIA,Overnights visitors (tourists),Thousands,2003,
ETHIOPIA,Same-day visitors (excursionists),Thousands,2003,
FIJI,Total trips,Thousands,2003,
FIJI,Overnights visitors (tourists),Thousands,2003,
FIJI,Same-day visitors (excursionists),Thousands,2003,
FINLAND,Total trips,Thousands,2003,
FINLAND,Overnights visitors (tourists),Thousands,2003,
FINLAND,Same-day visitors (excursionists),Thousands,2003,
FRANCE,Total trips,Thousands,2003,
FRANCE,Overnights visitors (tourists),Thousands,2003,
FRANCE,Same-day visitors (excursionists),Thousands,2003,
FRENCH GUIANA,Total trips,Thousands,2003,
FRENCH GUIANA,Overnights visitors (tourists),Thousands,2003,
FRENCH GUIANA,Same-day visitors (excursionists),Thousands,2003,
FRENCH POLYNESIA,Total trips,Thousands,2003,
FRENCH POLYNESIA,Overnights visitors (tourists),Thousands,2003,
FRENCH POLYNESIA,Same-day visitors (excursionists),Thousands,2003,
GABON,Total trips,Thousands,2003,
GABON,Overnights visitors (tourists),Thousands,2003,
GABON,Same-day visitors (excursionists),Thousands,2003,
GAMBIA,Total trips,Thousands,2003,
GAMBIA,Overnights visitors (tourists),Thousands,2003,
GAMBIA,Same-day visitors (excursionists),Thousands,2003,
GEORGIA,Total trips,Thousands,2003,
GEORGIA,Overnights visitors (tourists),Thousands,2003,
GEORGIA,Same-day visitors (excursionists),Thousands,2003,
GERMANY,Total trips,Thousands,2003,
GERMANY,Overnights visitors (tourists),Thousands,2003,
GERMANY,Same-day visitors (excursionists),Thousands,2003,
GHANA,Total trips,Thousands,2003,
GHANA,Overnights visitors (tourists),Thousands,2003,
GHANA,Same-day visitors (excursionists),Thousands,2003,
GREECE,Total trips,Thousands,2003,
GREECE,Overnights visitors (tourists),Thousands,2003,
GREECE,Same-day visitors (excursionists),Thousands,2003,
GRENADA,Total trips,Thousands,2003,
GRENADA,Overnights visitors (tourists),Thousands,2003,
GRENADA,Same-day visitors (excursionists),Thousands,2003,
GUADELOUPE,Total trips,Thousands,2003,
GUADELOUPE,Overnights visitors (tourists),Thousands,2003,
GUADELOUPE,Same-day visitors (excursionists),Thousands,2003,
GUAM,Total trips,Thousands,2003,
GUAM,Overnights visitors (tourists),Thousands,2003,
GUAM,Same-day visitors (excursionists),Thousands,2003,
GUATEMALA,Total trips,Thousands,2003,
GUATEMALA,Overnights visitors (tourists),Thousands,2003,
GUATEMALA,Same-day visitors (excursionists),Thousands,2003,
GUINEA,Total trips,Thousands,2003,
GUINEA,Overnights visitors (tourists),Thousands,2003,
GUINEA,Same-day visitors (excursionists),Thousands,2003,
GUINEA-BISSAU,Total trips,Thousands,2003,
GUINEA-BISSAU,Overnights visitors (tourists),Thousands,2003,
GUINEA-BISSAU,Same-day visitors (excursionists),Thousands,2003,
GUYANA,Total trips,Thousands,2003,
GUYANA,Overnights visitors (tourists),Thousands,2003,
GUYANA,Same-day visitors (excursionists),Thousands,2003,
HAITI,Total trips,Thousands,2003,
HAITI,Overnights visitors (tourists),Thousands,2003,
HAITI,Same-day visitors (excursionists),Thousands,2003,
HONDURAS,Total trips,Thousands,2003,
HONDURAS,Overnights visitors (tourists),Thousands,2003,
HONDURAS,Same-day visitors (excursionists),Thousands,2003,
"HONG KONG, CHINA",Total trips,Thousands,2003,
"HONG KONG, CHINA",Overnights visitors (tourists),Thousands,2003,
"HONG KONG, CHINA",Same-day visitors (excursionists),Thousands,2003,
HUNGARY,Total trips,Thousands,2003,
HUNGARY,Overnights visitors (tourists),Thousands,2003,
HUNGARY,Same-day visitors (excursionists),Thousands,2003,
ICELAND,Total trips,Thousands,2003,
ICELAND,Overnights visitors (tourists),Thousands,2003,
ICELAND,Same-day visitors (excursionists),Thousands,2003,
INDIA,Total trips,Thousands,2003,
INDIA,Overnights visitors (tourists),Thousands,2003,
INDIA,Same-day visitors (excursionists),Thousands,2003,
INDONESIA,Total trips,Thousands,2003,
INDONESIA,Overnights visitors (tourists),Thousands,2003,
INDONESIA,Same-day visitors (excursionists),Thousands,2003,
"IRAN, ISLAMIC REPUBLIC OF",Total trips,Thousands,2003,
"IRAN, ISLAMIC REPUBLIC OF",Overnights visitors (tourists),Thousands,2003,
"IRAN, ISLAMIC REPUBLIC OF",Same-day visitors (excursionists),Thousands,2003,
IRAQ,Total trips,Thousands,2003,
IRAQ,Overnights visitors (tourists),Thousands,2003,
IRAQ,Same-day visitors (excursionists),Thousands,2003,
IRELAND,Total trips,Thousands,2003,
IRELAND,Overnights visitors (tourists),Thousands,2003,
IRELAND,Same-day visitors (excursionists),Thousands,2003,
ISRAEL,Total trips,Thousands,2003,
ISRAEL,Overnights visitors (tourists),Thousands,2003,
ISRAEL,Same-day visitors (excursionists),Thousands,2003,
ITALY,Total trips,Thousands,2003,
ITALY,Overnights visitors (tourists),Thousands,2003,
ITALY,Same-day visitors (excursionists),Thousands,2003,
JAMAICA,Total trips,Thousands,2003,
JAMAICA,Overnights visitors (tourists),Thousands,2003,
JAMAICA,Same-day visitors (excursionists),Thousands,2003,
JAPAN,Total trips,Thousands,2003,
JAPAN,Overnights visitors (tourists),Thousands,2003,
JAPAN,Same-day visitors (excursionists),Thousands,2003,
JORDAN,Total trips,Thousands,2003,
JORDAN,Overnights visitors (tourists),Thousands,2003,
JORDAN,Same-day visitors (excursionists),Thousands,2003,
KAZAKHSTAN,Total trips,Thousands,2003,
KAZAKHSTAN,Overnights visitors (tourists),Thousands,2003,
KAZAKHSTAN,Same-day visitors (excursionists),Thousands,2003,
KENYA,Total trips,Thousands,2003,
KENYA,Overnights visitors (tourists),Thousands,2003,
KENYA,Same-day visitors (excursionists),Thousands,2003,
KIRIBATI,Total trips,Thousands,2003,
KIRIBATI,Overnights visitors (tourists),Thousands,2003,
KIRIBATI,Same-day visitors (excursionists),Thousands,2003,
"KOREA, DEMOCRATIC PEOPLE´S REPUBLIC OF",Total trips,Thousands,2003,
"KOREA, DEMOCRATIC PEOPLE´S REPUBLIC OF",Overnights visitors (tourists),Thousands,2003,
"KOREA, DEMOCRATIC PEOPLE´S REPUBLIC OF",Same-day visitors (excursionists),Thousands,2003,
"KOREA, REPUBLIC OF",Total trips,Thousands,2003,
"KOREA, REPUBLIC OF",Overnights visitors (tourists),Thousands,2003,
"KOREA, REPUBLIC OF",Same-day visitors (excursionists),Thousands,2003,
KUWAIT,Total trips,Thousands,2003,
KUWAIT,Overnights visitors (tourists),Thousands,2003,
KUWAIT,Same-day visitors (excursionists),Thousands,2003,
KYRGYZSTAN,Total trips,Thousands,2003,
KYRGYZSTAN,Overnights visitors (tourists),Thousands,2003,
KYRGYZSTAN,Same-day visitors (excursionists),Thousands,2003,
LAO PEOPLE´S DEMOCRATIC REPUBLIC,Total trips,Thousands,2003,
LAO PEOPLE´S DEMOCRATIC REPUBLIC,Overnights visitors (tourists),Thousands,2003,
LAO PEOPLE´S DEMOCRATIC REPUBLIC,Same-day visitors (excursionists),Thousands,2003,
LATVIA,Total trips,Thousands,2003,
LATVIA,Overnights visitors (tourists),Thousands,2003,
LATVIA,Same-day visitors (excursionists),Thousands,2003,
LEBANON,Total trips,Thousands,2003,
LEBANON,Overnights visitors (tourists),Thousands,2003,
LEBANON,Same-day visitors (excursionists),Thousands,2003,
LESOTHO,Total trips,Thousands,2003,
LESOTHO,Overnights visitors (tourists),Thousands,2003,
LESOTHO,Same-day visitors (excursionists),Thousands,2003,
LIBERIA,Total trips,Thousands,2003,
LIBERIA,Overnights visitors (tourists),Thousands,2003,
LIBERIA,Same-day visitors (excursionists),Thousands,2003,
LIBYA,Total trips,Thousands,2003,
LIBYA,Overnights visitors (tourists),Thousands,2003,
LIBYA,Same-day visitors (excursionists),Thousands,2003,
LIECHTENSTEIN,Total trips,Thousands,2003,
LIECHTENSTEIN,Overnights visitors (tourists),Thousands,2003,
LIECHTENSTEIN,Same-day visitors (excursionists),Thousands,2003,
LITHUANIA,Total trips,Thousands,2003,
LITHUANIA,Overnights visitors (tourists),Thousands,2003,
LITHUANIA,Same-day visitors (excursionists),Thousands,2003,
LUXEMBOURG,Total trips,Thousands,2003,
LUXEMBOURG,Overnights visitors (tourists),Thousands,2003,
LUXEMBOURG,Same-day visitors (excursionists),Thousands,2003,
"MACAO, CHINA",Total trips,Thousands,2003,
"MACAO, CHINA",Overnights visitors (tourists),Thousands,2003,
"MACAO, CHINA",Same-day visitors (excursionists),Thousands,2003,
MADAGASCAR,Total trips,Thousands,2003,
MADAGASCAR,Overnights visitors (tourists),Thousands,2003,
MADAGASCAR,Same-day visitors (excursionists),Thousands,2003,
MALAWI,Total trips,Thousands,2003,
MALAWI,Overnights visitors (tourists),Thousands,2003,
MALAWI,Same-day visitors (excursionists),Thousands,2003,
MALAYSIA,Total trips,Thousands,2003,
MALAYSIA,Overnights visitors (tourists),Thousands,2003,
MALAYSIA,Same-day visitors (excursionists),Thousands,2003,
MALDIVES,Total trips,Thousands,2003,
MALDIVES,Overnights visitors (tourists),Thousands,2003,
MALDIVES,Same-day visitors (excursionists),Thousands,2003,
MALI,Total trips,Thousands,2003,
MALI,Overnights visitors (tourists),Thousands,2003,38.0
MALI,Same-day visitors (excursionists),Thousands,2003,
MALTA,Total trips,Thousands,2003,
MALTA,Overnights visitors (tourists),Thousands,2003,
MALTA,Same-day visitors (excursionists),Thousands,2003,
MARSHALL ISLANDS,Total trips,Thousands,2003,
MARSHALL ISLANDS,Overnights visitors (tourists),Thousands,2003,
MARSHALL ISLANDS,Same-day visitors (excursionists),Thousands,2003,
MARTINIQUE,Total trips,Thousands,2003,
MARTINIQUE,Overnights visitors (tourists),Thousands,2003,
MARTINIQUE,Same-day visitors (excursionists),Thousands,2003,
MAURITANIA,Total trips,Thousands,2003,
MAURITANIA,Overnights visitors (tourists),Thousands,2003,
MAURITANIA,Same-day visitors (excursionists),Thousands,2003,
MAURITIUS,Total trips,Thousands,2003,
MAURITIUS,Overnights visitors (tourists),Thousands,2003,
MAURITIUS,Same-day visitors (excursionists),Thousands,2003,
MEXICO,Total trips,Thousands,2003,
MEXICO,Overnights visitors (tourists),Thousands,2003,
MEXICO,Same-day visitors (excursionists),Thousands,2003,
"MICRONESIA, FEDERATED STATES OF",Total trips,Thousands,2003,
"MICRONESIA, FEDERATED STATES OF",Overnights visitors (tourists),Thousands,2003,
"MICRONESIA, FEDERATED STATES OF",Same-day visitors (excursionists),Thousands,2003,
"MOLDOVA, REPUBLIC OF",Total trips,Thousands,2003,
"MOLDOVA, REPUBLIC OF",Overnights visitors (tourists),Thousands,2003,
"MOLDOVA, REPUBLIC OF",Same-day visitors (excursionists),Thousands,2003,
MONACO,Total trips,Thousands,2003,
MONACO,Overnights visitors (tourists),Thousands,2003,
MONACO,Same-day visitors (excursionists),Thousands,2003,
MONGOLIA,Total trips,Thousands,2003,
MONGOLIA,Overnights visitors (tourists),Thousands,2003,
MONGOLIA,Same-day visitors (excursionists),Thousands,2003,
MONTENEGRO,Total trips,Thousands,2003,
MONTENEGRO,Overnights visitors (tourists),Thousands,2003,
MONTENEGRO,Same-day visitors (excursionists),Thousands,2003,
MONTSERRAT,Total trips,Thousands,2003,
MONTSERRAT,Overnights visitors (tourists),Thousands,2003,
MONTSERRAT,Same-day visitors (excursionists),Thousands,2003,
MOROCCO,Total trips,Thousands,2003,
MOROCCO,Overnights visitors (tourists),Thousands,2003,
MOROCCO,Same-day visitors (excursionists),Thousands,2003,
MOZAMBIQUE,Total trips,Thousands,2003,
MOZAMBIQUE,Overnights visitors (tourists),Thousands,2003,
MOZAMBIQUE,Same-day visitors (excursionists),Thousands,2003,
MYANMAR,Total trips,Thousands,2003,
MYANMAR,Overnights visitors (tourists),Thousands,2003,
MYANMAR,Same-day visitors (excursionists),Thousands,2003,
NAMIBIA,Total trips,Thousands,2003,
NAMIBIA,Overnights visitors (tourists),Thousands,2003,
NAMIBIA,Same-day visitors (excursionists),Thousands,2003,
NAURU,Total trips,Thousands,2003,
NAURU,Overnights visitors (tourists),Thousands,2003,
NAURU,Same-day visitors (excursionists),Thousands,2003,
NEPAL,Total trips,Thousands,2003,
NEPAL,Overnights visitors (tourists),Thousands,2003,
NEPAL,Same-day visitors (excursionists),Thousands,2003,
NETHERLANDS,Total trips,Thousands,2003,
NETHERLANDS,Overnights visitors (tourists),Thousands,2003,
NETHERLANDS,Same-day visitors (excursionists),Thousands,2003,
NEW CALEDONIA,Total trips,Thousands,2003,
NEW CALEDONIA,Overnights visitors (tourists),Thousands,2003,
NEW CALEDONIA,Same-day visitors (excursionists),Thousands,2003,
NEW ZEALAND,Total trips,Thousands,2003,
NEW ZEALAND,Overnights visitors (tourists),Thousands,2003,
NEW ZEALAND,Same-day visitors (excursionists),Thousands,2003,
NICARAGUA,Total trips,Thousands,2003,
NICARAGUA,Overnights visitors (tourists),Thousands,2003,
NICARAGUA,Same-day visitors (excursionists),Thousands,2003,
NIGER,Total trips,Thousands,2003,
NIGER,Overnights visitors (tourists),Thousands,2003,
NIGER,Same-day visitors (excursionists),Thousands,2003,
NIGERIA,Total trips,Thousands,2003,
NIGERIA,Overnights visitors (tourists),Thousands,2003,
NIGERIA,Same-day visitors (excursionists),Thousands,2003,
NIUE,Total trips,Thousands,2003,
NIUE,Overnights visitors (tourists),Thousands,2003,
NIUE,Same-day visitors (excursionists),Thousands,2003,
NORTH MACEDONIA,Total trips,Thousands,2003,
NORTH MACEDONIA,Overnights visitors (tourists),Thousands,2003,
NORTH MACEDONIA,Same-day visitors (excursionists),Thousands,2003,
NORTHERN MARIANA ISLANDS,Total trips,Thousands,2003,
NORTHERN MARIANA ISLANDS,Overnights visitors (tourists),Thousands,2003,
NORTHERN MARIANA ISLANDS,Same-day visitors (excursionists),Thousands,2003,
NORWAY,Total trips,Thousands,2003,
NORWAY,Overnights visitors (tourists),Thousands,2003,
NORWAY,Same-day visitors (excursionists),Thousands,2003,
OMAN,Total trips,Thousands,2003,
OMAN,Overnights visitors (tourists),Thousands,2003,
OMAN,Same-day visitors (excursionists),Thousands,2003,
PAKISTAN,Total trips,Thousands,2003,
PAKISTAN,Overnights visitors (tourists),Thousands,2003,
PAKISTAN,Same-day visitors (excursionists),Thousands,2003,
PALAU,Total trips,Thousands,2003,
PALAU,Overnights visitors (tourists),Thousands,2003,
PALAU,Same-day visitors (excursionists),Thousands,2003,
PANAMA,Total trips,Thousands,2003,
PANAMA,Overnights visitors (tourists),Thousands,2003,
PANAMA,Same-day visitors (excursionists),Thousands,2003,
PAPUA NEW GUINEA,Total trips,Thousands,2003,
PAPUA NEW GUINEA,Overnights visitors (tourists),Thousands,2003,
PAPUA NEW GUINEA,Same-day visitors (excursionists),Thousands,2003,
PARAGUAY,Total trips,Thousands,2003,
PARAGUAY,Overnights visitors (tourists),Thousands,2003,
PARAGUAY,Same-day visitors (excursionists),Thousands,2003,
PERU,Total trips,Thousands,2003,
PERU,Overnights visitors (tourists),Thousands,2003,
PERU,Same-day visitors (excursionists),Thousands,2003,
PHILIPPINES,Total trips,Thousands,2003,
PHILIPPINES,Overnights visitors (tourists),Thousands,2003,
PHILIPPINES,Same-day visitors (excursionists),Thousands,2003,
POLAND,Total trips,Thousands,2003,
POLAND,Overnights visitors (tourists),Thousands,2003,
POLAND,Same-day visitors (excursionists),Thousands,2003,
PORTUGAL,Total trips,Thousands,2003,
PORTUGAL,Overnights visitors (tourists),Thousands,2003,
PORTUGAL,Same-day visitors (excursionists),Thousands,2003,
PUERTO RICO,Total trips,Thousands,2003,
PUERTO RICO,Overnights visitors (tourists),Thousands,2003,
PUERTO RICO,Same-day visitors (excursionists),Thousands,2003,
QATAR,Total trips,Thousands,2003,
QATAR,Overnights visitors (tourists),Thousands,2003,
QATAR,Same-day visitors (excursionists),Thousands,2003,
REUNION,Total trips,Thousands,2003,
REUNION,Overnights visitors (tourists),Thousands,2003,
REUNION,Same-day visitors (excursionists),Thousands,2003,
ROMANIA,Total trips,Thousands,2003,
ROMANIA,Overnights visitors (tourists),Thousands,2003,
ROMANIA,Same-day visitors (excursionists),Thousands,2003,
RUSSIAN FEDERATION,Total trips,Thousands,2003,
RUSSIAN FEDERATION,Overnights visitors (tourists),Thousands,2003,
RUSSIAN FEDERATION,Same-day visitors (excursionists),Thousands,2003,
RWANDA,Total trips,Thousands,2003,
RWANDA,Overnights visitors (tourists),Thousands,2003,
RWANDA,Same-day visitors (excursionists),Thousands,2003,
SABA,Total trips,Thousands,2003,
SABA,Overnights visitors (tourists),Thousands,2003,
SABA,Same-day visitors (excursionists),Thousands,2003,
SAINT KITTS AND NEVIS,Total trips,Thousands,2003,
SAINT KITTS AND NEVIS,Overnights visitors (tourists),Thousands,2003,
SAINT KITTS AND NEVIS,Same-day visitors (excursionists),Thousands,2003,
SAINT LUCIA,Total trips,Thousands,2003,
SAINT LUCIA,Overnights visitors (tourists),Thousands,2003,
SAINT LUCIA,Same-day visitors (excursionists),Thousands,2003,
SAINT VINCENT AND THE GRENADINES,Total trips,Thousands,2003,
SAINT VINCENT AND THE GRENADINES,Overnights visitors (tourists),Thousands,2003,
SAINT VINCENT AND THE GRENADINES,Same-day visitors (excursionists),Thousands,2003,
SAMOA,Total trips,Thousands,2003,
SAMOA,Overnights visitors (tourists),Thousands,2003,
SAMOA,Same-day visitors (excursionists),Thousands,2003,
SAN MARINO,Total trips,Thousands,2003,
SAN MARINO,Overnights visitors (tourists),Thousands,2003,
SAN MARINO,Same-day visitors (excursionists),Thousands,2003,
SAO TOME AND PRINCIPE,Total trips,Thousands,2003,
SAO TOME AND PRINCIPE,Overnights visitors (tourists),Thousands,2003,
SAO TOME AND PRINCIPE,Same-day visitors (excursionists),Thousands,2003,
SAUDI ARABIA,Total trips,Thousands,2003,
SAUDI ARABIA,Overnights visitors (tourists),Thousands,2003,
SAUDI ARABIA,Same-day visitors (excursionists),Thousands,2003,
SENEGAL,Total trips,Thousands,2003,
SENEGAL,Overnights visitors (tourists),Thousands,2003,
SENEGAL,Same-day visitors (excursionists),Thousands,2003,
SERBIA,Total trips,Thousands,2003,
SERBIA,Overnights visitors (tourists),Thousands,2003,
SERBIA,Same-day visitors (excursionists),Thousands,2003,
SERBIA AND MONTENEGRO,Total trips,Thousands,2003,
SERBIA AND MONTENEGRO,Overnights visitors (tourists),Thousands,2003,
SERBIA AND MONTENEGRO,Same-day visitors (excursionists),Thousands,2003,
SEYCHELLES,Total trips,Thousands,2003,
SEYCHELLES,Overnights visitors (tourists),Thousands,2003,
SEYCHELLES,Same-day visitors (excursionists),Thousands,2003,
SIERRA LEONE,Total trips,Thousands,2003,
SIERRA LEONE,Overnights visitors (tourists),Thousands,2003,
SIERRA LEONE,Same-day visitors (excursionists),Thousands,2003,
SINGAPORE,Total trips,Thousands,2003,
SINGAPORE,Overnights visitors (tourists),Thousands,2003,
SINGAPORE,Same-day visitors (excursionists),Thousands,2003,
SINT EUSTATIUS,Total trips,Thousands,2003,
SINT EUSTATIUS,Overnights visitors (tourists),Thousands,2003,
SINT EUSTATIUS,Same-day visitors (excursionists),Thousands,2003,
SINT MAARTEN (DUTCH PART),Total trips,Thousands,2003,
SINT MAARTEN (DUTCH PART),Overnights visitors (tourists),Thousands,2003,
SINT MAARTEN (DUTCH PART),Same-day visitors (excursionists),Thousands,2003,
SLOVAKIA,Total trips,Thousands,2003,
SLOVAKIA,Overnights visitors (tourists),Thousands,2003,
SLOVAKIA,Same-day visitors (excursionists),Thousands,2003,
SLOVENIA,Total trips,Thousands,2003,
SLOVENIA,Overnights visitors (tourists),Thousands,2003,
SLOVENIA,Same-day visitors (excursionists),Thousands,2003,
SOLOMON ISLANDS,Total trips,Thousands,2003,
SOLOMON ISLANDS,Overnights visitors (tourists),Thousands,2003,
SOLOMON ISLANDS,Same-day visitors (excursionists),Thousands,2003,
SOMALIA,Total trips,Thousands,2003,
SOMALIA,Overnights visitors (tourists),Thousands,2003,
SOMALIA,Same-day visitors (excursionists),Thousands,2003,
SOUTH AFRICA,Total trips,Thousands,2003,
SOUTH AFRICA,Overnights visitors (tourists),Thousands,2003,
SOUTH AFRICA,Same-day visitors (excursionists),Thousands,2003,
SOUTH SUDAN,Total trips,Thousands,2003,
SOUTH SUDAN,Overnights visitors (tourists),Thousands,2003,
SOUTH SUDAN,Same-day visitors (excursionists),Thousands,2003,
SPAIN,Total trips,Thousands,2003,
SPAIN,Overnights visitors (tourists),Thousands,2003,
SPAIN,Same-day visitors (excursionists),Thousands,2003,
SRI LANKA,Total trips,Thousands,2003,
SRI LANKA,Overnights visitors (tourists),Thousands,2003,
SRI LANKA,Same-day visitors (excursionists),Thousands,2003,
STATE OF PALESTINE,Total trips,Thousands,2003,
STATE OF PALESTINE,Overnights visitors (tourists),Thousands,2003,
STATE OF PALESTINE,Same-day visitors (excursionists),Thousands,2003,
SUDAN,Total trips,Thousands,2003,
SUDAN,Overnights visitors (tourists),Thousands,2003,
SUDAN,Same-day visitors (excursionists),Thousands,2003,
SURINAME,Total trips,Thousands,2003,
SURINAME,Overnights visitors (tourists),Thousands,2003,
SURINAME,Same-day visitors (excursionists),Thousands,2003,
SWEDEN,Total trips,Thousands,2003,
SWEDEN,Overnights visitors (tourists),Thousands,2003,
SWEDEN,Same-day visitors (excursionists),Thousands,2003,
SWITZERLAND,Total trips,Thousands,2003,
SWITZERLAND,Overnights visitors (tourists),Thousands,2003,
SWITZERLAND,Same-day visitors (excursionists),Thousands,2003,
SYRIAN ARAB REPUBLIC,Total trips,Thousands,2003,
SYRIAN ARAB REPUBLIC,Overnights visitors (tourists),Thousands,2003,
SYRIAN ARAB REPUBLIC,Same-day visitors (excursionists),Thousands,2003,
TAIWAN PROVINCE OF CHINA,Total trips,Thousands,2003,
TAIWAN PROVINCE OF CHINA,Overnights visitors (tourists),Thousands,2003,
TAIWAN PROVINCE OF CHINA,Same-day visitors (excursionists),Thousands,2003,
TAJIKISTAN,Total trips,Thousands,2003,
TAJIKISTAN,Overnights visitors (tourists),Thousands,2003,
TAJIKISTAN,Same-day visitors (excursionists),Thousands,2003,
"TANZANIA, UNITED REPUBLIC OF",Total trips,Thousands,2003,
"TANZANIA, UNITED REPUBLIC OF",Overnights visitors (tourists),Thousands,2003,
"TANZANIA, UNITED REPUBLIC OF",Same-day visitors (excursionists),Thousands,2003,
THAILAND,Total trips,Thousands,2003,
THAILAND,Overnights visitors (tourists),Thousands,2003,
THAILAND,Same-day visitors (excursionists),Thousands,2003,
TIMOR-LESTE,Total trips,Thousands,2003,
TIMOR-LESTE,Overnights visitors (tourists),Thousands,2003,
TIMOR-LESTE,Same-day visitors (excursionists),Thousands,2003,
TOGO,Total trips,Thousands,2003,
TOGO,Overnights visitors (tourists),Thousands,2003,
TOGO,Same-day visitors (excursionists),Thousands,2003,
TONGA,Total trips,Thousands,2003,
TONGA,Overnights visitors (tourists),Thousands,2003,
TONGA,Same-day visitors (excursionists),Thousands,2003,
TRINIDAD AND TOBAGO,Total trips,Thousands,2003,
TRINIDAD AND TOBAGO,Overnights visitors (tourists),Thousands,2003,
TRINIDAD AND TOBAGO,Same-day visitors (excursionists),Thousands,2003,
TUNISIA,Total trips,Thousands,2003,
TUNISIA,Overnights visitors (tourists),Thousands,2003,
TUNISIA,Same-day visitors (excursionists),Thousands,2003,
TÜRKIYE,Total trips,Thousands,2003,
TÜRKIYE,Overnights visitors (tourists),Thousands,2003,
TÜRKIYE,Same-day visitors (excursionists),Thousands,2003,
TURKMENISTAN,Total trips,Thousands,2003,
TURKMENISTAN,Overnights visitors (tourists),Thousands,2003,
TURKMENISTAN,Same-day visitors (excursionists),Thousands,2003,
TURKS AND CAICOS ISLANDS,Total trips,Thousands,2003,
TURKS AND CAICOS ISLANDS,Overnights visitors (tourists),Thousands,2003,
TURKS AND CAICOS ISLANDS,Same-day visitors (excursionists),Thousands,2003,
TUVALU,Total trips,Thousands,2003,
TUVALU,Overnights visitors (tourists),Thousands,2003,
TUVALU,Same-day visitors (excursionists),Thousands,2003,
UGANDA,Total trips,Thousands,2003,
UGANDA,Overnights visitors (tourists),Thousands,2003,
UGANDA,Same-day visitors (excursionists),Thousands,2003,
UKRAINE,Total trips,Thousands,2003,
UKRAINE,Overnights visitors (tourists),Thousands,2003,
UKRAINE,Same-day visitors (excursionists),Thousands,2003,
UNITED ARAB EMIRATES,Total trips,Thousands,2003,
UNITED ARAB EMIRATES,Overnights visitors (tourists),Thousands,2003,
UNITED ARAB EMIRATES,Same-day visitors (excursionists),Thousands,2003,
UNITED KINGDOM,Total trips,Thousands,2003,
UNITED KINGDOM,Overnights visitors (tourists),Thousands,2003,
UNITED KINGDOM,Same-day visitors (excursionists),Thousands,2003,
UNITED STATES OF AMERICA,Total trips,Thousands,2003,
UNITED STATES OF AMERICA,Overnights visitors (tourists),Thousands,2003,
UNITED STATES OF AMERICA,Same-day visitors (excursionists),Thousands,2003,
UNITED STATES VIRGIN ISLANDS,Total trips,Thousands,2003,
UNITED STATES VIRGIN ISLANDS,Overnights visitors (tourists),Thousands,2003,
UNITED STATES VIRGIN ISLANDS,Same-day visitors (excursionists),Thousands,2003,
URUGUAY,Total trips,Thousands,2003,
URUGUAY,Overnights visitors (tourists),Thousands,2003,
URUGUAY,Same-day visitors (excursionists),Thousands,2003,
UZBEKISTAN,Total trips,Thousands,2003,
UZBEKISTAN,Overnights visitors (tourists),Thousands,2003,
UZBEKISTAN,Same-day visitors (excursionists),Thousands,2003,
VANUATU,Total trips,Thousands,2003,
VANUATU,Overnights visitors (tourists),Thousands,2003,
VANUATU,Same-day visitors (excursionists),Thousands,2003,
"VENEZUELA, BOLIVARIAN REPUBLIC OF",Total trips,Thousands,2003,
"VENEZUELA, BOLIVARIAN REPUBLIC OF",Overnights visitors (tourists),Thousands,2003,
"VENEZUELA, BOLIVARIAN REPUBLIC OF",Same-day visitors (excursionists),Thousands,2003,
VIET NAM,Total trips,Thousands,2003,
VIET NAM,Overnights visitors (tourists),Thousands,2003,
VIET NAM,Same-day visitors (excursionists),Thousands,2003,
YEMEN,Total trips,Thousands,2003,
YEMEN,Overnights visitors (tourists),Thousands,2003,
YEMEN,Same-day visitors (excursionists),Thousands,2003,
ZAMBIA,Total trips,Thousands,2003,
ZAMBIA,Overnights visitors (tourists),Thousands,2003,
ZAMBIA,Same-day visitors (excursionists),Thousands,2003,
ZIMBABWE,Total trips,Thousands,2003,
ZIMBABWE,Overnights visitors (tourists),Thousands,2003,
ZIMBABWE,Same-day visitors (excursionists),Thousands,2003,
AFGHANISTAN,Total trips,Thousands,2004,
AFGHANISTAN,Overnights visitors (tourists),Thousands,2004,
AFGHANISTAN,Same-day visitors (excursionists),Thousands,2004,
ALBANIA,Total trips,Thousands,2004,
ALBANIA,Overnights visitors (tourists),Thousands,2004,
ALBANIA,Same-day visitors (excursionists),Thousands,2004,
ALGERIA,Total trips,Thousands,2004,
ALGERIA,Overnights visitors (tourists),Thousands,2004,
ALGERIA,Same-day visitors (excursionists),Thousands,2004,
AMERICAN SAMOA,Total trips,Thousands,2004,
AMERICAN SAMOA,Overnights visitors (tourists),Thousands,2004,
AMERICAN SAMOA,Same-day visitors (excursionists),Thousands,2004,
ANDORRA,Total trips,Thousands,2004,
ANDORRA,Overnights visitors (tourists),Thousands,2004,
ANDORRA,Same-day visitors (excursionists),Thousands,2004,
ANGOLA,Total trips,Thousands,2004,
ANGOLA,Overnights visitors (tourists),Thousands,2004,
ANGOLA,Same-day visitors (excursionists),Thousands,2004,
ANGUILLA,Total trips,Thousands,2004,
ANGUILLA,Overnights visitors (tourists),Thousands,2004,
ANGUILLA,Same-day visitors (excursionists),Thousands,2004,
ANTIGUA AND BARBUDA,Total trips,Thousands,2004,
ANTIGUA AND BARBUDA,Overnights visitors (tourists),Thousands,2004,
ANTIGUA AND BARBUDA,Same-day visitors (excursionists),Thousands,2004,
ARGENTINA,Total trips,Thousands,2004,
ARGENTINA,Overnights visitors (tourists),Thousands,2004,
ARGENTINA,Same-day visitors (excursionists),Thousands,2004,
ARMENIA,Total trips,Thousands,2004,
ARMENIA,Overnights visitors (tourists),Thousands,2004,
ARMENIA,Same-day visitors (excursionists),Thousands,2004,
ARUBA,Total trips,Thousands,2004,
ARUBA,Overnights visitors (tourists),Thousands,2004,
ARUBA,Same-day visitors (excursionists),Thousands,2004,
AUSTRALIA,Total trips,Thousands,2004,
AUSTRALIA,Overnights visitors (tourists),Thousands,2004,
AUSTRALIA,Same-day visitors (excursionists),Thousands,2004,
AUSTRIA,Total trips,Thousands,2004,
AUSTRIA,Overnights visitors (tourists),Thousands,2004,
AUSTRIA,Same-day visitors (excursionists),Thousands,2004,
AZERBAIJAN,Total trips,Thousands,2004,
AZERBAIJAN,Overnights visitors (tourists),Thousands,2004,
AZERBAIJAN,Same-day visitors (excursionists),Thousands,2004,
BAHAMAS,Total trips,Thousands,2004,
BAHAMAS,Overnights visitors (tourists),Thousands,2004,
BAHAMAS,Same-day visitors (excursionists),Thousands,2004,
BAHRAIN,Total trips,Thousands,2004,
BAHRAIN,Overnights visitors (tourists),Thousands,2004,
BAHRAIN,Same-day visitors (excursionists),Thousands,2004,
BANGLADESH,Total trips,Thousands,2004,
BANGLADESH,Overnights visitors (tourists),Thousands,2004,
BANGLADESH,Same-day visitors (excursionists),Thousands,2004,
BARBADOS,Total trips,Thousands,2004,
BARBADOS,Overnights visitors (tourists),Thousands,2004,
BARBADOS,Same-day visitors (excursionists),Thousands,2004,
BELARUS,Total trips,Thousands,2004,
BELARUS,Overnights visitors (tourists),Thousands,2004,
BELARUS,Same-day visitors (excursionists),Thousands,2004,
BELGIUM,Total trips,Thousands,2004,
BELGIUM,Overnights visitors (tourists),Thousands,2004,
BELGIUM,Same-day visitors (excursionists),Thousands,2004,
BELIZE,Total trips,Thousands,2004,
BELIZE,Overnights visitors (tourists),Thousands,2004,
BELIZE,Same-day visitors (excursionists),Thousands,2004,
BENIN,Total trips,Thousands,2004,
BENIN,Overnights visitors (tourists),Thousands,2004,
BENIN,Same-day visitors (excursionists),Thousands,2004,
BERMUDA,Total trips,Thousands,2004,
BERMUDA,Overnights visitors (tourists),Thousands,2004,
BERMUDA,Same-day visitors (excursionists),Thousands,2004,
BHUTAN,Total trips,Thousands,2004,
BHUTAN,Overnights visitors (tourists),Thousands,2004,
BHUTAN,Same-day visitors (excursionists),Thousands,2004,
"BOLIVIA, PLURINATIONAL STATE OF",Total trips,Thousands,2004,
"BOLIVIA, PLURINATIONAL STATE OF",Overnights visitors (tourists),Thousands,2004,
"BOLIVIA, PLURINATIONAL STATE OF",Same-day visitors (excursionists),Thousands,2004,
BONAIRE,Total trips,Thousands,2004,
BONAIRE,Overnights visitors (tourists),Thousands,2004,
BONAIRE,Same-day visitors (excursionists),Thousands,2004,
BOSNIA AND HERZEGOVINA,Total trips,Thousands,2004,
BOSNIA AND HERZEGOVINA,Overnights visitors (tourists),Thousands,2004,
BOSNIA AND HERZEGOVINA,Same-day visitors (excursionists),Thousands,2004,
BOTSWANA,Total trips,Thousands,2004,
BOTSWANA,Overnights visitors (tourists),Thousands,2004,
BOTSWANA,Same-day visitors (excursionists),Thousands,2004,
BRAZIL,Total trips,Thousands,2004,
BRAZIL,Overnights visitors (tourists),Thousands,2004,
BRAZIL,Same-day visitors (excursionists),Thousands,2004,
BRITISH VIRGIN ISLANDS,Total trips,Thousands,2004,
BRITISH VIRGIN ISLANDS,Overnights visitors (tourists),Thousands,2004,
BRITISH VIRGIN ISLANDS,Same-day visitors (excursionists),Thousands,2004,
BRUNEI DARUSSALAM,Total trips,Thousands,2004,
BRUNEI DARUSSALAM,Overnights visitors (tourists),Thousands,2004,
BRUNEI DARUSSALAM,Same-day visitors (excursionists),Thousands,2004,
BULGARIA,Total trips,Thousands,2004,
BULGARIA,Overnights visitors (tourists),Thousands,2004,
BULGARIA,Same-day visitors (excursionists),Thousands,2004,
BURKINA FASO,Total trips,Thousands,2004,
BURKINA FASO,Overnights visitors (tourists),Thousands,2004,
BURKINA FASO,Same-day visitors (excursionists),Thousands,2004,
BURUNDI,Total trips,Thousands,2004,
BURUNDI,Overnights visitors (tourists),Thousands,2004,
BURUNDI,Same-day visitors (excursionists),Thousands,2004,
CABO VERDE,Total trips,Thousands,2004,
CABO VERDE,Overnights visitors (tourists),Thousands,2004,
CABO VERDE,Same-day visitors (excursionists),Thousands,2004,
CAMBODIA,Total trips,Thousands,2004,
CAMBODIA,Overnights visitors (tourists),Thousands,2004,
CAMBODIA,Same-day visitors (excursionists),Thousands,2004,
CAMEROON,Total trips,Thousands,2004,
CAMEROON,Overnights visitors (tourists),Thousands,2004,
CAMEROON,Same-day visitors (excursionists),Thousands,2004,
CANADA,Total trips,Thousands,2004,
CANADA,Overnights visitors (tourists),Thousands,2004,
CANADA,Same-day visitors (excursionists),Thousands,2004,
CAYMAN ISLANDS,Total trips,Thousands,2004,
CAYMAN ISLANDS,Overnights visitors (tourists),Thousands,2004,
CAYMAN ISLANDS,Same-day visitors (excursionists),Thousands,2004,
CENTRAL AFRICAN REPUBLIC,Total trips,Thousands,2004,
CENTRAL AFRICAN REPUBLIC,Overnights visitors (tourists),Thousands,2004,
CENTRAL AFRICAN REPUBLIC,Same-day visitors (excursionists),Thousands,2004,
CHAD,Total trips,Thousands,2004,
CHAD,Overnights visitors (tourists),Thousands,2004,
CHAD,Same-day visitors (excursionists),Thousands,2004,
CHILE,Total trips,Thousands,2004,
CHILE,Overnights visitors (tourists),Thousands,2004,
CHILE,Same-day visitors (excursionists),Thousands,2004,
CHINA,Total trips,Thousands,2004,
CHINA,Overnights visitors (tourists),Thousands,2004,
CHINA,Same-day visitors (excursionists),Thousands,2004,
COLOMBIA,Total trips,Thousands,2004,
COLOMBIA,Overnights visitors (tourists),Thousands,2004,
COLOMBIA,Same-day visitors (excursionists),Thousands,2004,
COMOROS,Total trips,Thousands,2004,
COMOROS,Overnights visitors (tourists),Thousands,2004,
COMOROS,Same-day visitors (excursionists),Thousands,2004,
CONGO,Total trips,Thousands,2004,
CONGO,Overnights visitors (tourists),Thousands,2004,
CONGO,Same-day visitors (excursionists),Thousands,2004,
"CONGO, DEMOCRATIC REPUBLIC OF THE",Total trips,Thousands,2004,
"CONGO, DEMOCRATIC REPUBLIC OF THE",Overnights visitors (tourists),Thousands,2004,
"CONGO, DEMOCRATIC REPUBLIC OF THE",Same-day visitors (excursionists),Thousands,2004,
COOK ISLANDS,Total trips,Thousands,2004,
COOK ISLANDS,Overnights visitors (tourists),Thousands,2004,
COOK ISLANDS,Same-day visitors (excursionists),Thousands,2004,
COSTA RICA,Total trips,Thousands,2004,
COSTA RICA,Overnights visitors (tourists),Thousands,2004,
COSTA RICA,Same-day visitors (excursionists),Thousands,2004,
COTE D´IVOIRE,Total trips,Thousands,2004,
COTE D´IVOIRE,Overnights visitors (tourists),Thousands,2004,
COTE D´IVOIRE,Same-day visitors (excursionists),Thousands,2004,
CROATIA,Total trips,Thousands,2004,
CROATIA,Overnights visitors (tourists),Thousands,2004,
CROATIA,Same-day visitors (excursionists),Thousands,2004,
CUBA,Total trips,Thousands,2004,
CUBA,Overnights visitors (tourists),Thousands,2004,
CUBA,Same-day visitors (excursionists),Thousands,2004,
CURAÇAO,Total trips,Thousands,2004,
CURAÇAO,Overnights visitors (tourists),Thousands,2004,
CURAÇAO,Same-day visitors (excursionists),Thousands,2004,
CYPRUS,Total trips,Thousands,2004,
CYPRUS,Overnights visitors (tourists),Thousands,2004,
CYPRUS,Same-day visitors (excursionists),Thousands,2004,
CZECH REPUBLIC (CZECHIA),Total trips,Thousands,2004,
CZECH REPUBLIC (CZECHIA),Overnights visitors (tourists),Thousands,2004,
CZECH REPUBLIC (CZECHIA),Same-day visitors (excursionists),Thousands,2004,
DENMARK,Total trips,Thousands,2004,
DENMARK,Overnights visitors (tourists),Thousands,2004,
DENMARK,Same-day visitors (excursionists),Thousands,2004,
DJIBOUTI,Total trips,Thousands,2004,
DJIBOUTI,Overnights visitors (tourists),Thousands,2004,
DJIBOUTI,Same-day visitors (excursionists),Thousands,2004,
DOMINICA,Total trips,Thousands,2004,
DOMINICA,Overnights visitors (tourists),Thousands,2004,
DOMINICA,Same-day visitors (excursionists),Thousands,2004,
DOMINICAN REPUBLIC,Total trips,Thousands,2004,
DOMINICAN REPUBLIC,Overnights visitors (tourists),Thousands,2004,
DOMINICAN REPUBLIC,Same-day visitors (excursionists),Thousands,2004,
ECUADOR,Total trips,Thousands,2004,
ECUADOR,Overnights visitors (tourists),Thousands,2004,
ECUADOR,Same-day visitors (excursionists),Thousands,2004,
EGYPT,Total trips,Thousands,2004,
EGYPT,Overnights visitors (tourists),Thousands,2004,
EGYPT,Same-day visitors (excursionists),Thousands,2004,
EL SALVADOR,Total trips,Thousands,2004,
EL SALVADOR,Overnights visitors (tourists),Thousands,2004,
EL SALVADOR,Same-day visitors (excursionists),Thousands,2004,
EQUATORIAL GUINEA,Total trips,Thousands,2004,
EQUATORIAL GUINEA,Overnights visitors (tourists),Thousands,2004,
EQUATORIAL GUINEA,Same-day visitors (excursionists),Thousands,2004,
ERITREA,Total trips,Thousands,2004,
ERITREA,Overnights visitors (tourists),Thousands,2004,
ERITREA,Same-day visitors (excursionists),Thousands,2004,
ESTONIA,Total trips,Thousands,2004,
ESTONIA,Overnights visitors (tourists),Thousands,2004,
ESTONIA,Same-day visitors (excursionists),Thousands,2004,
ESWATINI,Total trips,Thousands,2004,
ESWATINI,Overnights visitors (tourists),Thousands,2004,
ESWATINI,Same-day visitors (excursionists),Thousands,2004,
ETHIOPIA,Total trips,Thousands,2004,
ETHIOPIA,Overnights visitors (tourists),Thousands,2004,
ETHIOPIA,Same-day visitors (excursionists),Thousands,2004,
FIJI,Total trips,Thousands,2004,
FIJI,Overnights visitors (tourists),Thousands,2004,
FIJI,Same-day visitors (excursionists),Thousands,2004,
FINLAND,Total trips,Thousands,2004,
FINLAND,Overnights visitors (tourists),Thousands,2004,
FINLAND,Same-day visitors (excursionists),Thousands,2004,
FRANCE,Total trips,Thousands,2004,
FRANCE,Overnights visitors (tourists),Thousands,2004,
FRANCE,Same-day visitors (excursionists),Thousands,2004,
FRENCH GUIANA,Total trips,Thousands,2004,
FRENCH GUIANA,Overnights visitors (tourists),Thousands,2004,
FRENCH GUIANA,Same-day visitors (excursionists),Thousands,2004,
FRENCH POLYNESIA,Total trips,Thousands,2004,
FRENCH POLYNESIA,Overnights visitors (tourists),Thousands,2004,
FRENCH POLYNESIA,Same-day visitors (excursionists),Thousands,2004,
GABON,Total trips,Thousands,2004,
GABON,Overnights visitors (tourists),Thousands,2004,
GABON,Same-day visitors (excursionists),Thousands,2004,
GAMBIA,Total trips,Thousands,2004,
GAMBIA,Overnights visitors (tourists),Thousands,2004,
GAMBIA,Same-day visitors (excursionists),Thousands,2004,
GEORGIA,Total trips,Thousands,2004,
GEORGIA,Overnights visitors (tourists),Thousands,2004,
GEORGIA,Same-day visitors (excursionists),Thousands,2004,
GERMANY,Total trips,Thousands,2004,
GERMANY,Overnights visitors (tourists),Thousands,2004,
GERMANY,Same-day visitors (excursionists),Thousands,2004,
GHANA,Total trips,Thousands,2004,
GHANA,Overnights visitors (tourists),Thousands,2004,
GHANA,Same-day visitors (excursionists),Thousands,2004,
GREECE,Total trips,Thousands,2004,
GREECE,Overnights visitors (tourists),Thousands,2004,
GREECE,Same-day visitors (excursionists),Thousands,2004,
GRENADA,Total trips,Thousands,2004,
GRENADA,Overnights visitors (tourists),Thousands,2004,
GRENADA,Same-day visitors (excursionists),Thousands,2004,
GUADELOUPE,Total trips,Thousands,2004,
GUADELOUPE,Overnights visitors (tourists),Thousands,2004,
GUADELOUPE,Same-day visitors (excursionists),Thousands,2004,
GUAM,Total trips,Thousands,2004,
GUAM,Overnights visitors (tourists),Thousands,2004,
GUAM,Same-day visitors (excursionists),Thousands,2004,
GUATEMALA,Total trips,Thousands,2004,
GUATEMALA,Overnights visitors (tourists),Thousands,2004,
GUATEMALA,Same-day visitors (excursionists),Thousands,2004,
GUINEA,Total trips,Thousands,2004,
GUINEA,Overnights visitors (tourists),Thousands,2004,
GUINEA,Same-day visitors (excursionists),Thousands,2004,
GUINEA-BISSAU,Total trips,Thousands,2004,
GUINEA-BISSAU,Overnights visitors (tourists),Thousands,2004,
GUINEA-BISSAU,Same-day visitors (excursionists),Thousands,2004,
GUYANA,Total trips,Thousands,2004,
GUYANA,Overnights visitors (tourists),Thousands,2004,
GUYANA,Same-day visitors (excursionists),Thousands,2004,
HAITI,Total trips,Thousands,2004,
HAITI,Overnights visitors (tourists),Thousands,2004,
HAITI,Same-day visitors (excursionists),Thousands,2004,
HONDURAS,Total trips,Thousands,2004,
HONDURAS,Overnights visitors (tourists),Thousands,2004,
HONDURAS,Same-day visitors (excursionists),Thousands,2004,
"HONG KONG, CHINA",Total trips,Thousands,2004,
"HONG KONG, CHINA",Overnights visitors (tourists),Thousands,2004,
"HONG KONG, CHINA",Same-day visitors (excursionists),Thousands,2004,
HUNGARY,Total trips,Thousands,2004,
HUNGARY,Overnights visitors (tourists),Thousands,2004,
HUNGARY,Same-day visitors (excursionists),Thousands,2004,
ICELAND,Total trips,Thousands,2004,
ICELAND,Overnights visitors (tourists),Thousands,2004,
ICELAND,Same-day visitors (excursionists),Thousands,2004,
INDIA,Total trips,Thousands,2004,
INDIA,Overnights visitors (tourists),Thousands,2004,
INDIA,Same-day visitors (excursionists),Thousands,2004,
INDONESIA,Total trips,Thousands,2004,
INDONESIA,Overnights visitors (tourists),Thousands,2004,
INDONESIA,Same-day visitors (excursionists),Thousands,2004,
"IRAN, ISLAMIC REPUBLIC OF",Total trips,Thousands,2004,
"IRAN, ISLAMIC REPUBLIC OF",Overnights visitors (tourists),Thousands,2004,
"IRAN, ISLAMIC REPUBLIC OF",Same-day visitors (excursionists),Thousands,2004,
IRAQ,Total trips,Thousands,2004,
IRAQ,Overnights visitors (tourists),Thousands,2004,
IRAQ,Same-day visitors (excursionists),Thousands,2004,
IRELAND,Total trips,Thousands,2004,
IRELAND,Overnights visitors (tourists),Thousands,2004,
IRELAND,Same-day visitors (excursionists),Thousands,2004,
ISRAEL,Total trips,Thousands,2004,
ISRAEL,Overnights visitors (tourists),Thousands,2004,
ISRAEL,Same-day visitors (excursionists),Thousands,2004,
ITALY,Total trips,Thousands,2004,
ITALY,Overnights visitors (tourists),Thousands,2004,
ITALY,Same-day visitors (excursionists),Thousands,2004,
JAMAICA,Total trips,Thousands,2004,
JAMAICA,Overnights visitors (tourists),Thousands,2004,
JAMAICA,Same-day visitors (excursionists),Thousands,2004,
JAPAN,Total trips,Thousands,2004,
JAPAN,Overnights visitors (tourists),Thousands,2004,
JAPAN,Same-day visitors (excursionists),Thousands,2004,
JORDAN,Total trips,Thousands,2004,
JORDAN,Overnights visitors (tourists),Thousands,2004,
JORDAN,Same-day visitors (excursionists),Thousands,2004,
KAZAKHSTAN,Total trips,Thousands,2004,
KAZAKHSTAN,Overnights visitors (tourists),Thousands,2004,
KAZAKHSTAN,Same-day visitors (excursionists),Thousands,2004,
KENYA,Total trips,Thousands,2004,
KENYA,Overnights visitors (tourists),Thousands,2004,
KENYA,Same-day visitors (excursionists),Thousands,2004,
KIRIBATI,Total trips,Thousands,2004,
KIRIBATI,Overnights visitors (tourists),Thousands,2004,
KIRIBATI,Same-day visitors (excursionists),Thousands,2004,
"KOREA, DEMOCRATIC PEOPLE´S REPUBLIC OF",Total trips,Thousands,2004,
"KOREA, DEMOCRATIC PEOPLE´S REPUBLIC OF",Overnights visitors (tourists),Thousands,2004,
"KOREA, DEMOCRATIC PEOPLE´S REPUBLIC OF",Same-day visitors (excursionists),Thousands,2004,
"KOREA, REPUBLIC OF",Total trips,Thousands,2004,
"KOREA, REPUBLIC OF",Overnights visitors (tourists),Thousands,2004,
"KOREA, REPUBLIC OF",Same-day visitors (excursionists),Thousands,2004,
KUWAIT,Total trips,Thousands,2004,
KUWAIT,Overnights visitors (tourists),Thousands,2004,
KUWAIT,Same-day visitors (excursionists),Thousands,2004,
KYRGYZSTAN,Total trips,Thousands,2004,
KYRGYZSTAN,Overnights visitors (tourists),Thousands,2004,
KYRGYZSTAN,Same-day visitors (excursionists),Thousands,2004,
LAO PEOPLE´S DEMOCRATIC REPUBLIC,Total trips,Thousands,2004,
LAO PEOPLE´S DEMOCRATIC REPUBLIC,Overnights visitors (tourists),Thousands,2004,
LAO PEOPLE´S DEMOCRATIC REPUBLIC,Same-day visitors (excursionists),Thousands,2004,
LATVIA,Total trips,Thousands,2004,
LATVIA,Overnights visitors (tourists),Thousands,2004,
LATVIA,Same-day visitors (excursionists),Thousands,2004,
LEBANON,Total trips,Thousands,2004,
LEBANON,Overnights visitors (tourists),Thousands,2004,
LEBANON,Same-day visitors (excursionists),Thousands,2004,
LESOTHO,Total trips,Thousands,2004,
LESOTHO,Overnights visitors (tourists),Thousands,2004,
LESOTHO,Same-day visitors (excursionists),Thousands,2004,
LIBERIA,Total trips,Thousands,2004,
LIBERIA,Overnights visitors (tourists),Thousands,2004,
LIBERIA,Same-day visitors (excursionists),Thousands,2004,
LIBYA,Total trips,Thousands,2004,
LIBYA,Overnights visitors (tourists),Thousands,2004,
LIBYA,Same-day visitors (excursionists),Thousands,2004,
LIECHTENSTEIN,Total trips,Thousands,2004,
LIECHTENSTEIN,Overnights visitors (tourists),Thousands,2004,
LIECHTENSTEIN,Same-day visitors (excursionists),Thousands,2004,
LITHUANIA,Total trips,Thousands,2004,
LITHUANIA,Overnights visitors (tourists),Thousands,2004,
LITHUANIA,Same-day visitors (excursionists),Thousands,2004,
LUXEMBOURG,Total trips,Thousands,2004,
LUXEMBOURG,Overnights visitors (tourists),Thousands,2004,
LUXEMBOURG,Same-day visitors (excursionists),Thousands,2004,
"MACAO, CHINA",Total trips,Thousands,2004,
"MACAO, CHINA",Overnights visitors (tourists),Thousands,2004,
"MACAO, CHINA",Same-day visitors (excursionists),Thousands,2004,
MADAGASCAR,Total trips,Thousands,2004,
MADAGASCAR,Overnights visitors (tourists),Thousands,2004,
MADAGASCAR,Same-day visitors (excursionists),Thousands,2004,
MALAWI,Total trips,Thousands,2004,
MALAWI,Overnights visitors (tourists),Thousands,2004,
MALAWI,Same-day visitors (excursionists),Thousands,2004,
MALAYSIA,Total trips,Thousands,2004,
MALAYSIA,Overnights visitors (tourists),Thousands,2004,
MALAYSIA,Same-day visitors (excursionists),Thousands,2004,
MALDIVES,Total trips,Thousands,2004,
MALDIVES,Overnights visitors (tourists),Thousands,2004,
MALDIVES,Same-day visitors (excursionists),Thousands,2004,
MALI,Total trips,Thousands,2004,
MALI,Overnights visitors (tourists),Thousands,2004,36.0
MALI,Same-day visitors (excursionists),Thousands,2004,
MALTA,Total trips,Thousands,2004,
MALTA,Overnights visitors (tourists),Thousands,2004,
MALTA,Same-day visitors (excursionists),Thousands,2004,
MARSHALL ISLANDS,Total trips,Thousands,2004,
MARSHALL ISLANDS,Overnights visitors (tourists),Thousands,2004,
MARSHALL ISLANDS,Same-day visitors (excursionists),Thousands,2004,
MARTINIQUE,Total trips,Thousands,2004,
MARTINIQUE,Overnights visitors (tourists),Thousands,2004,
MARTINIQUE,Same-day visitors (excursionists),Thousands,2004,
MAURITANIA,Total trips,Thousands,2004,
MAURITANIA,Overnights visitors (tourists),Thousands,2004,
MAURITANIA,Same-day visitors (excursionists),Thousands,2004,
MAURITIUS,Total trips,Thousands,2004,
MAURITIUS,Overnights visitors (tourists),Thousands,2004,
MAURITIUS,Same-day visitors (excursionists),Thousands,2004,
MEXICO,Total trips,Thousands,2004,
MEXICO,Overnights visitors (tourists),Thousands,2004,
MEXICO,Same-day visitors (excursionists),Thousands,2004,
"MICRONESIA, FEDERATED STATES OF",Total trips,Thousands,2004,
"MICRONESIA, FEDERATED STATES OF",Overnights visitors (tourists),Thousands,2004,
"MICRONESIA, FEDERATED STATES OF",Same-day visitors (excursionists),Thousands,2004,
"MOLDOVA, REPUBLIC OF",Total trips,Thousands,2004,
"MOLDOVA, REPUBLIC OF",Overnights visitors (tourists),Thousands,2004,
"MOLDOVA, REPUBLIC OF",Same-day visitors (excursionists),Thousands,2004,
MONACO,Total trips,Thousands,2004,
MONACO,Overnights visitors (tourists),Thousands,2004,
MONACO,Same-day visitors (excursionists),Thousands,2004,
MONGOLIA,Total trips,Thousands,2004,
MONGOLIA,Overnights visitors (tourists),Thousands,2004,
MONGOLIA,Same-day visitors (excursionists),Thousands,2004,
MONTENEGRO,Total trips,Thousands,2004,
MONTENEGRO,Overnights visitors (tourists),Thousands,2004,
MONTENEGRO,Same-day visitors (excursionists),Thousands,2004,
MONTSERRAT,Total trips,Thousands,2004,
MONTSERRAT,Overnights visitors (tourists),Thousands,2004,
MONTSERRAT,Same-day visitors (excursionists),Thousands,2004,
MOROCCO,Total trips,Thousands,2004,
MOROCCO,Overnights visitors (tourists),Thousands,2004,
MOROCCO,Same-day visitors (excursionists),Thousands,2004,
MOZAMBIQUE,Total trips,Thousands,2004,
MOZAMBIQUE,Overnights visitors (tourists),Thousands,2004,
MOZAMBIQUE,Same-day visitors (excursionists),Thousands,2004,
MYANMAR,Total trips,Thousands,2004,
MYANMAR,Overnights visitors (tourists),Thousands,2004,
MYANMAR,Same-day visitors (excursionists),Thousands,2004,
NAMIBIA,Total trips,Thousands,2004,
NAMIBIA,Overnights visitors (tourists),Thousands,2004,
NAMIBIA,Same-day visitors (excursionists),Thousands,2004,
NAURU,Total trips,Thousands,2004,
NAURU,Overnights visitors (tourists),Thousands,2004,
NAURU,Same-day visitors (excursionists),Thousands,2004,
NEPAL,Total trips,Thousands,2004,
NEPAL,Overnights visitors (tourists),Thousands,2004,
NEPAL,Same-day visitors (excursionists),Thousands,2004,
NETHERLANDS,Total trips,Thousands,2004,
NETHERLANDS,Overnights visitors (tourists),Thousands,2004,
NETHERLANDS,Same-day visitors (excursionists),Thousands,2004,
NEW CALEDONIA,Total trips,Thousands,2004,
NEW CALEDONIA,Overnights visitors (tourists),Thousands,2004,
NEW CALEDONIA,Same-day visitors (excursionists),Thousands,2004,
NEW ZEALAND,Total trips,Thousands,2004,
NEW ZEALAND,Overnights visitors (tourists),Thousands,2004,
NEW ZEALAND,Same-day visitors (excursionists),Thousands,2004,
NICARAGUA,Total trips,Thousands,2004,
NICARAGUA,Overnights visitors (tourists),Thousands,2004,
NICARAGUA,Same-day visitors (excursionists),Thousands,2004,
NIGER,Total trips,Thousands,2004,
NIGER,Overnights visitors (tourists),Thousands,2004,
NIGER,Same-day visitors (excursionists),Thousands,2004,
NIGERIA,Total trips,Thousands,2004,
NIGERIA,Overnights visitors (tourists),Thousands,2004,
NIGERIA,Same-day visitors (excursionists),Thousands,2004,
NIUE,Total trips,Thousands,2004,
NIUE,Overnights visitors (tourists),Thousands,2004,
NIUE,Same-day visitors (excursionists),Thousands,2004,
NORTH MACEDONIA,Total trips,Thousands,2004,
NORTH MACEDONIA,Overnights visitors (tourists),Thousands,2004,
NORTH MACEDONIA,Same-day visitors (excursionists),Thousands,2004,
NORTHERN MARIANA ISLANDS,Total trips,Thousands,2004,
NORTHERN MARIANA ISLANDS,Overnights visitors (tourists),Thousands,2004,
NORTHERN MARIANA ISLANDS,Same-day visitors (excursionists),Thousands,2004,
NORWAY,Total trips,Thousands,2004,
NORWAY,Overnights visitors (tourists),Thousands,2004,
NORWAY,Same-day visitors (excursionists),Thousands,2004,
OMAN,Total trips,Thousands,2004,
OMAN,Overnights visitors (tourists),Thousands,2004,
OMAN,Same-day visitors (excursionists),Thousands,2004,
PAKISTAN,Total trips,Thousands,2004,
PAKISTAN,Overnights visitors (tourists),Thousands,2004,
PAKISTAN,Same-day visitors (excursionists),Thousands,2004,
PALAU,Total trips,Thousands,2004,
PALAU,Overnights visitors (tourists),Thousands,2004,
PALAU,Same-day visitors (excursionists),Thousands,2004,
PANAMA,Total trips,Thousands,2004,
PANAMA,Overnights visitors (tourists),Thousands,2004,
PANAMA,Same-day visitors (excursionists),Thousands,2004,
PAPUA NEW GUINEA,Total trips,Thousands,2004,
PAPUA NEW GUINEA,Overnights visitors (tourists),Thousands,2004,
PAPUA NEW GUINEA,Same-day visitors (excursionists),Thousands,2004,
PARAGUAY,Total trips,Thousands,2004,
PARAGUAY,Overnights visitors (tourists),Thousands,2004,
PARAGUAY,Same-day visitors (excursionists),Thousands,2004,
PERU,Total trips,Thousands,2004,
PERU,Overnights visitors (tourists),Thousands,2004,
PERU,Same-day visitors (excursionists),Thousands,2004,
PHILIPPINES,Total trips,Thousands,2004,
PHILIPPINES,Overnights visitors (tourists),Thousands,2004,
PHILIPPINES,Same-day visitors (excursionists),Thousands,2004,
POLAND,Total trips,Thousands,2004,
POLAND,Overnights visitors (tourists),Thousands,2004,
POLAND,Same-day visitors (excursionists),Thousands,2004,
PORTUGAL,Total trips,Thousands,2004,
PORTUGAL,Overnights visitors (tourists),Thousands,2004,
PORTUGAL,Same-day visitors (excursionists),Thousands,2004,
PUERTO RICO,Total trips,Thousands,2004,
PUERTO RICO,Overnights visitors (tourists),Thousands,2004,
PUERTO RICO,Same-day visitors (excursionists),Thousands,2004,
QATAR,Total trips,Thousands,2004,
QATAR,Overnights visitors (tourists),Thousands,2004,
QATAR,Same-day visitors (excursionists),Thousands,2004,
REUNION,Total trips,Thousands,2004,
REUNION,Overnights visitors (tourists),Thousands,2004,
REUNION,Same-day visitors (excursionists),Thousands,2004,
ROMANIA,Total trips,Thousands,2004,
ROMANIA,Overnights visitors (tourists),Thousands,2004,
ROMANIA,Same-day visitors (excursionists),Thousands,2004,
RUSSIAN FEDERATION,Total trips,Thousands,2004,
RUSSIAN FEDERATION,Overnights visitors (tourists),Thousands,2004,
RUSSIAN FEDERATION,Same-day visitors (excursionists),Thousands,2004,
RWANDA,Total trips,Thousands,2004,
RWANDA,Overnights visitors (tourists),Thousands,2004,
RWANDA,Same-day visitors (excursionists),Thousands,2004,
SABA,Total trips,Thousands,2004,
SABA,Overnights visitors (tourists),Thousands,2004,
SABA,Same-day visitors (excursionists),Thousands,2004,
SAINT KITTS AND NEVIS,Total trips,Thousands,2004,
SAINT KITTS AND NEVIS,Overnights visitors (tourists),Thousands,2004,
SAINT KITTS AND NEVIS,Same-day visitors (excursionists),Thousands,2004,
SAINT LUCIA,Total trips,Thousands,2004,
SAINT LUCIA,Overnights visitors (tourists),Thousands,2004,
SAINT LUCIA,Same-day visitors (excursionists),Thousands,2004,
SAINT VINCENT AND THE GRENADINES,Total trips,Thousands,2004,
SAINT VINCENT AND THE GRENADINES,Overnights visitors (tourists),Thousands,2004,
SAINT VINCENT AND THE GRENADINES,Same-day visitors (excursionists),Thousands,2004,
SAMOA,Total trips,Thousands,2004,
SAMOA,Overnights visitors (tourists),Thousands,2004,
SAMOA,Same-day visitors (excursionists),Thousands,2004,
SAN MARINO,Total trips,Thousands,2004,
SAN MARINO,Overnights visitors (tourists),Thousands,2004,
SAN MARINO,Same-day visitors (excursionists),Thousands,2004,
SAO TOME AND PRINCIPE,Total trips,Thousands,2004,
SAO TOME AND PRINCIPE,Overnights visitors (tourists),Thousands,2004,
SAO TOME AND PRINCIPE,Same-day visitors (excursionists),Thousands,2004,
SAUDI ARABIA,Total trips,Thousands,2004,
SAUDI ARABIA,Overnights visitors (tourists),Thousands,2004,
SAUDI ARABIA,Same-day visitors (excursionists),Thousands,2004,
SENEGAL,Total trips,Thousands,2004,
SENEGAL,Overnights visitors (tourists),Thousands,2004,
SENEGAL,Same-day visitors (excursionists),Thousands,2004,
SERBIA,Total trips,Thousands,2004,
SERBIA,Overnights visitors (tourists),Thousands,2004,
SERBIA,Same-day visitors (excursionists),Thousands,2004,
SERBIA AND MONTENEGRO,Total trips,Thousands,2004,
SERBIA AND MONTENEGRO,Overnights visitors (tourists),Thousands,2004,
SERBIA AND MONTENEGRO,Same-day visitors (excursionists),Thousands,2004,
SEYCHELLES,Total trips,Thousands,2004,
SEYCHELLES,Overnights visitors (tourists),Thousands,2004,
SEYCHELLES,Same-day visitors (excursionists),Thousands,2004,
SIERRA LEONE,Total trips,Thousands,2004,
SIERRA LEONE,Overnights visitors (tourists),Thousands,2004,
SIERRA LEONE,Same-day visitors (excursionists),Thousands,2004,
SINGAPORE,Total trips,Thousands,2004,
SINGAPORE,Overnights visitors (tourists),Thousands,2004,
SINGAPORE,Same-day visitors (excursionists),Thousands,2004,
SINT EUSTATIUS,Total trips,Thousands,2004,
SINT EUSTATIUS,Overnights visitors (tourists),Thousands,2004,
SINT EUSTATIUS,Same-day visitors (excursionists),Thousands,2004,
SINT MAARTEN (DUTCH PART),Total trips,Thousands,2004,
SINT MAARTEN (DUTCH PART),Overnights visitors (tourists),Thousands,2004,
SINT MAARTEN (DUTCH PART),Same-day visitors (excursionists),Thousands,2004,
SLOVAKIA,Total trips,Thousands,2004,
SLOVAKIA,Overnights visitors (tourists),Thousands,2004,
SLOVAKIA,Same-day visitors (excursionists),Thousands,2004,
SLOVENIA,Total trips,Thousands,2004,
SLOVENIA,Overnights visitors (tourists),Thousands,2004,
SLOVENIA,Same-day visitors (excursionists),Thousands,2004,
SOLOMON ISLANDS,Total trips,Thousands,2004,
SOLOMON ISLANDS,Overnights visitors (tourists),Thousands,2004,
SOLOMON ISLANDS,Same-day visitors (excursionists),Thousands,2004,
SOMALIA,Total trips,Thousands,2004,
SOMALIA,Overnights visitors (tourists),Thousands,2004,
SOMALIA,Same-day visitors (excursionists),Thousands,2004,
SOUTH AFRICA,Total trips,Thousands,2004,
SOUTH AFRICA,Overnights visitors (tourists),Thousands,2004,
SOUTH AFRICA,Same-day visitors (excursionists),Thousands,2004,
SOUTH SUDAN,Total trips,Thousands,2004,
SOUTH SUDAN,Overnights visitors (tourists),Thousands,2004,
SOUTH SUDAN,Same-day visitors (excursionists),Thousands,2004,
SPAIN,Total trips,Thousands,2004,
SPAIN,Overnights visitors (tourists),Thousands,2004,
SPAIN,Same-day visitors (excursionists),Thousands,2004,
SRI LANKA,Total trips,Thousands,2004,
SRI LANKA,Overnights visitors (tourists),Thousands,2004,
SRI LANKA,Same-day visitors (excursionists),Thousands,2004,
STATE OF PALESTINE,Total trips,Thousands,2004,
STATE OF PALESTINE,Overnights visitors (tourists),Thousands,2004,
STATE OF PALESTINE,Same-day visitors (excursionists),Thousands,2004,
SUDAN,Total trips,Thousands,2004,
SUDAN,Overnights visitors (tourists),Thousands,2004,
SUDAN,Same-day visitors (excursionists),Thousands,2004,
SURINAME,Total trips,Thousands,2004,
SURINAME,Overnights visitors (tourists),Thousands,2004,
SURINAME,Same-day visitors (excursionists),Thousands,2004,
SWEDEN,Total trips,Thousands,2004,
SWEDEN,Overnights visitors (tourists),Thousands,2004,
SWEDEN,Same-day visitors (excursionists),Thousands,2004,
SWITZERLAND,Total trips,Thousands,2004,
SWITZERLAND,Overnights visitors (tourists),Thousands,2004,
SWITZERLAND,Same-day visitors (excursionists),Thousands,2004,
SYRIAN ARAB REPUBLIC,Total trips,Thousands,2004,
SYRIAN ARAB REPUBLIC,Overnights visitors (tourists),Thousands,2004,
SYRIAN ARAB REPUBLIC,Same-day visitors (excursionists),Thousands,2004,
TAIWAN PROVINCE OF CHINA,Total trips,Thousands,2004,
TAIWAN PROVINCE OF CHINA,Overnights visitors (tourists),Thousands,2004,
TAIWAN PROVINCE OF CHINA,Same-day visitors (excursionists),Thousands,2004,
TAJIKISTAN,Total trips,Thousands,2004,
TAJIKISTAN,Overnights visitors (tourists),Thousands,2004,
TAJIKISTAN,Same-day visitors (excursionists),Thousands,2004,
"TANZANIA, UNITED REPUBLIC OF",Total trips,Thousands,2004,
"TANZANIA, UNITED REPUBLIC OF",Overnights visitors (tourists),Thousands,2004,
"TANZANIA, UNITED REPUBLIC OF",Same-day visitors (excursionists),Thousands,2004,
THAILAND,Total trips,Thousands,2004,
THAILAND,Overnights visitors (tourists),Thousands,2004,
THAILAND,Same-day visitors (excursionists),Thousands,2004,
TIMOR-LESTE,Total trips,Thousands,2004,
TIMOR-LESTE,Overnights visitors (tourists),Thousands,2004,
TIMOR-LESTE,Same-day visitors (excursionists),Thousands,2004,
TOGO,Total trips,Thousands,2004,
TOGO,Overnights visitors (tourists),Thousands,2004,
TOGO,Same-day visitors (excursionists),Thousands,2004,
TONGA,Total trips,Thousands,2004,
TONGA,Overnights visitors (tourists),Thousands,2004,
TONGA,Same-day visitors (excursionists),Thousands,2004,
TRINIDAD AND TOBAGO,Total trips,Thousands,2004,
TRINIDAD AND TOBAGO,Overnights visitors (tourists),Thousands,2004,
TRINIDAD AND TOBAGO,Same-day visitors (excursionists),Thousands,2004,
TUNISIA,Total trips,Thousands,2004,
TUNISIA,Overnights visitors (tourists),Thousands,2004,
TUNISIA,Same-day visitors (excursionists),Thousands,2004,
TÜRKIYE,Total trips,Thousands,2004,
TÜRKIYE,Overnights visitors (tourists),Thousands,2004,
TÜRKIYE,Same-day visitors (excursionists),Thousands,2004,
TURKMENISTAN,Total trips,Thousands,2004,
TURKMENISTAN,Overnights visitors (tourists),Thousands,2004,
TURKMENISTAN,Same-day visitors (excursionists),Thousands,2004,
TURKS AND CAICOS ISLANDS,Total trips,Thousands,2004,
TURKS AND CAICOS ISLANDS,Overnights visitors (tourists),Thousands,2004,
TURKS AND CAICOS ISLANDS,Same-day visitors (excursionists),Thousands,2004,
TUVALU,Total trips,Thousands,2004,
TUVALU,Overnights visitors (tourists),Thousands,2004,
TUVALU,Same-day visitors (excursionists),Thousands,2004,
UGANDA,Total trips,Thousands,2004,
UGANDA,Overnights visitors (tourists),Thousands,2004,
UGANDA,Same-day visitors (excursionists),Thousands,2004,
UKRAINE,Total trips,Thousands,2004,
UKRAINE,Overnights visitors (tourists),Thousands,2004,
UKRAINE,Same-day visitors (excursionists),Thousands,2004,
UNITED ARAB EMIRATES,Total trips,Thousands,2004,
UNITED ARAB EMIRATES,Overnights visitors (tourists),Thousands,2004,
UNITED ARAB EMIRATES,Same-day visitors (excursionists),Thousands,2004,
UNITED KINGDOM,Total trips,Thousands,2004,
UNITED KINGDOM,Overnights visitors (tourists),Thousands,2004,
UNITED KINGDOM,Same-day visitors (excursionists),Thousands,2004,
UNITED STATES OF AMERICA,Total trips,Thousands,2004,
UNITED STATES OF AMERICA,Overnights visitors (tourists),Thousands,2004,
UNITED STATES OF AMERICA,Same-day visitors (excursionists),Thousands,2004,
UNITED STATES VIRGIN ISLANDS,Total trips,Thousands,2004,
UNITED STATES VIRGIN ISLANDS,Overnights visitors (tourists),Thousands,2004,
UNITED STATES VIRGIN ISLANDS,Same-day visitors (excursionists),Thousands,2004,
URUGUAY,Total trips,Thousands,2004,
URUGUAY,Overnights visitors (tourists),Thousands,2004,
URUGUAY,Same-day visitors (excursionists),Thousands,2004,
UZBEKISTAN,Total trips,Thousands,2004,
UZBEKISTAN,Overnights visitors (tourists),Thousands,2004,
UZBEKISTAN,Same-day visitors (excursionists),Thousands,2004,
VANUATU,Total trips,Thousands,2004,
VANUATU,Overnights visitors (tourists),Thousands,2004,
VANUATU,Same-day visitors (excursionists),Thousands,2004,
"VENEZUELA, BOLIVARIAN REPUBLIC OF",Total trips,Thousands,2004,
"VENEZUELA, BOLIVARIAN REPUBLIC OF",Overnights visitors (tourists),Thousands,2004,
"VENEZUELA, BOLIVARIAN REPUBLIC OF",Same-day visitors (excursionists),Thousands,2004,
VIET NAM,Total trips,Thousands,2004,
VIET NAM,Overnights visitors (tourists),Thousands,2004,
VIET NAM,Same-day visitors (excursionists),Thousands,2004,
YEMEN,Total trips,Thousands,2004,
YEMEN,Overnights visitors (tourists),Thousands,2004,
YEMEN,Same-day visitors (excursionists),Thousands,2004,
ZAMBIA,Total trips,Thousands,2004,
ZAMBIA,Overnights visitors (tourists),Thousands,2004,
ZAMBIA,Same-day visitors (excursionists),Thousands,2004,
ZIMBABWE,Total trips,Thousands,2004,
ZIMBABWE,Overnights visitors (tourists),Thousands,2004,
ZIMBABWE,Same-day visitors (excursionists),Thousands,2004,
AFGHANISTAN,Total trips,Thousands,2005,
AFGHANISTAN,Overnights visitors (tourists),Thousands,2005,
AFGHANISTAN,Same-day visitors (excursionists),Thousands,2005,
ALBANIA,Total trips,Thousands,2005,
ALBANIA,Overnights visitors (tourists),Thousands,2005,
ALBANIA,Same-day visitors (excursionists),Thousands,2005,
ALGERIA,Total trips,Thousands,2005,
ALGERIA,Overnights visitors (tourists),Thousands,2005,
ALGERIA,Same-day visitors (excursionists),Thousands,2005,
AMERICAN SAMOA,Total trips,Thousands,2005,
AMERICAN SAMOA,Overnights visitors (tourists),Thousands,2005,
AMERICAN SAMOA,Same-day visitors (excursionists),Thousands,2005,
ANDORRA,Total trips,Thousands,2005,
ANDORRA,Overnights visitors (tourists),Thousands,2005,
ANDORRA,Same-day visitors (excursionists),Thousands,2005,
ANGOLA,Total trips,Thousands,2005,
ANGOLA,Overnights visitors (tourists),Thousands,2005,
ANGOLA,Same-day visitors (excursionists),Thousands,2005,
ANGUILLA,Total trips,Thousands,2005,
ANGUILLA,Overnights visitors (tourists),Thousands,2005,
ANGUILLA,Same-day visitors (excursionists),Thousands,2005,
ANTIGUA AND BARBUDA,Total trips,Thousands,2005,
ANTIGUA AND BARBUDA,Overnights visitors (tourists),Thousands,2005,
ANTIGUA AND BARBUDA,Same-day visitors (excursionists),Thousands,2005,
ARGENTINA,Total trips,Thousands,2005,
ARGENTINA,Overnights visitors (tourists),Thousands,2005,
ARGENTINA,Same-day visitors (excursionists),Thousands,2005,
ARMENIA,Total trips,Thousands,2005,
ARMENIA,Overnights visitors (tourists),Thousands,2005,
ARMENIA,Same-day visitors (excursionists),Thousands,2005,
ARUBA,Total trips,Thousands,2005,
ARUBA,Overnights visitors (tourists),Thousands,2005,
ARUBA,Same-day visitors (excursionists),Thousands,2005,
AUSTRALIA,Total trips,Thousands,2005,
AUSTRALIA,Overnights visitors (tourists),Thousands,2005,
AUSTRALIA,Same-day visitors (excursionists),Thousands,2005,
AUSTRIA,Total trips,Thousands,2005,
AUSTRIA,Overnights visitors (tourists),Thousands,2005,
AUSTRIA,Same-day visitors (excursionists),Thousands,2005,
AZERBAIJAN,Total trips,Thousands,2005,
AZERBAIJAN,Overnights visitors (tourists),Thousands,2005,
AZERBAIJAN,Same-day visitors (excursionists),Thousands,2005,
BAHAMAS,Total trips,Thousands,2005,
BAHAMAS,Overnights visitors (tourists),Thousands,2005,
BAHAMAS,Same-day visitors (excursionists),Thousands,2005,
BAHRAIN,Total trips,Thousands,2005,
BAHRAIN,Overnights visitors (tourists),Thousands,2005,
BAHRAIN,Same-day visitors (excursionists),Thousands,2005,
BANGLADESH,Total trips,Thousands,2005,
BANGLADESH,Overnights visitors (tourists),Thousands,2005,
BANGLADESH,Same-day visitors (excursionists),Thousands,2005,
BARBADOS,Total trips,Thousands,2005,
BARBADOS,Overnights visitors (tourists),Thousands,2005,
BARBADOS,Same-day visitors (excursionists),Thousands,2005,
BELARUS,Total trips,Thousands,2005,
BELARUS,Overnights visitors (tourists),Thousands,2005,
BELARUS,Same-day visitors (excursionists),Thousands,2005,
BELGIUM,Total trips,Thousands,2005,
BELGIUM,Overnights visitors (tourists),Thousands,2005,
BELGIUM,Same-day visitors (excursionists),Thousands,2005,
BELIZE,Total trips,Thousands,2005,
BELIZE,Overnights visitors (tourists),Thousands,2005,
BELIZE,Same-day visitors (excursionists),Thousands,2005,
BENIN,Total trips,Thousands,2005,
BENIN,Overnights visitors (tourists),Thousands,2005,
BENIN,Same-day visitors (excursionists),Thousands,2005,
BERMUDA,Total trips,Thousands,2005,
BERMUDA,Overnights visitors (tourists),Thousands,2005,
BERMUDA,Same-day visitors (excursionists),Thousands,2005,
BHUTAN,Total trips,Thousands,2005,
BHUTAN,Overnights visitors (tourists),Thousands,2005,
BHUTAN,Same-day visitors (excursionists),Thousands,2005,
"BOLIVIA, PLURINATIONAL STATE OF",Total trips,Thousands,2005,
"BOLIVIA, PLURINATIONAL STATE OF",Overnights visitors (tourists),Thousands,2005,
"BOLIVIA, PLURINATIONAL STATE OF",Same-day visitors (excursionists),Thousands,2005,
BONAIRE,Total trips,Thousands,2005,
BONAIRE,Overnights visitors (tourists),Thousands,2005,
BONAIRE,Same-day visitors (excursionists),Thousands,2005,
BOSNIA AND HERZEGOVINA,Total trips,Thousands,2005,
BOSNIA AND HERZEGOVINA,Overnights visitors (tourists),Thousands,2005,
BOSNIA AND HERZEGOVINA,Same-day visitors (excursionists),Thousands,2005,
BOTSWANA,Total trips,Thousands,2005,
BOTSWANA,Overnights visitors (tourists),Thousands,2005,
BOTSWANA,Same-day visitors (excursionists),Thousands,2005,
BRAZIL,Total trips,Thousands,2005,
BRAZIL,Overnights visitors (tourists),Thousands,2005,
BRAZIL,Same-day visitors (excursionists),Thousands,2005,
BRITISH VIRGIN ISLANDS,Total trips,Thousands,2005,
BRITISH VIRGIN ISLANDS,Overnights visitors (tourists),Thousands,2005,
BRITISH VIRGIN ISLANDS,Same-day visitors (excursionists),Thousands,2005,
BRUNEI DARUSSALAM,Total trips,Thousands,2005,
BRUNEI DARUSSALAM,Overnights visitors (tourists),Thousands,2005,
BRUNEI DARUSSALAM,Same-day visitors (excursionists),Thousands,2005,
BULGARIA,Total trips,Thousands,2005,
BULGARIA,Overnights visitors (tourists),Thousands,2005,
BULGARIA,Same-day visitors (excursionists),Thousands,2005,
BURKINA FASO,Total trips,Thousands,2005,
BURKINA FASO,Overnights visitors (tourists),Thousands,2005,
BURKINA FASO,Same-day visitors (excursionists),Thousands,2005,
BURUNDI,Total trips,Thousands,2005,
BURUNDI,Overnights visitors (tourists),Thousands,2005,
BURUNDI,Same-day visitors (excursionists),Thousands,2005,
CABO VERDE,Total trips,Thousands,2005,
CABO VERDE,Overnights visitors (tourists),Thousands,2005,
CABO VERDE,Same-day visitors (excursionists),Thousands,2005,
CAMBODIA,Total trips,Thousands,2005,
CAMBODIA,Overnights visitors (tourists),Thousands,2005,
CAMBODIA,Same-day visitors (excursionists),Thousands,2005,
CAMEROON,Total trips,Thousands,2005,
CAMEROON,Overnights visitors (tourists),Thousands,2005,
CAMEROON,Same-day visitors (excursionists),Thousands,2005,
CANADA,Total trips,Thousands,2005,
CANADA,Overnights visitors (tourists),Thousands,2005,
CANADA,Same-day visitors (excursionists),Thousands,2005,
CAYMAN ISLANDS,Total trips,Thousands,2005,
CAYMAN ISLANDS,Overnights visitors (tourists),Thousands,2005,
CAYMAN ISLANDS,Same-day visitors (excursionists),Thousands,2005,
CENTRAL AFRICAN REPUBLIC,Total trips,Thousands,2005,
CENTRAL AFRICAN REPUBLIC,Overnights visitors (tourists),Thousands,2005,
CENTRAL AFRICAN REPUBLIC,Same-day visitors (excursionists),Thousands,2005,
CHAD,Total trips,Thousands,2005,
CHAD,Overnights visitors (tourists),Thousands,2005,
CHAD,Same-day visitors (excursionists),Thousands,2005,
CHILE,Total trips,Thousands,2005,
CHILE,Overnights visitors (tourists),Thousands,2005,
CHILE,Same-day visitors (excursionists),Thousands,2005,
CHINA,Total trips,Thousands,2005,
CHINA,Overnights visitors (tourists),Thousands,2005,
CHINA,Same-day visitors (excursionists),Thousands,2005,
COLOMBIA,Total trips,Thousands,2005,
COLOMBIA,Overnights visitors (tourists),Thousands,2005,
COLOMBIA,Same-day visitors (excursionists),Thousands,2005,
COMOROS,Total trips,Thousands,2005,
COMOROS,Overnights visitors (tourists),Thousands,2005,
COMOROS,Same-day visitors (excursionists),Thousands,2005,
CONGO,Total trips,Thousands,2005,
CONGO,Overnights visitors (tourists),Thousands,2005,
CONGO,Same-day visitors (excursionists),Thousands,2005,
"CONGO, DEMOCRATIC REPUBLIC OF THE",Total trips,Thousands,2005,
"CONGO, DEMOCRATIC REPUBLIC OF THE",Overnights visitors (tourists),Thousands,2005,
"CONGO, DEMOCRATIC REPUBLIC OF THE",Same-day visitors (excursionists),Thousands,2005,
COOK ISLANDS,Total trips,Thousands,2005,
COOK ISLANDS,Overnights visitors (tourists),Thousands,2005,
COOK ISLANDS,Same-day visitors (excursionists),Thousands,2005,
COSTA RICA,Total trips,Thousands,2005,
COSTA RICA,Overnights visitors (tourists),Thousands,2005,
COSTA RICA,Same-day visitors (excursionists),Thousands,2005,
COTE D´IVOIRE,Total trips,Thousands,2005,
COTE D´IVOIRE,Overnights visitors (tourists),Thousands,2005,
COTE D´IVOIRE,Same-day visitors (excursionists),Thousands,2005,
CROATIA,Total trips,Thousands,2005,
CROATIA,Overnights visitors (tourists),Thousands,2005,
CROATIA,Same-day visitors (excursionists),Thousands,2005,
CUBA,Total trips,Thousands,2005,
CUBA,Overnights visitors (tourists),Thousands,2005,
CUBA,Same-day visitors (excursionists),Thousands,2005,
CURAÇAO,Total trips,Thousands,2005,
CURAÇAO,Overnights visitors (tourists),Thousands,2005,
CURAÇAO,Same-day visitors (excursionists),Thousands,2005,
CYPRUS,Total trips,Thousands,2005,
CYPRUS,Overnights visitors (tourists),Thousands,2005,
CYPRUS,Same-day visitors (excursionists),Thousands,2005,
CZECH REPUBLIC (CZECHIA),Total trips,Thousands,2005,
CZECH REPUBLIC (CZECHIA),Overnights visitors (tourists),Thousands,2005,
CZECH REPUBLIC (CZECHIA),Same-day visitors (excursionists),Thousands,2005,
DENMARK,Total trips,Thousands,2005,
DENMARK,Overnights visitors (tourists),Thousands,2005,
DENMARK,Same-day visitors (excursionists),Thousands,2005,
DJIBOUTI,Total trips,Thousands,2005,
DJIBOUTI,Overnights visitors (tourists),Thousands,2005,
DJIBOUTI,Same-day visitors (excursionists),Thousands,2005,
DOMINICA,Total trips,Thousands,2005,
DOMINICA,Overnights visitors (tourists),Thousands,2005,
DOMINICA,Same-day visitors (excursionists),Thousands,2005,
DOMINICAN REPUBLIC,Total trips,Thousands,2005,
DOMINICAN REPUBLIC,Overnights visitors (tourists),Thousands,2005,
DOMINICAN REPUBLIC,Same-day visitors (excursionists),Thousands,2005,
ECUADOR,Total trips,Thousands,2005,
ECUADOR,Overnights visitors (tourists),Thousands,2005,
ECUADOR,Same-day visitors (excursionists),Thousands,2005,
EGYPT,Total trips,Thousands,2005,
EGYPT,Overnights visitors (tourists),Thousands,2005,
EGYPT,Same-day visitors (excursionists),Thousands,2005,
EL SALVADOR,Total trips,Thousands,2005,
EL SALVADOR,Overnights visitors (tourists),Thousands,2005,
EL SALVADOR,Same-day visitors (excursionists),Thousands,2005,
EQUATORIAL GUINEA,Total trips,Thousands,2005,
EQUATORIAL GUINEA,Overnights visitors (tourists),Thousands,2005,
EQUATORIAL GUINEA,Same-day visitors (excursionists),Thousands,2005,
ERITREA,Total trips,Thousands,2005,
ERITREA,Overnights visitors (tourists),Thousands,2005,
ERITREA,Same-day visitors (excursionists),Thousands,2005,
ESTONIA,Total trips,Thousands,2005,
ESTONIA,Overnights visitors (tourists),Thousands,2005,
ESTONIA,Same-day visitors (excursionists),Thousands,2005,
ESWATINI,Total trips,Thousands,2005,
ESWATINI,Overnights visitors (tourists),Thousands,2005,
ESWATINI,Same-day visitors (excursionists),Thousands,2005,
ETHIOPIA,Total trips,Thousands,2005,
ETHIOPIA,Overnights visitors (tourists),Thousands,2005,
ETHIOPIA,Same-day visitors (excursionists),Thousands,2005,
FIJI,Total trips,Thousands,2005,
FIJI,Overnights visitors (tourists),Thousands,2005,
FIJI,Same-day visitors (excursionists),Thousands,2005,
FINLAND,Total trips,Thousands,2005,
FINLAND,Overnights visitors (tourists),Thousands,2005,
FINLAND,Same-day visitors (excursionists),Thousands,2005,
FRANCE,Total trips,Thousands,2005,
FRANCE,Overnights visitors (tourists),Thousands,2005,
FRANCE,Same-day visitors (excursionists),Thousands,2005,
FRENCH GUIANA,Total trips,Thousands,2005,
FRENCH GUIANA,Overnights visitors (tourists),Thousands,2005,
FRENCH GUIANA,Same-day visitors (excursionists),Thousands,2005,
FRENCH POLYNESIA,Total trips,Thousands,2005,
FRENCH POLYNESIA,Overnights visitors (tourists),Thousands,2005,
FRENCH POLYNESIA,Same-day visitors (excursionists),Thousands,2005,
GABON,Total trips,Thousands,2005,
GABON,Overnights visitors (tourists),Thousands,2005,
GABON,Same-day visitors (excursionists),Thousands,2005,
GAMBIA,Total trips,Thousands,2005,
GAMBIA,Overnights visitors (tourists),Thousands,2005,
GAMBIA,Same-day visitors (excursionists),Thousands,2005,
GEORGIA,Total trips,Thousands,2005,
GEORGIA,Overnights visitors (tourists),Thousands,2005,
GEORGIA,Same-day visitors (excursionists),Thousands,2005,
GERMANY,Total trips,Thousands,2005,
GERMANY,Overnights visitors (tourists),Thousands,2005,
GERMANY,Same-day visitors (excursionists),Thousands,2005,
GHANA,Total trips,Thousands,2005,
GHANA,Overnights visitors (tourists),Thousands,2005,
GHANA,Same-day visitors (excursionists),Thousands,2005,
GREECE,Total trips,Thousands,2005,
GREECE,Overnights visitors (tourists),Thousands,2005,
GREECE,Same-day visitors (excursionists),Thousands,2005,
GRENADA,Total trips,Thousands,2005,
GRENADA,Overnights visitors (tourists),Thousands,2005,
GRENADA,Same-day visitors (excursionists),Thousands,2005,
GUADELOUPE,Total trips,Thousands,2005,
GUADELOUPE,Overnights visitors (tourists),Thousands,2005,
GUADELOUPE,Same-day visitors (excursionists),Thousands,2005,
GUAM,Total trips,Thousands,2005,
GUAM,Overnights visitors (tourists),Thousands,2005,
GUAM,Same-day visitors (excursionists),Thousands,2005,
GUATEMALA,Total trips,Thousands,2005,
GUATEMALA,Overnights visitors (tourists),Thousands,2005,
GUATEMALA,Same-day visitors (excursionists),Thousands,2005,
GUINEA,Total trips,Thousands,2005,
GUINEA,Overnights visitors (tourists),Thousands,2005,
GUINEA,Same-day visitors (excursionists),Thousands,2005,
GUINEA-BISSAU,Total trips,Thousands,2005,
GUINEA-BISSAU,Overnights visitors (tourists),Thousands,2005,
GUINEA-BISSAU,Same-day visitors (excursionists),Thousands,2005,
GUYANA,Total trips,Thousands,2005,
GUYANA,Overnights visitors (tourists),Thousands,2005,
GUYANA,Same-day visitors (excursionists),Thousands,2005,
HAITI,Total trips,Thousands,2005,
HAITI,Overnights visitors (tourists),Thousands,2005,
HAITI,Same-day visitors (excursionists),Thousands,2005,
HONDURAS,Total trips,Thousands,2005,
HONDURAS,Overnights visitors (tourists),Thousands,2005,
HONDURAS,Same-day visitors (excursionists),Thousands,2005,
"HONG KONG, CHINA",Total trips,Thousands,2005,
"HONG KONG, CHINA",Overnights visitors (tourists),Thousands,2005,
"HONG KONG, CHINA",Same-day visitors (excursionists),Thousands,2005,
HUNGARY,Total trips,Thousands,2005,
HUNGARY,Overnights visitors (tourists),Thousands,2005,
HUNGARY,Same-day visitors (excursionists),Thousands,2005,
ICELAND,Total trips,Thousands,2005,
ICELAND,Overnights visitors (tourists),Thousands,2005,
ICELAND,Same-day visitors (excursionists),Thousands,2005,
INDIA,Total trips,Thousands,2005,
INDIA,Overnights visitors (tourists),Thousands,2005,
INDIA,Same-day visitors (excursionists),Thousands,2005,
INDONESIA,Total trips,Thousands,2005,
INDONESIA,Overnights visitors (tourists),Thousands,2005,
INDONESIA,Same-day visitors (excursionists),Thousands,2005,
"IRAN, ISLAMIC REPUBLIC OF",Total trips,Thousands,2005,
"IRAN, ISLAMIC REPUBLIC OF",Overnights visitors (tourists),Thousands,2005,
"IRAN, ISLAMIC REPUBLIC OF",Same-day visitors (excursionists),Thousands,2005,
IRAQ,Total trips,Thousands,2005,
IRAQ,Overnights visitors (tourists),Thousands,2005,
IRAQ,Same-day visitors (excursionists),Thousands,2005,
IRELAND,Total trips,Thousands,2005,
IRELAND,Overnights visitors (tourists),Thousands,2005,
IRELAND,Same-day visitors (excursionists),Thousands,2005,
ISRAEL,Total trips,Thousands,2005,
ISRAEL,Overnights visitors (tourists),Thousands,2005,
ISRAEL,Same-day visitors (excursionists),Thousands,2005,
ITALY,Total trips,Thousands,2005,
ITALY,Overnights visitors (tourists),Thousands,2005,
ITALY,Same-day visitors (excursionists),Thousands,2005,
JAMAICA,Total trips,Thousands,2005,
JAMAICA,Overnights visitors (tourists),Thousands,2005,
JAMAICA,Same-day visitors (excursionists),Thousands,2005,
JAPAN,Total trips,Thousands,2005,
JAPAN,Overnights visitors (tourists),Thousands,2005,
JAPAN,Same-day visitors (excursionists),Thousands,2005,
JORDAN,Total trips,Thousands,2005,
JORDAN,Overnights visitors (tourists),Thousands,2005,
JORDAN,Same-day visitors (excursionists),Thousands,2005,
KAZAKHSTAN,Total trips,Thousands,2005,
KAZAKHSTAN,Overnights visitors (tourists),Thousands,2005,
KAZAKHSTAN,Same-day visitors (excursionists),Thousands,2005,
KENYA,Total trips,Thousands,2005,
KENYA,Overnights visitors (tourists),Thousands,2005,
KENYA,Same-day visitors (excursionists),Thousands,2005,
KIRIBATI,Total trips,Thousands,2005,
KIRIBATI,Overnights visitors (tourists),Thousands,2005,
KIRIBATI,Same-day visitors (excursionists),Thousands,2005,
"KOREA, DEMOCRATIC PEOPLE´S REPUBLIC OF",Total trips,Thousands,2005,
"KOREA, DEMOCRATIC PEOPLE´S REPUBLIC OF",Overnights visitors (tourists),Thousands,2005,
"KOREA, DEMOCRATIC PEOPLE´S REPUBLIC OF",Same-day visitors (excursionists),Thousands,2005,
"KOREA, REPUBLIC OF",Total trips,Thousands,2005,
"KOREA, REPUBLIC OF",Overnights visitors (tourists),Thousands,2005,
"KOREA, REPUBLIC OF",Same-day visitors (excursionists),Thousands,2005,
KUWAIT,Total trips,Thousands,2005,
KUWAIT,Overnights visitors (tourists),Thousands,2005,
KUWAIT,Same-day visitors (excursionists),Thousands,2005,
KYRGYZSTAN,Total trips,Thousands,2005,
KYRGYZSTAN,Overnights visitors (tourists),Thousands,2005,
KYRGYZSTAN,Same-day visitors (excursionists),Thousands,2005,
LAO PEOPLE´S DEMOCRATIC REPUBLIC,Total trips,Thousands,2005,
LAO PEOPLE´S DEMOCRATIC REPUBLIC,Overnights visitors (tourists),Thousands,2005,
LAO PEOPLE´S DEMOCRATIC REPUBLIC,Same-day visitors (excursionists),Thousands,2005,
LATVIA,Total trips,Thousands,2005,
LATVIA,Overnights visitors (tourists),Thousands,2005,
LATVIA,Same-day visitors (excursionists),Thousands,2005,
LEBANON,Total trips,Thousands,2005,
LEBANON,Overnights visitors (tourists),Thousands,2005,
LEBANON,Same-day visitors (excursionists),Thousands,2005,
LESOTHO,Total trips,Thousands,2005,
LESOTHO,Overnights visitors (tourists),Thousands,2005,
LESOTHO,Same-day visitors (excursionists),Thousands,2005,
LIBERIA,Total trips,Thousands,2005,
LIBERIA,Overnights visitors (tourists),Thousands,2005,
LIBERIA,Same-day visitors (excursionists),Thousands,2005,
LIBYA,Total trips,Thousands,2005,
LIBYA,Overnights visitors (tourists),Thousands,2005,
LIBYA,Same-day visitors (excursionists),Thousands,2005,
LIECHTENSTEIN,Total trips,Thousands,2005,
LIECHTENSTEIN,Overnights visitors (tourists),Thousands,2005,
LIECHTENSTEIN,Same-day visitors (excursionists),Thousands,2005,
LITHUANIA,Total trips,Thousands,2005,
LITHUANIA,Overnights visitors (tourists),Thousands,2005,
LITHUANIA,Same-day visitors (excursionists),Thousands,2005,
LUXEMBOURG,Total trips,Thousands,2005,
LUXEMBOURG,Overnights visitors (tourists),Thousands,2005,
LUXEMBOURG,Same-day visitors (excursionists),Thousands,2005,
"MACAO, CHINA",Total trips,Thousands,2005,
"MACAO, CHINA",Overnights visitors (tourists),Thousands,2005,
"MACAO, CHINA",Same-day visitors (excursionists),Thousands,2005,
MADAGASCAR,Total trips,Thousands,2005,
MADAGASCAR,Overnights visitors (tourists),Thousands,2005,
MADAGASCAR,Same-day visitors (excursionists),Thousands,2005,
MALAWI,Total trips,Thousands,2005,
MALAWI,Overnights visitors (tourists),Thousands,2005,
MALAWI,Same-day visitors (excursionists),Thousands,2005,
MALAYSIA,Total trips,Thousands,2005,
MALAYSIA,Overnights visitors (tourists),Thousands,2005,
MALAYSIA,Same-day visitors (excursionists),Thousands,2005,
MALDIVES,Total trips,Thousands,2005,
MALDIVES,Overnights visitors (tourists),Thousands,2005,
MALDIVES,Same-day visitors (excursionists),Thousands,2005,
MALI,Total trips,Thousands,2005,
MALI,Overnights visitors (tourists),Thousands,2005,44.0
MALI,Same-day visitors (excursionists),Thousands,2005,
MALTA,Total trips,Thousands,2005,
MALTA,Overnights visitors (tourists),Thousands,2005,
MALTA,Same-day visitors (excursionists),Thousands,2005,
MARSHALL ISLANDS,Total trips,Thousands,2005,
MARSHALL ISLANDS,Overnights visitors (tourists),Thousands,2005,
MARSHALL ISLANDS,Same-day visitors (excursionists),Thousands,2005,
MARTINIQUE,Total trips,Thousands,2005,
MARTINIQUE,Overnights visitors (tourists),Thousands,2005,
MARTINIQUE,Same-day visitors (excursionists),Thousands,2005,
MAURITANIA,Total trips,Thousands,2005,
MAURITANIA,Overnights visitors (tourists),Thousands,2005,
MAURITANIA,Same-day visitors (excursionists),Thousands,2005,
MAURITIUS,Total trips,Thousands,2005,
MAURITIUS,Overnights visitors (tourists),Thousands,2005,
MAURITIUS,Same-day visitors (excursionists),Thousands,2005,
MEXICO,Total trips,Thousands,2005,
MEXICO,Overnights visitors (tourists),Thousands,2005,
MEXICO,Same-day visitors (excursionists),Thousands,2005,
"MICRONESIA, FEDERATED STATES OF",Total trips,Thousands,2005,
"MICRONESIA, FEDERATED STATES OF",Overnights visitors (tourists),Thousands,2005,
"MICRONESIA, FEDERATED STATES OF",Same-day visitors (excursionists),Thousands,2005,
"MOLDOVA, REPUBLIC OF",Total trips,Thousands,2005,
"MOLDOVA, REPUBLIC OF",Overnights visitors (tourists),Thousands,2005,
"MOLDOVA, REPUBLIC OF",Same-day visitors (excursionists),Thousands,2005,
MONACO,Total trips,Thousands,2005,
MONACO,Overnights visitors (tourists),Thousands,2005,
MONACO,Same-day visitors (excursionists),Thousands,2005,
MONGOLIA,Total trips,Thousands,2005,
MONGOLIA,Overnights visitors (tourists),Thousands,2005,
MONGOLIA,Same-day visitors (excursionists),Thousands,2005,
MONTENEGRO,Total trips,Thousands,2005,
MONTENEGRO,Overnights visitors (tourists),Thousands,2005,
MONTENEGRO,Same-day visitors (excursionists),Thousands,2005,
MONTSERRAT,Total trips,Thousands,2005,
MONTSERRAT,Overnights visitors (tourists),Thousands,2005,
MONTSERRAT,Same-day visitors (excursionists),Thousands,2005,
MOROCCO,Total trips,Thousands,2005,
MOROCCO,Overnights visitors (tourists),Thousands,2005,
MOROCCO,Same-day visitors (excursionists),Thousands,2005,
MOZAMBIQUE,Total trips,Thousands,2005,
MOZAMBIQUE,Overnights visitors (tourists),Thousands,2005,
MOZAMBIQUE,Same-day visitors (excursionists),Thousands,2005,
MYANMAR,Total trips,Thousands,2005,
MYANMAR,Overnights visitors (tourists),Thousands,2005,
MYANMAR,Same-day visitors (excursionists),Thousands,2005,
NAMIBIA,Total trips,Thousands,2005,
NAMIBIA,Overnights visitors (tourists),Thousands,2005,
NAMIBIA,Same-day visitors (excursionists),Thousands,2005,
NAURU,Total trips,Thousands,2005,
NAURU,Overnights visitors (tourists),Thousands,2005,
NAURU,Same-day visitors (excursionists),Thousands,2005,
NEPAL,Total trips,Thousands,2005,
NEPAL,Overnights visitors (tourists),Thousands,2005,
NEPAL,Same-day visitors (excursionists),Thousands,2005,
NETHERLANDS,Total trips,Thousands,2005,
NETHERLANDS,Overnights visitors (tourists),Thousands,2005,
NETHERLANDS,Same-day visitors (excursionists),Thousands,2005,
NEW CALEDONIA,Total trips,Thousands,2005,
NEW CALEDONIA,Overnights visitors (tourists),Thousands,2005,
NEW CALEDONIA,Same-day visitors (excursionists),Thousands,2005,
NEW ZEALAND,Total trips,Thousands,2005,
NEW ZEALAND,Overnights visitors (tourists),Thousands,2005,
NEW ZEALAND,Same-day visitors (excursionists),Thousands,2005,
NICARAGUA,Total trips,Thousands,2005,
NICARAGUA,Overnights visitors (tourists),Thousands,2005,
NICARAGUA,Same-day visitors (excursionists),Thousands,2005,
NIGER,Total trips,Thousands,2005,
NIGER,Overnights visitors (tourists),Thousands,2005,
NIGER,Same-day visitors (excursionists),Thousands,2005,
NIGERIA,Total trips,Thousands,2005,
NIGERIA,Overnights visitors (tourists),Thousands,2005,
NIGERIA,Same-day visitors (excursionists),Thousands,2005,
NIUE,Total trips,Thousands,2005,
NIUE,Overnights visitors (tourists),Thousands,2005,
NIUE,Same-day visitors (excursionists),Thousands,2005,
NORTH MACEDONIA,Total trips,Thousands,2005,
NORTH MACEDONIA,Overnights visitors (tourists),Thousands,2005,
NORTH MACEDONIA,Same-day visitors (excursionists),Thousands,2005,
NORTHERN MARIANA ISLANDS,Total trips,Thousands,2005,
NORTHERN MARIANA ISLANDS,Overnights visitors (tourists),Thousands,2005,
NORTHERN MARIANA ISLANDS,Same-day visitors (excursionists),Thousands,2005,
NORWAY,Total trips,Thousands,2005,
NORWAY,Overnights visitors (tourists),Thousands,2005,
NORWAY,Same-day visitors (excursionists),Thousands,2005,
OMAN,Total trips,Thousands,2005,
OMAN,Overnights visitors (tourists),Thousands,2005,
OMAN,Same-day visitors (excursionists),Thousands,2005,
PAKISTAN,Total trips,Thousands,2005,
PAKISTAN,Overnights visitors (tourists),Thousands,2005,
PAKISTAN,Same-day visitors (excursionists),Thousands,2005,
PALAU,Total trips,Thousands,2005,
PALAU,Overnights visitors (tourists),Thousands,2005,
PALAU,Same-day visitors (excursionists),Thousands,2005,
PANAMA,Total trips,Thousands,2005,
PANAMA,Overnights visitors (tourists),Thousands,2005,
PANAMA,Same-day visitors (excursionists),Thousands,2005,
PAPUA NEW GUINEA,Total trips,Thousands,2005,
PAPUA NEW GUINEA,Overnights visitors (tourists),Thousands,2005,
PAPUA NEW GUINEA,Same-day visitors (excursionists),Thousands,2005,
PARAGUAY,Total trips,Thousands,2005,
PARAGUAY,Overnights visitors (tourists),Thousands,2005,
PARAGUAY,Same-day visitors (excursionists),Thousands,2005,
PERU,Total trips,Thousands,2005,
PERU,Overnights visitors (tourists),Thousands,2005,
PERU,Same-day visitors (excursionists),Thousands,2005,
PHILIPPINES,Total trips,Thousands,2005,
PHILIPPINES,Overnights visitors (tourists),Thousands,2005,
PHILIPPINES,Same-day visitors (excursionists),Thousands,2005,
POLAND,Total trips,Thousands,2005,
POLAND,Overnights visitors (tourists),Thousands,2005,
POLAND,Same-day visitors (excursionists),Thousands,2005,
PORTUGAL,Total trips,Thousands,2005,
PORTUGAL,Overnights visitors (tourists),Thousands,2005,
PORTUGAL,Same-day visitors (excursionists),Thousands,2005,
PUERTO RICO,Total trips,Thousands,2005,
PUERTO RICO,Overnights visitors (tourists),Thousands,2005,
PUERTO RICO,Same-day visitors (excursionists),Thousands,2005,
QATAR,Total trips,Thousands,2005,
QATAR,Overnights visitors (tourists),Thousands,2005,
QATAR,Same-day visitors (excursionists),Thousands,2005,
REUNION,Total trips,Thousands,2005,
REUNION,Overnights visitors (tourists),Thousands,2005,
REUNION,Same-day visitors (excursionists),Thousands,2005,
ROMANIA,Total trips,Thousands,2005,
ROMANIA,Overnights visitors (tourists),Thousands,2005,
ROMANIA,Same-day visitors (excursionists),Thousands,2005,
RUSSIAN FEDERATION,Total trips,Thousands,2005,
RUSSIAN FEDERATION,Overnights visitors (tourists),Thousands,2005,
RUSSIAN FEDERATION,Same-day visitors (excursionists),Thousands,2005,
RWANDA,Total trips,Thousands,2005,
RWANDA,Overnights visitors (tourists),Thousands,2005,
RWANDA,Same-day visitors (excursionists),Thousands,2005,
SABA,Total trips,Thousands,2005,
SABA,Overnights visitors (tourists),Thousands,2005,
SABA,Same-day visitors (excursionists),Thousands,2005,
SAINT KITTS AND NEVIS,Total trips,Thousands,2005,
SAINT KITTS AND NEVIS,Overnights visitors (tourists),Thousands,2005,
SAINT KITTS AND NEVIS,Same-day visitors (excursionists),Thousands,2005,
SAINT LUCIA,Total trips,Thousands,2005,
SAINT LUCIA,Overnights visitors (tourists),Thousands,2005,
SAINT LUCIA,Same-day visitors (excursionists),Thousands,2005,
SAINT VINCENT AND THE GRENADINES,Total trips,Thousands,2005,
SAINT VINCENT AND THE GRENADINES,Overnights visitors (tourists),Thousands,2005,
SAINT VINCENT AND THE GRENADINES,Same-day visitors (excursionists),Thousands,2005,
SAMOA,Total trips,Thousands,2005,
SAMOA,Overnights visitors (tourists),Thousands,2005,
SAMOA,Same-day visitors (excursionists),Thousands,2005,
SAN MARINO,Total trips,Thousands,2005,
SAN MARINO,Overnights visitors (tourists),Thousands,2005,
SAN MARINO,Same-day visitors (excursionists),Thousands,2005,
SAO TOME AND PRINCIPE,Total trips,Thousands,2005,
SAO TOME AND PRINCIPE,Overnights visitors (tourists),Thousands,2005,
SAO TOME AND PRINCIPE,Same-day visitors (excursionists),Thousands,2005,
SAUDI ARABIA,Total trips,Thousands,2005,
SAUDI ARABIA,Overnights visitors (tourists),Thousands,2005,
SAUDI ARABIA,Same-day visitors (excursionists),Thousands,2005,
SENEGAL,Total trips,Thousands,2005,
SENEGAL,Overnights visitors (tourists),Thousands,2005,
SENEGAL,Same-day visitors (excursionists),Thousands,2005,
SERBIA,Total trips,Thousands,2005,
SERBIA,Overnights visitors (tourists),Thousands,2005,
SERBIA,Same-day visitors (excursionists),Thousands,2005,
SERBIA AND MONTENEGRO,Total trips,Thousands,2005,
SERBIA AND MONTENEGRO,Overnights visitors (tourists),Thousands,2005,
SERBIA AND MONTENEGRO,Same-day visitors (excursionists),Thousands,2005,
SEYCHELLES,Total trips,Thousands,2005,
SEYCHELLES,Overnights visitors (tourists),Thousands,2005,
SEYCHELLES,Same-day visitors (excursionists),Thousands,2005,
SIERRA LEONE,Total trips,Thousands,2005,
SIERRA LEONE,Overnights visitors (tourists),Thousands,2005,
SIERRA LEONE,Same-day visitors (excursionists),Thousands,2005,
SINGAPORE,Total trips,Thousands,2005,
SINGAPORE,Overnights visitors (tourists),Thousands,2005,
SINGAPORE,Same-day visitors (excursionists),Thousands,2005,
SINT EUSTATIUS,Total trips,Thousands,2005,
SINT EUSTATIUS,Overnights visitors (tourists),Thousands,2005,
SINT EUSTATIUS,Same-day visitors (excursionists),Thousands,2005,
SINT MAARTEN (DUTCH PART),Total trips,Thousands,2005,
SINT MAARTEN (DUTCH PART),Overnights visitors (tourists),Thousands,2005,
SINT MAARTEN (DUTCH PART),Same-day visitors (excursionists),Thousands,2005,
SLOVAKIA,Total trips,Thousands,2005,
SLOVAKIA,Overnights visitors (tourists),Thousands,2005,
SLOVAKIA,Same-day visitors (excursionists),Thousands,2005,
SLOVENIA,Total trips,Thousands,2005,
SLOVENIA,Overnights visitors (tourists),Thousands,2005,
SLOVENIA,Same-day visitors (excursionists),Thousands,2005,
SOLOMON ISLANDS,Total trips,Thousands,2005,
SOLOMON ISLANDS,Overnights visitors (tourists),Thousands,2005,
SOLOMON ISLANDS,Same-day visitors (excursionists),Thousands,2005,
SOMALIA,Total trips,Thousands,2005,
SOMALIA,Overnights visitors (tourists),Thousands,2005,
SOMALIA,Same-day visitors (excursionists),Thousands,2005,
SOUTH AFRICA,Total trips,Thousands,2005,
SOUTH AFRICA,Overnights visitors (tourists),Thousands,2005,
SOUTH AFRICA,Same-day visitors (excursionists),Thousands,2005,
SOUTH SUDAN,Total trips,Thousands,2005,
SOUTH SUDAN,Overnights visitors (tourists),Thousands,2005,
SOUTH SUDAN,Same-day visitors (excursionists),Thousands,2005,
SPAIN,Total trips,Thousands,2005,
SPAIN,Overnights visitors (tourists),Thousands,2005,
SPAIN,Same-day visitors (excursionists),Thousands,2005,
SRI LANKA,Total trips,Thousands,2005,
SRI LANKA,Overnights visitors (tourists),Thousands,2005,
SRI LANKA,Same-day visitors (excursionists),Thousands,2005,
STATE OF PALESTINE,Total trips,Thousands,2005,
STATE OF PALESTINE,Overnights visitors (tourists),Thousands,2005,
STATE OF PALESTINE,Same-day visitors (excursionists),Thousands,2005,
SUDAN,Total trips,Thousands,2005,
SUDAN,Overnights visitors (tourists),Thousands,2005,
SUDAN,Same-day visitors (excursionists),Thousands,2005,
SURINAME,Total trips,Thousands,2005,
SURINAME,Overnights visitors (tourists),Thousands,2005,
SURINAME,Same-day visitors (excursionists),Thousands,2005,
SWEDEN,Total trips,Thousands,2005,
SWEDEN,Overnights visitors (tourists),Thousands,2005,
SWEDEN,Same-day visitors (excursionists),Thousands,2005,
SWITZERLAND,Total trips,Thousands,2005,
SWITZERLAND,Overnights visitors (tourists),Thousands,2005,
SWITZERLAND,Same-day visitors (excursionists),Thousands,2005,
SYRIAN ARAB REPUBLIC,Total trips,Thousands,2005,
SYRIAN ARAB REPUBLIC,Overnights visitors (tourists),Thousands,2005,
SYRIAN ARAB REPUBLIC,Same-day visitors (excursionists),Thousands,2005,
TAIWAN PROVINCE OF CHINA,Total trips,Thousands,2005,
TAIWAN PROVINCE OF CHINA,Overnights visitors (tourists),Thousands,2005,
TAIWAN PROVINCE OF CHINA,Same-day visitors (excursionists),Thousands,2005,
TAJIKISTAN,Total trips,Thousands,2005,
TAJIKISTAN,Overnights visitors (tourists),Thousands,2005,
TAJIKISTAN,Same-day visitors (excursionists),Thousands,2005,
"TANZANIA, UNITED REPUBLIC OF",Total trips,Thousands,2005,
"TANZANIA, UNITED REPUBLIC OF",Overnights visitors (tourists),Thousands,2005,
"TANZANIA, UNITED REPUBLIC OF",Same-day visitors (excursionists),Thousands,2005,
THAILAND,Total trips,Thousands,2005,
THAILAND,Overnights visitors (tourists),Thousands,2005,
THAILAND,Same-day visitors (excursionists),Thousands,2005,
TIMOR-LESTE,Total trips,Thousands,2005,
TIMOR-LESTE,Overnights visitors (tourists),Thousands,2005,
TIMOR-LESTE,Same-day visitors (excursionists),Thousands,2005,
TOGO,Total trips,Thousands,2005,
TOGO,Overnights visitors (tourists),Thousands,2005,
TOGO,Same-day visitors (excursionists),Thousands,2005,
TONGA,Total trips,Thousands,2005,
TONGA,Overnights visitors (tourists),Thousands,2005,
TONGA,Same-day visitors (excursionists),Thousands,2005,
TRINIDAD AND TOBAGO,Total trips,Thousands,2005,
TRINIDAD AND TOBAGO,Overnights visitors (tourists),Thousands,2005,
TRINIDAD AND TOBAGO,Same-day visitors (excursionists),Thousands,2005,
TUNISIA,Total trips,Thousands,2005,
TUNISIA,Overnights visitors (tourists),Thousands,2005,
TUNISIA,Same-day visitors (excursionists),Thousands,2005,
TÜRKIYE,Total trips,Thousands,2005,
TÜRKIYE,Overnights visitors (tourists),Thousands,2005,
TÜRKIYE,Same-day visitors (excursionists),Thousands,2005,
TURKMENISTAN,Total trips,Thousands,2005,
TURKMENISTAN,Overnights visitors (tourists),Thousands,2005,
TURKMENISTAN,Same-day visitors (excursionists),Thousands,2005,
TURKS AND CAICOS ISLANDS,Total trips,Thousands,2005,
TURKS AND CAICOS ISLANDS,Overnights visitors (tourists),Thousands,2005,
TURKS AND CAICOS ISLANDS,Same-day visitors (excursionists),Thousands,2005,
TUVALU,Total trips,Thousands,2005,
TUVALU,Overnights visitors (tourists),Thousands,2005,
TUVALU,Same-day visitors (excursionists),Thousands,2005,
UGANDA,Total trips,Thousands,2005,
UGANDA,Overnights visitors (tourists),Thousands,2005,
UGANDA,Same-day visitors (excursionists),Thousands,2005,
UKRAINE,Total trips,Thousands,2005,
UKRAINE,Overnights visitors (tourists),Thousands,2005,
UKRAINE,Same-day visitors (excursionists),Thousands,2005,
UNITED ARAB EMIRATES,Total trips,Thousands,2005,
UNITED ARAB EMIRATES,Overnights visitors (tourists),Thousands,2005,
UNITED ARAB EMIRATES,Same-day visitors (excursionists),Thousands,2005,
UNITED KINGDOM,Total trips,Thousands,2005,
UNITED KINGDOM,Overnights visitors (tourists),Thousands,2005,
UNITED KINGDOM,Same-day visitors (excursionists),Thousands,2005,
UNITED STATES OF AMERICA,Total trips,Thousands,2005,
UNITED STATES OF AMERICA,Overnights visitors (tourists),Thousands,2005,
UNITED STATES OF AMERICA,Same-day visitors (excursionists),Thousands,2005,
UNITED STATES VIRGIN ISLANDS,Total trips,Thousands,2005,
UNITED STATES VIRGIN ISLANDS,Overnights visitors (tourists),Thousands,2005,
UNITED STATES VIRGIN ISLANDS,Same-day visitors (excursionists),Thousands,2005,
URUGUAY,Total trips,Thousands,2005,
URUGUAY,Overnights visitors (tourists),Thousands,2005,
URUGUAY,Same-day visitors (excursionists),Thousands,2005,
UZBEKISTAN,Total trips,Thousands,2005,
UZBEKISTAN,Overnights visitors (tourists),Thousands,2005,
UZBEKISTAN,Same-day visitors (excursionists),Thousands,2005,
VANUATU,Total trips,Thousands,2005,
VANUATU,Overnights visitors (tourists),Thousands,2005,
VANUATU,Same-day visitors (excursionists),Thousands,2005,
"VENEZUELA, BOLIVARIAN REPUBLIC OF",Total trips,Thousands,2005,
"VENEZUELA, BOLIVARIAN REPUBLIC OF",Overnights visitors (tourists),Thousands,2005,
"VENEZUELA, BOLIVARIAN REPUBLIC OF",Same-day visitors (excursionists),Thousands,2005,
VIET NAM,Total trips,Thousands,2005,
VIET NAM,Overnights visitors (tourists),Thousands,2005,
VIET NAM,Same-day visitors (excursionists),Thousands,2005,
YEMEN,Total trips,Thousands,2005,
YEMEN,Overnights visitors (tourists),Thousands,2005,
YEMEN,Same-day visitors (excursionists),Thousands,2005,
ZAMBIA,Total trips,Thousands,2005,
ZAMBIA,Overnights visitors (tourists),Thousands,2005,
ZAMBIA,Same-day visitors (excursionists),Thousands,2005,
ZIMBABWE,Total trips,Thousands,2005,
ZIMBABWE,Overnights visitors (tourists),Thousands,2005,
ZIMBABWE,Same-day visitors (excursionists),Thousands,2005,
AFGHANISTAN,Total trips,Thousands,2006,
AFGHANISTAN,Overnights visitors (tourists),Thousands,2006,
AFGHANISTAN,Same-day visitors (excursionists),Thousands,2006,
ALBANIA,Total trips,Thousands,2006,
ALBANIA,Overnights visitors (tourists),Thousands,2006,
ALBANIA,Same-day visitors (excursionists),Thousands,2006,
ALGERIA,Total trips,Thousands,2006,
ALGERIA,Overnights visitors (tourists),Thousands,2006,
ALGERIA,Same-day visitors (excursionists),Thousands,2006,
AMERICAN SAMOA,Total trips,Thousands,2006,
AMERICAN SAMOA,Overnights visitors (tourists),Thousands,2006,
AMERICAN SAMOA,Same-day visitors (excursionists),Thousands,2006,
ANDORRA,Total trips,Thousands,2006,
ANDORRA,Overnights visitors (tourists),Thousands,2006,
ANDORRA,Same-day visitors (excursionists),Thousands,2006,
ANGOLA,Total trips,Thousands,2006,
ANGOLA,Overnights visitors (tourists),Thousands,2006,
ANGOLA,Same-day visitors (excursionists),Thousands,2006,
ANGUILLA,Total trips,Thousands,2006,
ANGUILLA,Overnights visitors (tourists),Thousands,2006,
ANGUILLA,Same-day visitors (excursionists),Thousands,2006,
ANTIGUA AND BARBUDA,Total trips,Thousands,2006,
ANTIGUA AND BARBUDA,Overnights visitors (tourists),Thousands,2006,
ANTIGUA AND BARBUDA,Same-day visitors (excursionists),Thousands,2006,
ARGENTINA,Total trips,Thousands,2006,
ARGENTINA,Overnights visitors (tourists),Thousands,2006,
ARGENTINA,Same-day visitors (excursionists),Thousands,2006,
ARMENIA,Total trips,Thousands,2006,
ARMENIA,Overnights visitors (tourists),Thousands,2006,
ARMENIA,Same-day visitors (excursionists),Thousands,2006,
ARUBA,Total trips,Thousands,2006,
ARUBA,Overnights visitors (tourists),Thousands,2006,
ARUBA,Same-day visitors (excursionists),Thousands,2006,
AUSTRALIA,Total trips,Thousands,2006,
AUSTRALIA,Overnights visitors (tourists),Thousands,2006,
AUSTRALIA,Same-day visitors (excursionists),Thousands,2006,
AUSTRIA,Total trips,Thousands,2006,
AUSTRIA,Overnights visitors (tourists),Thousands,2006,
AUSTRIA,Same-day visitors (excursionists),Thousands,2006,
AZERBAIJAN,Total trips,Thousands,2006,
AZERBAIJAN,Overnights visitors (tourists),Thousands,2006,
AZERBAIJAN,Same-day visitors (excursionists),Thousands,2006,
BAHAMAS,Total trips,Thousands,2006,
BAHAMAS,Overnights visitors (tourists),Thousands,2006,
BAHAMAS,Same-day visitors (excursionists),Thousands,2006,
BAHRAIN,Total trips,Thousands,2006,
BAHRAIN,Overnights visitors (tourists),Thousands,2006,
BAHRAIN,Same-day visitors (excursionists),Thousands,2006,
BANGLADESH,Total trips,Thousands,2006,
BANGLADESH,Overnights visitors (tourists),Thousands,2006,
BANGLADESH,Same-day visitors (excursionists),Thousands,2006,
BARBADOS,Total trips,Thousands,2006,
BARBADOS,Overnights visitors (tourists),Thousands,2006,
BARBADOS,Same-day visitors (excursionists),Thousands,2006,
BELARUS,Total trips,Thousands,2006,
BELARUS,Overnights visitors (tourists),Thousands,2006,
BELARUS,Same-day visitors (excursionists),Thousands,2006,
BELGIUM,Total trips,Thousands,2006,
BELGIUM,Overnights visitors (tourists),Thousands,2006,
BELGIUM,Same-day visitors (excursionists),Thousands,2006,
BELIZE,Total trips,Thousands,2006,
BELIZE,Overnights visitors (tourists),Thousands,2006,
BELIZE,Same-day visitors (excursionists),Thousands,2006,
BENIN,Total trips,Thousands,2006,
BENIN,Overnights visitors (tourists),Thousands,2006,
BENIN,Same-day visitors (excursionists),Thousands,2006,
BERMUDA,Total trips,Thousands,2006,
BERMUDA,Overnights visitors (tourists),Thousands,2006,
BERMUDA,Same-day visitors (excursionists),Thousands,2006,
BHUTAN,Total trips,Thousands,2006,
BHUTAN,Overnights visitors (tourists),Thousands,2006,
BHUTAN,Same-day visitors (excursionists),Thousands,2006,
"BOLIVIA, PLURINATIONAL STATE OF",Total trips,Thousands,2006,
"BOLIVIA, PLURINATIONAL STATE OF",Overnights visitors (tourists),Thousands,2006,
"BOLIVIA, PLURINATIONAL STATE OF",Same-day visitors (excursionists),Thousands,2006,
BONAIRE,Total trips,Thousands,2006,
BONAIRE,Overnights visitors (tourists),Thousands,2006,
BONAIRE,Same-day visitors (excursionists),Thousands,2006,
BOSNIA AND HERZEGOVINA,Total trips,Thousands,2006,
BOSNIA AND HERZEGOVINA,Overnights visitors (tourists),Thousands,2006,
BOSNIA AND HERZEGOVINA,Same-day visitors (excursionists),Thousands,2006,
BOTSWANA,Total trips,Thousands,2006,
BOTSWANA,Overnights visitors (tourists),Thousands,2006,
BOTSWANA,Same-day visitors (excursionists),Thousands,2006,
BRAZIL,Total trips,Thousands,2006,
BRAZIL,Overnights visitors (tourists),Thousands,2006,
BRAZIL,Same-day visitors (excursionists),Thousands,2006,
BRITISH VIRGIN ISLANDS,Total trips,Thousands,2006,
BRITISH VIRGIN ISLANDS,Overnights visitors (tourists),Thousands,2006,
BRITISH VIRGIN ISLANDS,Same-day visitors (excursionists),Thousands,2006,
BRUNEI DARUSSALAM,Total trips,Thousands,2006,
BRUNEI DARUSSALAM,Overnights visitors (tourists),Thousands,2006,
BRUNEI DARUSSALAM,Same-day visitors (excursionists),Thousands,2006,
BULGARIA,Total trips,Thousands,2006,
BULGARIA,Overnights visitors (tourists),Thousands,2006,
BULGARIA,Same-day visitors (excursionists),Thousands,2006,
BURKINA FASO,Total trips,Thousands,2006,
BURKINA FASO,Overnights visitors (tourists),Thousands,2006,
BURKINA FASO,Same-day visitors (excursionists),Thousands,2006,
BURUNDI,Total trips,Thousands,2006,
BURUNDI,Overnights visitors (tourists),Thousands,2006,
BURUNDI,Same-day visitors (excursionists),Thousands,2006,
CABO VERDE,Total trips,Thousands,2006,
CABO VERDE,Overnights visitors (tourists),Thousands,2006,
CABO VERDE,Same-day visitors (excursionists),Thousands,2006,
CAMBODIA,Total trips,Thousands,2006,
CAMBODIA,Overnights visitors (tourists),Thousands,2006,
CAMBODIA,Same-day visitors (excursionists),Thousands,2006,
CAMEROON,Total trips,Thousands,2006,
CAMEROON,Overnights visitors (tourists),Thousands,2006,
CAMEROON,Same-day visitors (excursionists),Thousands,2006,
CANADA,Total trips,Thousands,2006,
CANADA,Overnights visitors (tourists),Thousands,2006,
CANADA,Same-day visitors (excursionists),Thousands,2006,
CAYMAN ISLANDS,Total trips,Thousands,2006,
CAYMAN ISLANDS,Overnights visitors (tourists),Thousands,2006,
CAYMAN ISLANDS,Same-day visitors (excursionists),Thousands,2006,
CENTRAL AFRICAN REPUBLIC,Total trips,Thousands,2006,
CENTRAL AFRICAN REPUBLIC,Overnights visitors (tourists),Thousands,2006,
CENTRAL AFRICAN REPUBLIC,Same-day visitors (excursionists),Thousands,2006,
CHAD,Total trips,Thousands,2006,
CHAD,Overnights visitors (tourists),Thousands,2006,
CHAD,Same-day visitors (excursionists),Thousands,2006,
CHILE,Total trips,Thousands,2006,
CHILE,Overnights visitors (tourists),Thousands,2006,
CHILE,Same-day visitors (excursionists),Thousands,2006,
CHINA,Total trips,Thousands,2006,
CHINA,Overnights visitors (tourists),Thousands,2006,
CHINA,Same-day visitors (excursionists),Thousands,2006,
COLOMBIA,Total trips,Thousands,2006,
COLOMBIA,Overnights visitors (tourists),Thousands,2006,
COLOMBIA,Same-day visitors (excursionists),Thousands,2006,
COMOROS,Total trips,Thousands,2006,
COMOROS,Overnights visitors (tourists),Thousands,2006,
COMOROS,Same-day visitors (excursionists),Thousands,2006,
CONGO,Total trips,Thousands,2006,
CONGO,Overnights visitors (tourists),Thousands,2006,
CONGO,Same-day visitors (excursionists),Thousands,2006,
"CONGO, DEMOCRATIC REPUBLIC OF THE",Total trips,Thousands,2006,
"CONGO, DEMOCRATIC REPUBLIC OF THE",Overnights visitors (tourists),Thousands,2006,
"CONGO, DEMOCRATIC REPUBLIC OF THE",Same-day visitors (excursionists),Thousands,2006,
COOK ISLANDS,Total trips,Thousands,2006,
COOK ISLANDS,Overnights visitors (tourists),Thousands,2006,
COOK ISLANDS,Same-day visitors (excursionists),Thousands,2006,
COSTA RICA,Total trips,Thousands,2006,
COSTA RICA,Overnights visitors (tourists),Thousands,2006,
COSTA RICA,Same-day visitors (excursionists),Thousands,2006,
COTE D´IVOIRE,Total trips,Thousands,2006,
COTE D´IVOIRE,Overnights visitors (tourists),Thousands,2006,
COTE D´IVOIRE,Same-day visitors (excursionists),Thousands,2006,
CROATIA,Total trips,Thousands,2006,
CROATIA,Overnights visitors (tourists),Thousands,2006,
CROATIA,Same-day visitors (excursionists),Thousands,2006,
CUBA,Total trips,Thousands,2006,
CUBA,Overnights visitors (tourists),Thousands,2006,
CUBA,Same-day visitors (excursionists),Thousands,2006,
CURAÇAO,Total trips,Thousands,2006,
CURAÇAO,Overnights visitors (tourists),Thousands,2006,
CURAÇAO,Same-day visitors (excursionists),Thousands,2006,
CYPRUS,Total trips,Thousands,2006,
CYPRUS,Overnights visitors (tourists),Thousands,2006,
CYPRUS,Same-day visitors (excursionists),Thousands,2006,
CZECH REPUBLIC (CZECHIA),Total trips,Thousands,2006,
CZECH REPUBLIC (CZECHIA),Overnights visitors (tourists),Thousands,2006,
CZECH REPUBLIC (CZECHIA),Same-day visitors (excursionists),Thousands,2006,
DENMARK,Total trips,Thousands,2006,
DENMARK,Overnights visitors (tourists),Thousands,2006,
DENMARK,Same-day visitors (excursionists),Thousands,2006,
DJIBOUTI,Total trips,Thousands,2006,
DJIBOUTI,Overnights visitors (tourists),Thousands,2006,
DJIBOUTI,Same-day visitors (excursionists),Thousands,2006,
DOMINICA,Total trips,Thousands,2006,
DOMINICA,Overnights visitors (tourists),Thousands,2006,
DOMINICA,Same-day visitors (excursionists),Thousands,2006,
DOMINICAN REPUBLIC,Total trips,Thousands,2006,
DOMINICAN REPUBLIC,Overnights visitors (tourists),Thousands,2006,
DOMINICAN REPUBLIC,Same-day visitors (excursionists),Thousands,2006,
ECUADOR,Total trips,Thousands,2006,
ECUADOR,Overnights visitors (tourists),Thousands,2006,
ECUADOR,Same-day visitors (excursionists),Thousands,2006,
EGYPT,Total trips,Thousands,2006,
EGYPT,Overnights visitors (tourists),Thousands,2006,
EGYPT,Same-day visitors (excursionists),Thousands,2006,
EL SALVADOR,Total trips,Thousands,2006,
EL SALVADOR,Overnights visitors (tourists),Thousands,2006,
EL SALVADOR,Same-day visitors (excursionists),Thousands,2006,
EQUATORIAL GUINEA,Total trips,Thousands,2006,
EQUATORIAL GUINEA,Overnights visitors (tourists),Thousands,2006,
EQUATORIAL GUINEA,Same-day visitors (excursionists),Thousands,2006,
ERITREA,Total trips,Thousands,2006,
ERITREA,Overnights visitors (tourists),Thousands,2006,
ERITREA,Same-day visitors (excursionists),Thousands,2006,
ESTONIA,Total trips,Thousands,2006,
ESTONIA,Overnights visitors (tourists),Thousands,2006,643.0
ESTONIA,Same-day visitors (excursionists),Thousands,2006,
ESWATINI,Total trips,Thousands,2006,
ESWATINI,Overnights visitors (tourists),Thousands,2006,
ESWATINI,Same-day visitors (excursionists),Thousands,2006,
ETHIOPIA,Total trips,Thousands,2006,
ETHIOPIA,Overnights visitors (tourists),Thousands,2006,
ETHIOPIA,Same-day visitors (excursionists),Thousands,2006,
FIJI,Total trips,Thousands,2006,
FIJI,Overnights visitors (tourists),Thousands,2006,
FIJI,Same-day visitors (excursionists),Thousands,2006,
FINLAND,Total trips,Thousands,2006,
FINLAND,Overnights visitors (tourists),Thousands,2006,
FINLAND,Same-day visitors (excursionists),Thousands,2006,
FRANCE,Total trips,Thousands,2006,
FRANCE,Overnights visitors (tourists),Thousands,2006,
FRANCE,Same-day visitors (excursionists),Thousands,2006,
FRENCH GUIANA,Total trips,Thousands,2006,
FRENCH GUIANA,Overnights visitors (tourists),Thousands,2006,
FRENCH GUIANA,Same-day visitors (excursionists),Thousands,2006,
FRENCH POLYNESIA,Total trips,Thousands,2006,
FRENCH POLYNESIA,Overnights visitors (tourists),Thousands,2006,
FRENCH POLYNESIA,Same-day visitors (excursionists),Thousands,2006,
GABON,Total trips,Thousands,2006,
GABON,Overnights visitors (tourists),Thousands,2006,
GABON,Same-day visitors (excursionists),Thousands,2006,
GAMBIA,Total trips,Thousands,2006,
GAMBIA,Overnights visitors (tourists),Thousands,2006,
GAMBIA,Same-day visitors (excursionists),Thousands,2006,
GEORGIA,Total trips,Thousands,2006,
GEORGIA,Overnights visitors (tourists),Thousands,2006,
GEORGIA,Same-day visitors (excursionists),Thousands,2006,
GERMANY,Total trips,Thousands,2006,
GERMANY,Overnights visitors (tourists),Thousands,2006,
GERMANY,Same-day visitors (excursionists),Thousands,2006,
GHANA,Total trips,Thousands,2006,
GHANA,Overnights visitors (tourists),Thousands,2006,
GHANA,Same-day visitors (excursionists),Thousands,2006,
GREECE,Total trips,Thousands,2006,
GREECE,Overnights visitors (tourists),Thousands,2006,
GREECE,Same-day visitors (excursionists),Thousands,2006,
GRENADA,Total trips,Thousands,2006,
GRENADA,Overnights visitors (tourists),Thousands,2006,
GRENADA,Same-day visitors (excursionists),Thousands,2006,
GUADELOUPE,Total trips,Thousands,2006,
GUADELOUPE,Overnights visitors (tourists),Thousands,2006,
GUADELOUPE,Same-day visitors (excursionists),Thousands,2006,
GUAM,Total trips,Thousands,2006,
GUAM,Overnights visitors (tourists),Thousands,2006,
GUAM,Same-day visitors (excursionists),Thousands,2006,
GUATEMALA,Total trips,Thousands,2006,
GUATEMALA,Overnights visitors (tourists),Thousands,2006,
GUATEMALA,Same-day visitors (excursionists),Thousands,2006,
GUINEA,Total trips,Thousands,2006,
GUINEA,Overnights visitors (tourists),Thousands,2006,
GUINEA,Same-day visitors (excursionists),Thousands,2006,
GUINEA-BISSAU,Total trips,Thousands,2006,
GUINEA-BISSAU,Overnights visitors (tourists),Thousands,2006,
GUINEA-BISSAU,Same-day visitors (excursionists),Thousands,2006,
GUYANA,Total trips,Thousands,2006,
GUYANA,Overnights visitors (tourists),Thousands,2006,
GUYANA,Same-day visitors (excursionists),Thousands,2006,
HAITI,Total trips,Thousands,2006,
HAITI,Overnights visitors (tourists),Thousands,2006,
HAITI,Same-day visitors (excursionists),Thousands,2006,
HONDURAS,Total trips,Thousands,2006,
HONDURAS,Overnights visitors (tourists),Thousands,2006,
HONDURAS,Same-day visitors (excursionists),Thousands,2006,
"HONG KONG, CHINA",Total trips,Thousands,2006,
"HONG KONG, CHINA",Overnights visitors (tourists),Thousands,2006,
"HONG KONG, CHINA",Same-day visitors (excursionists),Thousands,2006,
HUNGARY,Total trips,Thousands,2006,
HUNGARY,Overnights visitors (tourists),Thousands,2006,
HUNGARY,Same-day visitors (excursionists),Thousands,2006,
ICELAND,Total trips,Thousands,2006,
ICELAND,Overnights visitors (tourists),Thousands,2006,
ICELAND,Same-day visitors (excursionists),Thousands,2006,
INDIA,Total trips,Thousands,2006,
INDIA,Overnights visitors (tourists),Thousands,2006,
INDIA,Same-day visitors (excursionists),Thousands,2006,
INDONESIA,Total trips,Thousands,2006,
INDONESIA,Overnights visitors (tourists),Thousands,2006,
INDONESIA,Same-day visitors (excursionists),Thousands,2006,
"IRAN, ISLAMIC REPUBLIC OF",Total trips,Thousands,2006,
"IRAN, ISLAMIC REPUBLIC OF",Overnights visitors (tourists),Thousands,2006,
"IRAN, ISLAMIC REPUBLIC OF",Same-day visitors (excursionists),Thousands,2006,
IRAQ,Total trips,Thousands,2006,
IRAQ,Overnights visitors (tourists),Thousands,2006,
IRAQ,Same-day visitors (excursionists),Thousands,2006,
IRELAND,Total trips,Thousands,2006,
IRELAND,Overnights visitors (tourists),Thousands,2006,
IRELAND,Same-day visitors (excursionists),Thousands,2006,
ISRAEL,Total trips,Thousands,2006,
ISRAEL,Overnights visitors (tourists),Thousands,2006,
ISRAEL,Same-day visitors (excursionists),Thousands,2006,
ITALY,Total trips,Thousands,2006,
ITALY,Overnights visitors (tourists),Thousands,2006,
ITALY,Same-day visitors (excursionists),Thousands,2006,
JAMAICA,Total trips,Thousands,2006,
JAMAICA,Overnights visitors (tourists),Thousands,2006,
JAMAICA,Same-day visitors (excursionists),Thousands,2006,
JAPAN,Total trips,Thousands,2006,
JAPAN,Overnights visitors (tourists),Thousands,2006,
JAPAN,Same-day visitors (excursionists),Thousands,2006,
JORDAN,Total trips,Thousands,2006,
JORDAN,Overnights visitors (tourists),Thousands,2006,
JORDAN,Same-day visitors (excursionists),Thousands,2006,
KAZAKHSTAN,Total trips,Thousands,2006,
KAZAKHSTAN,Overnights visitors (tourists),Thousands,2006,
KAZAKHSTAN,Same-day visitors (excursionists),Thousands,2006,
KENYA,Total trips,Thousands,2006,
KENYA,Overnights visitors (tourists),Thousands,2006,
KENYA,Same-day visitors (excursionists),Thousands,2006,
KIRIBATI,Total trips,Thousands,2006,
KIRIBATI,Overnights visitors (tourists),Thousands,2006,
KIRIBATI,Same-day visitors (excursionists),Thousands,2006,
"KOREA, DEMOCRATIC PEOPLE´S REPUBLIC OF",Total trips,Thousands,2006,
"KOREA, DEMOCRATIC PEOPLE´S REPUBLIC OF",Overnights visitors (tourists),Thousands,2006,
"KOREA, DEMOCRATIC PEOPLE´S REPUBLIC OF",Same-day visitors (excursionists),Thousands,2006,
"KOREA, REPUBLIC OF",Total trips,Thousands,2006,
"KOREA, REPUBLIC OF",Overnights visitors (tourists),Thousands,2006,
"KOREA, REPUBLIC OF",Same-day visitors (excursionists),Thousands,2006,
KUWAIT,Total trips,Thousands,2006,
KUWAIT,Overnights visitors (tourists),Thousands,2006,
KUWAIT,Same-day visitors (excursionists),Thousands,2006,
KYRGYZSTAN,Total trips,Thousands,2006,
KYRGYZSTAN,Overnights visitors (tourists),Thousands,2006,
KYRGYZSTAN,Same-day visitors (excursionists),Thousands,2006,
LAO PEOPLE´S DEMOCRATIC REPUBLIC,Total trips,Thousands,2006,
LAO PEOPLE´S DEMOCRATIC REPUBLIC,Overnights visitors (tourists),Thousands,2006,
LAO PEOPLE´S DEMOCRATIC REPUBLIC,Same-day visitors (excursionists),Thousands,2006,
LATVIA,Total trips,Thousands,2006,
LATVIA,Overnights visitors (tourists),Thousands,2006,
LATVIA,Same-day visitors (excursionists),Thousands,2006,
LEBANON,Total trips,Thousands,2006,
LEBANON,Overnights visitors (tourists),Thousands,2006,
LEBANON,Same-day visitors (excursionists),Thousands,2006,
LESOTHO,Total trips,Thousands,2006,
LESOTHO,Overnights visitors (tourists),Thousands,2006,
LESOTHO,Same-day visitors (excursionists),Thousands,2006,
LIBERIA,Total trips,Thousands,2006,
LIBERIA,Overnights visitors (tourists),Thousands,2006,
LIBERIA,Same-day visitors (excursionists),Thousands,2006,
LIBYA,Total trips,Thousands,2006,
LIBYA,Overnights visitors (tourists),Thousands,2006,
LIBYA,Same-day visitors (excursionists),Thousands,2006,
LIECHTENSTEIN,Total trips,Thousands,2006,
LIECHTENSTEIN,Overnights visitors (tourists),Thousands,2006,
LIECHTENSTEIN,Same-day visitors (excursionists),Thousands,2006,
LITHUANIA,Total trips,Thousands,2006,
LITHUANIA,Overnights visitors (tourists),Thousands,2006,
LITHUANIA,Same-day visitors (excursionists),Thousands,2006,
LUXEMBOURG,Total trips,Thousands,2006,
LUXEMBOURG,Overnights visitors (tourists),Thousands,2006,
LUXEMBOURG,Same-day visitors (excursionists),Thousands,2006,
"MACAO, CHINA",Total trips,Thousands,2006,
"MACAO, CHINA",Overnights visitors (tourists),Thousands,2006,
"MACAO, CHINA",Same-day visitors (excursionists),Thousands,2006,
MADAGASCAR,Total trips,Thousands,2006,
MADAGASCAR,Overnights visitors (tourists),Thousands,2006,
MADAGASCAR,Same-day visitors (excursionists),Thousands,2006,
MALAWI,Total trips,Thousands,2006,
MALAWI,Overnights visitors (tourists),Thousands,2006,
MALAWI,Same-day visitors (excursionists),Thousands,2006,
MALAYSIA,Total trips,Thousands,2006,
MALAYSIA,Overnights visitors (tourists),Thousands,2006,
MALAYSIA,Same-day visitors (excursionists),Thousands,2006,
MALDIVES,Total trips,Thousands,2006,
MALDIVES,Overnights visitors (tourists),Thousands,2006,
MALDIVES,Same-day visitors (excursionists),Thousands,2006,
MALI,Total trips,Thousands,2006,
MALI,Overnights visitors (tourists),Thousands,2006,47.0
MALI,Same-day visitors (excursionists),Thousands,2006,
MALTA,Total trips,Thousands,2006,
MALTA,Overnights visitors (tourists),Thousands,2006,
MALTA,Same-day visitors (excursionists),Thousands,2006,
MARSHALL ISLANDS,Total trips,Thousands,2006,
MARSHALL ISLANDS,Overnights visitors (tourists),Thousands,2006,
MARSHALL ISLANDS,Same-day visitors (excursionists),Thousands,2006,
MARTINIQUE,Total trips,Thousands,2006,
MARTINIQUE,Overnights visitors (tourists),Thousands,2006,
MARTINIQUE,Same-day visitors (excursionists),Thousands,2006,
MAURITANIA,Total trips,Thousands,2006,
MAURITANIA,Overnights visitors (tourists),Thousands,2006,
MAURITANIA,Same-day visitors (excursionists),Thousands,2006,
MAURITIUS,Total trips,Thousands,2006,
MAURITIUS,Overnights visitors (tourists),Thousands,2006,
MAURITIUS,Same-day visitors (excursionists),Thousands,2006,
MEXICO,Total trips,Thousands,2006,
MEXICO,Overnights visitors (tourists),Thousands,2006,
MEXICO,Same-day visitors (excursionists),Thousands,2006,
"MICRONESIA, FEDERATED STATES OF",Total trips,Thousands,2006,
"MICRONESIA, FEDERATED STATES OF",Overnights visitors (tourists),Thousands,2006,
"MICRONESIA, FEDERATED STATES OF",Same-day visitors (excursionists),Thousands,2006,
"MOLDOVA, REPUBLIC OF",Total trips,Thousands,2006,
"MOLDOVA, REPUBLIC OF",Overnights visitors (tourists),Thousands,2006,
"MOLDOVA, REPUBLIC OF",Same-day visitors (excursionists),Thousands,2006,
MONACO,Total trips,Thousands,2006,
MONACO,Overnights visitors (tourists),Thousands,2006,
MONACO,Same-day visitors (excursionists),Thousands,2006,
MONGOLIA,Total trips,Thousands,2006,
MONGOLIA,Overnights visitors (tourists),Thousands,2006,
MONGOLIA,Same-day visitors (excursionists),Thousands,2006,
MONTENEGRO,Total trips,Thousands,2006,
MONTENEGRO,Overnights visitors (tourists),Thousands,2006,
MONTENEGRO,Same-day visitors (excursionists),Thousands,2006,
MONTSERRAT,Total trips,Thousands,2006,
MONTSERRAT,Overnights visitors (tourists),Thousands,2006,
MONTSERRAT,Same-day visitors (excursionists),Thousands,2006,
MOROCCO,Total trips,Thousands,2006,
MOROCCO,Overnights visitors (tourists),Thousands,2006,
MOROCCO,Same-day visitors (excursionists),Thousands,2006,
MOZAMBIQUE,Total trips,Thousands,2006,
MOZAMBIQUE,Overnights visitors (tourists),Thousands,2006,
MOZAMBIQUE,Same-day visitors (excursionists),Thousands,2006,
MYANMAR,Total trips,Thousands,2006,
MYANMAR,Overnights visitors (tourists),Thousands,2006,
MYANMAR,Same-day visitors (excursionists),Thousands,2006,
NAMIBIA,Total trips,Thousands,2006,
NAMIBIA,Overnights visitors (tourists),Thousands,2006,
NAMIBIA,Same-day visitors (excursionists),Thousands,2006,
NAURU,Total trips,Thousands,2006,
NAURU,Overnights visitors (tourists),Thousands,2006,
NAURU,Same-day visitors (excursionists),Thousands,2006,
NEPAL,Total trips,Thousands,2006,
NEPAL,Overnights visitors (tourists),Thousands,2006,
NEPAL,Same-day visitors (excursionists),Thousands,2006,
NETHERLANDS,Total trips,Thousands,2006,
NETHERLANDS,Overnights visitors (tourists),Thousands,2006,
NETHERLANDS,Same-day visitors (excursionists),Thousands,2006,
NEW CALEDONIA,Total trips,Thousands,2006,
NEW CALEDONIA,Overnights visitors (tourists),Thousands,2006,
NEW CALEDONIA,Same-day visitors (excursionists),Thousands,2006,
NEW ZEALAND,Total trips,Thousands,2006,
NEW ZEALAND,Overnights visitors (tourists),Thousands,2006,
NEW ZEALAND,Same-day visitors (excursionists),Thousands,2006,
NICARAGUA,Total trips,Thousands,2006,
NICARAGUA,Overnights visitors (tourists),Thousands,2006,
NICARAGUA,Same-day visitors (excursionists),Thousands,2006,
NIGER,Total trips,Thousands,2006,
NIGER,Overnights visitors (tourists),Thousands,2006,
NIGER,Same-day visitors (excursionists),Thousands,2006,
NIGERIA,Total trips,Thousands,2006,
NIGERIA,Overnights visitors (tourists),Thousands,2006,
NIGERIA,Same-day visitors (excursionists),Thousands,2006,
NIUE,Total trips,Thousands,2006,
NIUE,Overnights visitors (tourists),Thousands,2006,
NIUE,Same-day visitors (excursionists),Thousands,2006,
NORTH MACEDONIA,Total trips,Thousands,2006,
NORTH MACEDONIA,Overnights visitors (tourists),Thousands,2006,
NORTH MACEDONIA,Same-day visitors (excursionists),Thousands,2006,
NORTHERN MARIANA ISLANDS,Total trips,Thousands,2006,
NORTHERN MARIANA ISLANDS,Overnights visitors (tourists),Thousands,2006,
NORTHERN MARIANA ISLANDS,Same-day visitors (excursionists),Thousands,2006,
NORWAY,Total trips,Thousands,2006,
NORWAY,Overnights visitors (tourists),Thousands,2006,
NORWAY,Same-day visitors (excursionists),Thousands,2006,
OMAN,Total trips,Thousands,2006,
OMAN,Overnights visitors (tourists),Thousands,2006,
OMAN,Same-day visitors (excursionists),Thousands,2006,
PAKISTAN,Total trips,Thousands,2006,
PAKISTAN,Overnights visitors (tourists),Thousands,2006,
PAKISTAN,Same-day visitors (excursionists),Thousands,2006,
PALAU,Total trips,Thousands,2006,
PALAU,Overnights visitors (tourists),Thousands,2006,
PALAU,Same-day visitors (excursionists),Thousands,2006,
PANAMA,Total trips,Thousands,2006,
PANAMA,Overnights visitors (tourists),Thousands,2006,
PANAMA,Same-day visitors (excursionists),Thousands,2006,
PAPUA NEW GUINEA,Total trips,Thousands,2006,
PAPUA NEW GUINEA,Overnights visitors (tourists),Thousands,2006,
PAPUA NEW GUINEA,Same-day visitors (excursionists),Thousands,2006,
PARAGUAY,Total trips,Thousands,2006,
PARAGUAY,Overnights visitors (tourists),Thousands,2006,
PARAGUAY,Same-day visitors (excursionists),Thousands,2006,
PERU,Total trips,Thousands,2006,
PERU,Overnights visitors (tourists),Thousands,2006,
PERU,Same-day visitors (excursionists),Thousands,2006,
PHILIPPINES,Total trips,Thousands,2006,
PHILIPPINES,Overnights visitors (tourists),Thousands,2006,
PHILIPPINES,Same-day visitors (excursionists),Thousands,2006,
POLAND,Total trips,Thousands,2006,
POLAND,Overnights visitors (tourists),Thousands,2006,
POLAND,Same-day visitors (excursionists),Thousands,2006,
PORTUGAL,Total trips,Thousands,2006,
PORTUGAL,Overnights visitors (tourists),Thousands,2006,
PORTUGAL,Same-day visitors (excursionists),Thousands,2006,
PUERTO RICO,Total trips,Thousands,2006,
PUERTO RICO,Overnights visitors (tourists),Thousands,2006,
PUERTO RICO,Same-day visitors (excursionists),Thousands,2006,
QATAR,Total trips,Thousands,2006,
QATAR,Overnights visitors (tourists),Thousands,2006,
QATAR,Same-day visitors (excursionists),Thousands,2006,
REUNION,Total trips,Thousands,2006,
REUNION,Overnights visitors (tourists),Thousands,2006,
REUNION,Same-day visitors (excursionists),Thousands,2006,
ROMANIA,Total trips,Thousands,2006,
ROMANIA,Overnights visitors (tourists),Thousands,2006,
ROMANIA,Same-day visitors (excursionists),Thousands,2006,
RUSSIAN FEDERATION,Total trips,Thousands,2006,
RUSSIAN FEDERATION,Overnights visitors (tourists),Thousands,2006,
RUSSIAN FEDERATION,Same-day visitors (excursionists),Thousands,2006,
RWANDA,Total trips,Thousands,2006,
RWANDA,Overnights visitors (tourists),Thousands,2006,
RWANDA,Same-day visitors (excursionists),Thousands,2006,
SABA,Total trips,Thousands,2006,
SABA,Overnights visitors (tourists),Thousands,2006,
SABA,Same-day visitors (excursionists),Thousands,2006,
SAINT KITTS AND NEVIS,Total trips,Thousands,2006,
SAINT KITTS AND NEVIS,Overnights visitors (tourists),Thousands,2006,
SAINT KITTS AND NEVIS,Same-day visitors (excursionists),Thousands,2006,
SAINT LUCIA,Total trips,Thousands,2006,
SAINT LUCIA,Overnights visitors (tourists),Thousands,2006,
SAINT LUCIA,Same-day visitors (excursionists),Thousands,2006,
SAINT VINCENT AND THE GRENADINES,Total trips,Thousands,2006,
SAINT VINCENT AND THE GRENADINES,Overnights visitors (tourists),Thousands,2006,
SAINT VINCENT AND THE GRENADINES,Same-day visitors (excursionists),Thousands,2006,
SAMOA,Total trips,Thousands,2006,
SAMOA,Overnights visitors (tourists),Thousands,2006,
SAMOA,Same-day visitors (excursionists),Thousands,2006,
SAN MARINO,Total trips,Thousands,2006,
SAN MARINO,Overnights visitors (tourists),Thousands,2006,
SAN MARINO,Same-day visitors (excursionists),Thousands,2006,
SAO TOME AND PRINCIPE,Total trips,Thousands,2006,
SAO TOME AND PRINCIPE,Overnights visitors (tourists),Thousands,2006,
SAO TOME AND PRINCIPE,Same-day visitors (excursionists),Thousands,2006,
SAUDI ARABIA,Total trips,Thousands,2006,
SAUDI ARABIA,Overnights visitors (tourists),Thousands,2006,
SAUDI ARABIA,Same-day visitors (excursionists),Thousands,2006,
SENEGAL,Total trips,Thousands,2006,
SENEGAL,Overnights visitors (tourists),Thousands,2006,
SENEGAL,Same-day visitors (excursionists),Thousands,2006,
SERBIA,Total trips,Thousands,2006,
SERBIA,Overnights visitors (tourists),Thousands,2006,
SERBIA,Same-day visitors (excursionists),Thousands,2006,
SERBIA AND MONTENEGRO,Total trips,Thousands,2006,
SERBIA AND MONTENEGRO,Overnights visitors (tourists),Thousands,2006,
SERBIA AND MONTENEGRO,Same-day visitors (excursionists),Thousands,2006,
SEYCHELLES,Total trips,Thousands,2006,
SEYCHELLES,Overnights visitors (tourists),Thousands,2006,
SEYCHELLES,Same-day visitors (excursionists),Thousands,2006,
SIERRA LEONE,Total trips,Thousands,2006,
SIERRA LEONE,Overnights visitors (tourists),Thousands,2006,
SIERRA LEONE,Same-day visitors (excursionists),Thousands,2006,
SINGAPORE,Total trips,Thousands,2006,
SINGAPORE,Overnights visitors (tourists),Thousands,2006,
SINGAPORE,Same-day visitors (excursionists),Thousands,2006,
SINT EUSTATIUS,Total trips,Thousands,2006,
SINT EUSTATIUS,Overnights visitors (tourists),Thousands,2006,
SINT EUSTATIUS,Same-day visitors (excursionists),Thousands,2006,
SINT MAARTEN (DUTCH PART),Total trips,Thousands,2006,
SINT MAARTEN (DUTCH PART),Overnights visitors (tourists),Thousands,2006,
SINT MAARTEN (DUTCH PART),Same-day visitors (excursionists),Thousands,2006,
SLOVAKIA,Total trips,Thousands,2006,
SLOVAKIA,Overnights visitors (tourists),Thousands,2006,
SLOVAKIA,Same-day visitors (excursionists),Thousands,2006,
SLOVENIA,Total trips,Thousands,2006,
SLOVENIA,Overnights visitors (tourists),Thousands,2006,
SLOVENIA,Same-day visitors (excursionists),Thousands,2006,
SOLOMON ISLANDS,Total trips,Thousands,2006,
SOLOMON ISLANDS,Overnights visitors (tourists),Thousands,2006,
SOLOMON ISLANDS,Same-day visitors (excursionists),Thousands,2006,
SOMALIA,Total trips,Thousands,2006,
SOMALIA,Overnights visitors (tourists),Thousands,2006,
SOMALIA,Same-day visitors (excursionists),Thousands,2006,
SOUTH AFRICA,Total trips,Thousands,2006,
SOUTH AFRICA,Overnights visitors (tourists),Thousands,2006,
SOUTH AFRICA,Same-day visitors (excursionists),Thousands,2006,
SOUTH SUDAN,Total trips,Thousands,2006,
SOUTH SUDAN,Overnights visitors (tourists),Thousands,2006,
SOUTH SUDAN,Same-day visitors (excursionists),Thousands,2006,
SPAIN,Total trips,Thousands,2006,
SPAIN,Overnights visitors (tourists),Thousands,2006,
SPAIN,Same-day visitors (excursionists),Thousands,2006,
SRI LANKA,Total trips,Thousands,2006,
SRI LANKA,Overnights visitors (tourists),Thousands,2006,
SRI LANKA,Same-day visitors (excursionists),Thousands,2006,
STATE OF PALESTINE,Total trips,Thousands,2006,
STATE OF PALESTINE,Overnights visitors (tourists),Thousands,2006,
STATE OF PALESTINE,Same-day visitors (excursionists),Thousands,2006,
SUDAN,Total trips,Thousands,2006,
SUDAN,Overnights visitors (tourists),Thousands,2006,
SUDAN,Same-day visitors (excursionists),Thousands,2006,
SURINAME,Total trips,Thousands,2006,
SURINAME,Overnights visitors (tourists),Thousands,2006,
SURINAME,Same-day visitors (excursionists),Thousands,2006,
SWEDEN,Total trips,Thousands,2006,
SWEDEN,Overnights visitors (tourists),Thousands,2006,
SWEDEN,Same-day visitors (excursionists),Thousands,2006,
SWITZERLAND,Total trips,Thousands,2006,
SWITZERLAND,Overnights visitors (tourists),Thousands,2006,
SWITZERLAND,Same-day visitors (excursionists),Thousands,2006,
SYRIAN ARAB REPUBLIC,Total trips,Thousands,2006,
SYRIAN ARAB REPUBLIC,Overnights visitors (tourists),Thousands,2006,
SYRIAN ARAB REPUBLIC,Same-day visitors (excursionists),Thousands,2006,
TAIWAN PROVINCE OF CHINA,Total trips,Thousands,2006,
TAIWAN PROVINCE OF CHINA,Overnights visitors (tourists),Thousands,2006,
TAIWAN PROVINCE OF CHINA,Same-day visitors (excursionists),Thousands,2006,
TAJIKISTAN,Total trips,Thousands,2006,
TAJIKISTAN,Overnights visitors (tourists),Thousands,2006,
TAJIKISTAN,Same-day visitors (excursionists),Thousands,2006,
"TANZANIA, UNITED REPUBLIC OF",Total trips,Thousands,2006,
"TANZANIA, UNITED REPUBLIC OF",Overnights visitors (tourists),Thousands,2006,
"TANZANIA, UNITED REPUBLIC OF",Same-day visitors (excursionists),Thousands,2006,
THAILAND,Total trips,Thousands,2006,
THAILAND,Overnights visitors (tourists),Thousands,2006,
THAILAND,Same-day visitors (excursionists),Thousands,2006,
TIMOR-LESTE,Total trips,Thousands,2006,
TIMOR-LESTE,Overnights visitors (tourists),Thousands,2006,
TIMOR-LESTE,Same-day visitors (excursionists),Thousands,2006,
TOGO,Total trips,Thousands,2006,
TOGO,Overnights visitors (tourists),Thousands,2006,
TOGO,Same-day visitors (excursionists),Thousands,2006,
TONGA,Total trips,Thousands,2006,
TONGA,Overnights visitors (tourists),Thousands,2006,
TONGA,Same-day visitors (excursionists),Thousands,2006,
TRINIDAD AND TOBAGO,Total trips,Thousands,2006,
TRINIDAD AND TOBAGO,Overnights visitors (tourists),Thousands,2006,
TRINIDAD AND TOBAGO,Same-day visitors (excursionists),Thousands,2006,
TUNISIA,Total trips,Thousands,2006,
TUNISIA,Overnights visitors (tourists),Thousands,2006,
TUNISIA,Same-day visitors (excursionists),Thousands,2006,
TÜRKIYE,Total trips,Thousands,2006,
TÜRKIYE,Overnights visitors (tourists),Thousands,2006,
TÜRKIYE,Same-day visitors (excursionists),Thousands,2006,
TURKMENISTAN,Total trips,Thousands,2006,
TURKMENISTAN,Overnights visitors (tourists),Thousands,2006,
TURKMENISTAN,Same-day visitors (excursionists),Thousands,2006,
TURKS AND CAICOS ISLANDS,Total trips,Thousands,2006,
TURKS AND CAICOS ISLANDS,Overnights visitors (tourists),Thousands,2006,
TURKS AND CAICOS ISLANDS,Same-day visitors (excursionists),Thousands,2006,
TUVALU,Total trips,Thousands,2006,
TUVALU,Overnights visitors (tourists),Thousands,2006,
TUVALU,Same-day visitors (excursionists),Thousands,2006,
UGANDA,Total trips,Thousands,2006,
UGANDA,Overnights visitors (tourists),Thousands,2006,
UGANDA,Same-day visitors (excursionists),Thousands,2006,
UKRAINE,Total trips,Thousands,2006,
UKRAINE,Overnights visitors (tourists),Thousands,2006,
UKRAINE,Same-day visitors (excursionists),Thousands,2006,
UNITED ARAB EMIRATES,Total trips,Thousands,2006,
UNITED ARAB EMIRATES,Overnights visitors (tourists),Thousands,2006,
UNITED ARAB EMIRATES,Same-day visitors (excursionists),Thousands,2006,
UNITED KINGDOM,Total trips,Thousands,2006,
UNITED KINGDOM,Overnights visitors (tourists),Thousands,2006,
UNITED KINGDOM,Same-day visitors (excursionists),Thousands,2006,
UNITED STATES OF AMERICA,Total trips,Thousands,2006,
UNITED STATES OF AMERICA,Overnights visitors (tourists),Thousands,2006,
UNITED STATES OF AMERICA,Same-day visitors (excursionists),Thousands,2006,
UNITED STATES VIRGIN ISLANDS,Total trips,Thousands,2006,
UNITED STATES VIRGIN ISLANDS,Overnights visitors (tourists),Thousands,2006,
UNITED STATES VIRGIN ISLANDS,Same-day visitors (excursionists),Thousands,2006,
URUGUAY,Total trips,Thousands,2006,
URUGUAY,Overnights visitors (tourists),Thousands,2006,
URUGUAY,Same-day visitors (excursionists),Thousands,2006,
UZBEKISTAN,Total trips,Thousands,2006,
UZBEKISTAN,Overnights visitors (tourists),Thousands,2006,
UZBEKISTAN,Same-day visitors (excursionists),Thousands,2006,
VANUATU,Total trips,Thousands,2006,
VANUATU,Overnights visitors (tourists),Thousands,2006,
VANUATU,Same-day visitors (excursionists),Thousands,2006,
"VENEZUELA, BOLIVARIAN REPUBLIC OF",Total trips,Thousands,2006,
"VENEZUELA, BOLIVARIAN REPUBLIC OF",Overnights visitors (tourists),Thousands,2006,
"VENEZUELA, BOLIVARIAN REPUBLIC OF",Same-day visitors (excursionists),Thousands,2006,
VIET NAM,Total trips,Thousands,2006,
VIET NAM,Overnights visitors (tourists),Thousands,2006,
VIET NAM,Same-day visitors (excursionists),Thousands,2006,
YEMEN,Total trips,Thousands,2006,
YEMEN,Overnights visitors (tourists),Thousands,2006,
YEMEN,Same-day visitors (excursionists),Thousands,2006,
ZAMBIA,Total trips,Thousands,2006,
ZAMBIA,Overnights visitors (tourists),Thousands,2006,
ZAMBIA,Same-day visitors (excursionists),Thousands,2006,
ZIMBABWE,Total trips,Thousands,2006,
ZIMBABWE,Overnights visitors (tourists),Thousands,2006,
ZIMBABWE,Same-day visitors (excursionists),Thousands,2006,
AFGHANISTAN,Total trips,Thousands,2007,
AFGHANISTAN,Overnights visitors (tourists),Thousands,2007,
AFGHANISTAN,Same-day visitors (excursionists),Thousands,2007,
ALBANIA,Total trips,Thousands,2007,
ALBANIA,Overnights visitors (tourists),Thousands,2007,
ALBANIA,Same-day visitors (excursionists),Thousands,2007,
ALGERIA,Total trips,Thousands,2007,
ALGERIA,Overnights visitors (tourists),Thousands,2007,
ALGERIA,Same-day visitors (excursionists),Thousands,2007,
AMERICAN SAMOA,Total trips,Thousands,2007,
AMERICAN SAMOA,Overnights visitors (tourists),Thousands,2007,
AMERICAN SAMOA,Same-day visitors (excursionists),Thousands,2007,
ANDORRA,Total trips,Thousands,2007,
ANDORRA,Overnights visitors (tourists),Thousands,2007,
ANDORRA,Same-day visitors (excursionists),Thousands,2007,
ANGOLA,Total trips,Thousands,2007,
ANGOLA,Overnights visitors (tourists),Thousands,2007,
ANGOLA,Same-day visitors (excursionists),Thousands,2007,
ANGUILLA,Total trips,Thousands,2007,
ANGUILLA,Overnights visitors (tourists),Thousands,2007,
ANGUILLA,Same-day visitors (excursionists),Thousands,2007,
ANTIGUA AND BARBUDA,Total trips,Thousands,2007,
ANTIGUA AND BARBUDA,Overnights visitors (tourists),Thousands,2007,
ANTIGUA AND BARBUDA,Same-day visitors (excursionists),Thousands,2007,
ARGENTINA,Total trips,Thousands,2007,
ARGENTINA,Overnights visitors (tourists),Thousands,2007,
ARGENTINA,Same-day visitors (excursionists),Thousands,2007,
ARMENIA,Total trips,Thousands,2007,
ARMENIA,Overnights visitors (tourists),Thousands,2007,
ARMENIA,Same-day visitors (excursionists),Thousands,2007,
ARUBA,Total trips,Thousands,2007,
ARUBA,Overnights visitors (tourists),Thousands,2007,
ARUBA,Same-day visitors (excursionists),Thousands,2007,
AUSTRALIA,Total trips,Thousands,2007,
AUSTRALIA,Overnights visitors (tourists),Thousands,2007,
AUSTRALIA,Same-day visitors (excursionists),Thousands,2007,
AUSTRIA,Total trips,Thousands,2007,
AUSTRIA,Overnights visitors (tourists),Thousands,2007,
AUSTRIA,Same-day visitors (excursionists),Thousands,2007,
AZERBAIJAN,Total trips,Thousands,2007,
AZERBAIJAN,Overnights visitors (tourists),Thousands,2007,
AZERBAIJAN,Same-day visitors (excursionists),Thousands,2007,
BAHAMAS,Total trips,Thousands,2007,
BAHAMAS,Overnights visitors (tourists),Thousands,2007,
BAHAMAS,Same-day visitors (excursionists),Thousands,2007,
BAHRAIN,Total trips,Thousands,2007,
BAHRAIN,Overnights visitors (tourists),Thousands,2007,
BAHRAIN,Same-day visitors (excursionists),Thousands,2007,
BANGLADESH,Total trips,Thousands,2007,
BANGLADESH,Overnights visitors (tourists),Thousands,2007,
BANGLADESH,Same-day visitors (excursionists),Thousands,2007,
BARBADOS,Total trips,Thousands,2007,
BARBADOS,Overnights visitors (tourists),Thousands,2007,
BARBADOS,Same-day visitors (excursionists),Thousands,2007,
BELARUS,Total trips,Thousands,2007,
BELARUS,Overnights visitors (tourists),Thousands,2007,
BELARUS,Same-day visitors (excursionists),Thousands,2007,
BELGIUM,Total trips,Thousands,2007,
BELGIUM,Overnights visitors (tourists),Thousands,2007,
BELGIUM,Same-day visitors (excursionists),Thousands,2007,
BELIZE,Total trips,Thousands,2007,
BELIZE,Overnights visitors (tourists),Thousands,2007,
BELIZE,Same-day visitors (excursionists),Thousands,2007,
BENIN,Total trips,Thousands,2007,
BENIN,Overnights visitors (tourists),Thousands,2007,
BENIN,Same-day visitors (excursionists),Thousands,2007,
BERMUDA,Total trips,Thousands,2007,
BERMUDA,Overnights visitors (tourists),Thousands,2007,
BERMUDA,Same-day visitors (excursionists),Thousands,2007,
BHUTAN,Total trips,Thousands,2007,
BHUTAN,Overnights visitors (tourists),Thousands,2007,
BHUTAN,Same-day visitors (excursionists),Thousands,2007,
"BOLIVIA, PLURINATIONAL STATE OF",Total trips,Thousands,2007,
"BOLIVIA, PLURINATIONAL STATE OF",Overnights visitors (tourists),Thousands,2007,
"BOLIVIA, PLURINATIONAL STATE OF",Same-day visitors (excursionists),Thousands,2007,
BONAIRE,Total trips,Thousands,2007,
BONAIRE,Overnights visitors (tourists),Thousands,2007,
BONAIRE,Same-day visitors (excursionists),Thousands,2007,
BOSNIA AND HERZEGOVINA,Total trips,Thousands,2007,
BOSNIA AND HERZEGOVINA,Overnights visitors (tourists),Thousands,2007,
BOSNIA AND HERZEGOVINA,Same-day visitors (excursionists),Thousands,2007,
BOTSWANA,Total trips,Thousands,2007,
BOTSWANA,Overnights visitors (tourists),Thousands,2007,
BOTSWANA,Same-day visitors (excursionists),Thousands,2007,
BRAZIL,Total trips,Thousands,2007,
BRAZIL,Overnights visitors (tourists),Thousands,2007,
BRAZIL,Same-day visitors (excursionists),Thousands,2007,
BRITISH VIRGIN ISLANDS,Total trips,Thousands,2007,
BRITISH VIRGIN ISLANDS,Overnights visitors (tourists),Thousands,2007,
BRITISH VIRGIN ISLANDS,Same-day visitors (excursionists),Thousands,2007,
BRUNEI DARUSSALAM,Total trips,Thousands,2007,
BRUNEI DARUSSALAM,Overnights visitors (tourists),Thousands,2007,
BRUNEI DARUSSALAM,Same-day visitors (excursionists),Thousands,2007,
BULGARIA,Total trips,Thousands,2007,
BULGARIA,Overnights visitors (tourists),Thousands,2007,
BULGARIA,Same-day visitors (excursionists),Thousands,2007,
BURKINA FASO,Total trips,Thousands,2007,
BURKINA FASO,Overnights visitors (tourists),Thousands,2007,
BURKINA FASO,Same-day visitors (excursionists),Thousands,2007,
BURUNDI,Total trips,Thousands,2007,
BURUNDI,Overnights visitors (tourists),Thousands,2007,
BURUNDI,Same-day visitors (excursionists),Thousands,2007,
CABO VERDE,Total trips,Thousands,2007,
CABO VERDE,Overnights visitors (tourists),Thousands,2007,
CABO VERDE,Same-day visitors (excursionists),Thousands,2007,
CAMBODIA,Total trips,Thousands,2007,
CAMBODIA,Overnights visitors (tourists),Thousands,2007,
CAMBODIA,Same-day visitors (excursionists),Thousands,2007,
CAMEROON,Total trips,Thousands,2007,
CAMEROON,Overnights visitors (tourists),Thousands,2007,
CAMEROON,Same-day visitors (excursionists),Thousands,2007,
CANADA,Total trips,Thousands,2007,
CANADA,Overnights visitors (tourists),Thousands,2007,
CANADA,Same-day visitors (excursionists),Thousands,2007,
CAYMAN ISLANDS,Total trips,Thousands,2007,
CAYMAN ISLANDS,Overnights visitors (tourists),Thousands,2007,
CAYMAN ISLANDS,Same-day visitors (excursionists),Thousands,2007,
CENTRAL AFRICAN REPUBLIC,Total trips,Thousands,2007,
CENTRAL AFRICAN REPUBLIC,Overnights visitors (tourists),Thousands,2007,
CENTRAL AFRICAN REPUBLIC,Same-day visitors (excursionists),Thousands,2007,
CHAD,Total trips,Thousands,2007,
CHAD,Overnights visitors (tourists),Thousands,2007,
CHAD,Same-day visitors (excursionists),Thousands,2007,
CHILE,Total trips,Thousands,2007,
CHILE,Overnights visitors (tourists),Thousands,2007,
CHILE,Same-day visitors (excursionists),Thousands,2007,
CHINA,Total trips,Thousands,2007,
CHINA,Overnights visitors (tourists),Thousands,2007,
CHINA,Same-day visitors (excursionists),Thousands,2007,
COLOMBIA,Total trips,Thousands,2007,
COLOMBIA,Overnights visitors (tourists),Thousands,2007,
COLOMBIA,Same-day visitors (excursionists),Thousands,2007,
COMOROS,Total trips,Thousands,2007,
COMOROS,Overnights visitors (tourists),Thousands,2007,
COMOROS,Same-day visitors (excursionists),Thousands,2007,
CONGO,Total trips,Thousands,2007,
CONGO,Overnights visitors (tourists),Thousands,2007,
CONGO,Same-day visitors (excursionists),Thousands,2007,
"CONGO, DEMOCRATIC REPUBLIC OF THE",Total trips,Thousands,2007,
"CONGO, DEMOCRATIC REPUBLIC OF THE",Overnights visitors (tourists),Thousands,2007,
"CONGO, DEMOCRATIC REPUBLIC OF THE",Same-day visitors (excursionists),Thousands,2007,
COOK ISLANDS,Total trips,Thousands,2007,
COOK ISLANDS,Overnights visitors (tourists),Thousands,2007,
COOK ISLANDS,Same-day visitors (excursionists),Thousands,2007,
COSTA RICA,Total trips,Thousands,2007,
COSTA RICA,Overnights visitors (tourists),Thousands,2007,
COSTA RICA,Same-day visitors (excursionists),Thousands,2007,
COTE D´IVOIRE,Total trips,Thousands,2007,
COTE D´IVOIRE,Overnights visitors (tourists),Thousands,2007,
COTE D´IVOIRE,Same-day visitors (excursionists),Thousands,2007,
CROATIA,Total trips,Thousands,2007,
CROATIA,Overnights visitors (tourists),Thousands,2007,
CROATIA,Same-day visitors (excursionists),Thousands,2007,
CUBA,Total trips,Thousands,2007,
CUBA,Overnights visitors (tourists),Thousands,2007,
CUBA,Same-day visitors (excursionists),Thousands,2007,
CURAÇAO,Total trips,Thousands,2007,
CURAÇAO,Overnights visitors (tourists),Thousands,2007,
CURAÇAO,Same-day visitors (excursionists),Thousands,2007,
CYPRUS,Total trips,Thousands,2007,
CYPRUS,Overnights visitors (tourists),Thousands,2007,
CYPRUS,Same-day visitors (excursionists),Thousands,2007,
CZECH REPUBLIC (CZECHIA),Total trips,Thousands,2007,
CZECH REPUBLIC (CZECHIA),Overnights visitors (tourists),Thousands,2007,
CZECH REPUBLIC (CZECHIA),Same-day visitors (excursionists),Thousands,2007,
DENMARK,Total trips,Thousands,2007,
DENMARK,Overnights visitors (tourists),Thousands,2007,
DENMARK,Same-day visitors (excursionists),Thousands,2007,
DJIBOUTI,Total trips,Thousands,2007,
DJIBOUTI,Overnights visitors (tourists),Thousands,2007,
DJIBOUTI,Same-day visitors (excursionists),Thousands,2007,
DOMINICA,Total trips,Thousands,2007,
DOMINICA,Overnights visitors (tourists),Thousands,2007,
DOMINICA,Same-day visitors (excursionists),Thousands,2007,
DOMINICAN REPUBLIC,Total trips,Thousands,2007,
DOMINICAN REPUBLIC,Overnights visitors (tourists),Thousands,2007,
DOMINICAN REPUBLIC,Same-day visitors (excursionists),Thousands,2007,
ECUADOR,Total trips,Thousands,2007,
ECUADOR,Overnights visitors (tourists),Thousands,2007,
ECUADOR,Same-day visitors (excursionists),Thousands,2007,
EGYPT,Total trips,Thousands,2007,
EGYPT,Overnights visitors (tourists),Thousands,2007,
EGYPT,Same-day visitors (excursionists),Thousands,2007,
EL SALVADOR,Total trips,Thousands,2007,
EL SALVADOR,Overnights visitors (tourists),Thousands,2007,
EL SALVADOR,Same-day visitors (excursionists),Thousands,2007,
EQUATORIAL GUINEA,Total trips,Thousands,2007,
EQUATORIAL GUINEA,Overnights visitors (tourists),Thousands,2007,
EQUATORIAL GUINEA,Same-day visitors (excursionists),Thousands,2007,
ERITREA,Total trips,Thousands,2007,
ERITREA,Overnights visitors (tourists),Thousands,2007,
ERITREA,Same-day visitors (excursionists),Thousands,2007,
ESTONIA,Total trips,Thousands,2007,
ESTONIA,Overnights visitors (tourists),Thousands,2007,885.0
ESTONIA,Same-day visitors (excursionists),Thousands,2007,
ESWATINI,Total trips,Thousands,2007,
ESWATINI,Overnights visitors (tourists),Thousands,2007,
ESWATINI,Same-day visitors (excursionists),Thousands,2007,
ETHIOPIA,Total trips,Thousands,2007,
ETHIOPIA,Overnights visitors (tourists),Thousands,2007,
ETHIOPIA,Same-day visitors (excursionists),Thousands,2007,
FIJI,Total trips,Thousands,2007,
FIJI,Overnights visitors (tourists),Thousands,2007,
FIJI,Same-day visitors (excursionists),Thousands,2007,
FINLAND,Total trips,Thousands,2007,
FINLAND,Overnights visitors (tourists),Thousands,2007,
FINLAND,Same-day visitors (excursionists),Thousands,2007,
FRANCE,Total trips,Thousands,2007,
FRANCE,Overnights visitors (tourists),Thousands,2007,
FRANCE,Same-day visitors (excursionists),Thousands,2007,
FRENCH GUIANA,Total trips,Thousands,2007,
FRENCH GUIANA,Overnights visitors (tourists),Thousands,2007,
FRENCH GUIANA,Same-day visitors (excursionists),Thousands,2007,
FRENCH POLYNESIA,Total trips,Thousands,2007,
FRENCH POLYNESIA,Overnights visitors (tourists),Thousands,2007,
FRENCH POLYNESIA,Same-day visitors (excursionists),Thousands,2007,
GABON,Total trips,Thousands,2007,
GABON,Overnights visitors (tourists),Thousands,2007,
GABON,Same-day visitors (excursionists),Thousands,2007,
GAMBIA,Total trips,Thousands,2007,
GAMBIA,Overnights visitors (tourists),Thousands,2007,
GAMBIA,Same-day visitors (excursionists),Thousands,2007,
GEORGIA,Total trips,Thousands,2007,
GEORGIA,Overnights visitors (tourists),Thousands,2007,
GEORGIA,Same-day visitors (excursionists),Thousands,2007,
GERMANY,Total trips,Thousands,2007,
GERMANY,Overnights visitors (tourists),Thousands,2007,
GERMANY,Same-day visitors (excursionists),Thousands,2007,
GHANA,Total trips,Thousands,2007,
GHANA,Overnights visitors (tourists),Thousands,2007,
GHANA,Same-day visitors (excursionists),Thousands,2007,
GREECE,Total trips,Thousands,2007,
GREECE,Overnights visitors (tourists),Thousands,2007,
GREECE,Same-day visitors (excursionists),Thousands,2007,
GRENADA,Total trips,Thousands,2007,
GRENADA,Overnights visitors (tourists),Thousands,2007,
GRENADA,Same-day visitors (excursionists),Thousands,2007,
GUADELOUPE,Total trips,Thousands,2007,
GUADELOUPE,Overnights visitors (tourists),Thousands,2007,
GUADELOUPE,Same-day visitors (excursionists),Thousands,2007,
GUAM,Total trips,Thousands,2007,
GUAM,Overnights visitors (tourists),Thousands,2007,
GUAM,Same-day visitors (excursionists),Thousands,2007,
GUATEMALA,Total trips,Thousands,2007,
GUATEMALA,Overnights visitors (tourists),Thousands,2007,
GUATEMALA,Same-day visitors (excursionists),Thousands,2007,
GUINEA,Total trips,Thousands,2007,
GUINEA,Overnights visitors (tourists),Thousands,2007,
GUINEA,Same-day visitors (excursionists),Thousands,2007,
GUINEA-BISSAU,Total trips,Thousands,2007,
GUINEA-BISSAU,Overnights visitors (tourists),Thousands,2007,
GUINEA-BISSAU,Same-day visitors (excursionists),Thousands,2007,
GUYANA,Total trips,Thousands,2007,
GUYANA,Overnights visitors (tourists),Thousands,2007,
GUYANA,Same-day visitors (excursionists),Thousands,2007,
HAITI,Total trips,Thousands,2007,
HAITI,Overnights visitors (tourists),Thousands,2007,
HAITI,Same-day visitors (excursionists),Thousands,2007,
HONDURAS,Total trips,Thousands,2007,
HONDURAS,Overnights visitors (tourists),Thousands,2007,
HONDURAS,Same-day visitors (excursionists),Thousands,2007,
"HONG KONG, CHINA",Total trips,Thousands,2007,
"HONG KONG, CHINA",Overnights visitors (tourists),Thousands,2007,
"HONG KONG, CHINA",Same-day visitors (excursionists),Thousands,2007,
HUNGARY,Total trips,Thousands,2007,
HUNGARY,Overnights visitors (tourists),Thousands,2007,
HUNGARY,Same-day visitors (excursionists),Thousands,2007,
ICELAND,Total trips,Thousands,2007,
ICELAND,Overnights visitors (tourists),Thousands,2007,
ICELAND,Same-day visitors (excursionists),Thousands,2007,
INDIA,Total trips,Thousands,2007,
INDIA,Overnights visitors (tourists),Thousands,2007,
INDIA,Same-day visitors (excursionists),Thousands,2007,
INDONESIA,Total trips,Thousands,2007,
INDONESIA,Overnights visitors (tourists),Thousands,2007,
INDONESIA,Same-day visitors (excursionists),Thousands,2007,
"IRAN, ISLAMIC REPUBLIC OF",Total trips,Thousands,2007,
"IRAN, ISLAMIC REPUBLIC OF",Overnights visitors (tourists),Thousands,2007,
"IRAN, ISLAMIC REPUBLIC OF",Same-day visitors (excursionists),Thousands,2007,
IRAQ,Total trips,Thousands,2007,
IRAQ,Overnights visitors (tourists),Thousands,2007,
IRAQ,Same-day visitors (excursionists),Thousands,2007,
IRELAND,Total trips,Thousands,2007,
IRELAND,Overnights visitors (tourists),Thousands,2007,
IRELAND,Same-day visitors (excursionists),Thousands,2007,
ISRAEL,Total trips,Thousands,2007,
ISRAEL,Overnights visitors (tourists),Thousands,2007,
ISRAEL,Same-day visitors (excursionists),Thousands,2007,
ITALY,Total trips,Thousands,2007,
ITALY,Overnights visitors (tourists),Thousands,2007,
ITALY,Same-day visitors (excursionists),Thousands,2007,
JAMAICA,Total trips,Thousands,2007,
JAMAICA,Overnights visitors (tourists),Thousands,2007,
JAMAICA,Same-day visitors (excursionists),Thousands,2007,
JAPAN,Total trips,Thousands,2007,
JAPAN,Overnights visitors (tourists),Thousands,2007,
JAPAN,Same-day visitors (excursionists),Thousands,2007,
JORDAN,Total trips,Thousands,2007,
JORDAN,Overnights visitors (tourists),Thousands,2007,
JORDAN,Same-day visitors (excursionists),Thousands,2007,
KAZAKHSTAN,Total trips,Thousands,2007,
KAZAKHSTAN,Overnights visitors (tourists),Thousands,2007,
KAZAKHSTAN,Same-day visitors (excursionists),Thousands,2007,
KENYA,Total trips,Thousands,2007,
KENYA,Overnights visitors (tourists),Thousands,2007,
KENYA,Same-day visitors (excursionists),Thousands,2007,
KIRIBATI,Total trips,Thousands,2007,
KIRIBATI,Overnights visitors (tourists),Thousands,2007,
KIRIBATI,Same-day visitors (excursionists),Thousands,2007,
"KOREA, DEMOCRATIC PEOPLE´S REPUBLIC OF",Total trips,Thousands,2007,
"KOREA, DEMOCRATIC PEOPLE´S REPUBLIC OF",Overnights visitors (tourists),Thousands,2007,
"KOREA, DEMOCRATIC PEOPLE´S REPUBLIC OF",Same-day visitors (excursionists),Thousands,2007,
"KOREA, REPUBLIC OF",Total trips,Thousands,2007,
"KOREA, REPUBLIC OF",Overnights visitors (tourists),Thousands,2007,
"KOREA, REPUBLIC OF",Same-day visitors (excursionists),Thousands,2007,
KUWAIT,Total trips,Thousands,2007,
KUWAIT,Overnights visitors (tourists),Thousands,2007,
KUWAIT,Same-day visitors (excursionists),Thousands,2007,
KYRGYZSTAN,Total trips,Thousands,2007,
KYRGYZSTAN,Overnights visitors (tourists),Thousands,2007,
KYRGYZSTAN,Same-day visitors (excursionists),Thousands,2007,
LAO PEOPLE´S DEMOCRATIC REPUBLIC,Total trips,Thousands,2007,
LAO PEOPLE´S DEMOCRATIC REPUBLIC,Overnights visitors (tourists),Thousands,2007,
LAO PEOPLE´S DEMOCRATIC REPUBLIC,Same-day visitors (excursionists),Thousands,2007,
LATVIA,Total trips,Thousands,2007,
LATVIA,Overnights visitors (tourists),Thousands,2007,
LATVIA,Same-day visitors (excursionists),Thousands,2007,
LEBANON,Total trips,Thousands,2007,
LEBANON,Overnights visitors (tourists),Thousands,2007,
LEBANON,Same-day visitors (excursionists),Thousands,2007,
LESOTHO,Total trips,Thousands,2007,
LESOTHO,Overnights visitors (tourists),Thousands,2007,
LESOTHO,Same-day visitors (excursionists),Thousands,2007,
LIBERIA,Total trips,Thousands,2007,
LIBERIA,Overnights visitors (tourists),Thousands,2007,
LIBERIA,Same-day visitors (excursionists),Thousands,2007,
LIBYA,Total trips,Thousands,2007,
LIBYA,Overnights visitors (tourists),Thousands,2007,
LIBYA,Same-day visitors (excursionists),Thousands,2007,
LIECHTENSTEIN,Total trips,Thousands,2007,
LIECHTENSTEIN,Overnights visitors (tourists),Thousands,2007,
LIECHTENSTEIN,Same-day visitors (excursionists),Thousands,2007,
LITHUANIA,Total trips,Thousands,2007,
LITHUANIA,Overnights visitors (tourists),Thousands,2007,
LITHUANIA,Same-day visitors (excursionists),Thousands,2007,
LUXEMBOURG,Total trips,Thousands,2007,
LUXEMBOURG,Overnights visitors (tourists),Thousands,2007,63.0
LUXEMBOURG,Same-day visitors (excursionists),Thousands,2007,
"MACAO, CHINA",Total trips,Thousands,2007,
"MACAO, CHINA",Overnights visitors (tourists),Thousands,2007,
"MACAO, CHINA",Same-day visitors (excursionists),Thousands,2007,
MADAGASCAR,Total trips,Thousands,2007,
MADAGASCAR,Overnights visitors (tourists),Thousands,2007,
MADAGASCAR,Same-day visitors (excursionists),Thousands,2007,
MALAWI,Total trips,Thousands,2007,
MALAWI,Overnights visitors (tourists),Thousands,2007,
MALAWI,Same-day visitors (excursionists),Thousands,2007,
MALAYSIA,Total trips,Thousands,2007,
MALAYSIA,Overnights visitors (tourists),Thousands,2007,
MALAYSIA,Same-day visitors (excursionists),Thousands,2007,
MALDIVES,Total trips,Thousands,2007,
MALDIVES,Overnights visitors (tourists),Thousands,2007,
MALDIVES,Same-day visitors (excursionists),Thousands,2007,
MALI,Total trips,Thousands,2007,
MALI,Overnights visitors (tourists),Thousands,2007,57.0
MALI,Same-day visitors (excursionists),Thousands,2007,
MALTA,Total trips,Thousands,2007,
MALTA,Overnights visitors (tourists),Thousands,2007,
MALTA,Same-day visitors (excursionists),Thousands,2007,
MARSHALL ISLANDS,Total trips,Thousands,2007,
MARSHALL ISLANDS,Overnights visitors (tourists),Thousands,2007,
MARSHALL ISLANDS,Same-day visitors (excursionists),Thousands,2007,
MARTINIQUE,Total trips,Thousands,2007,
MARTINIQUE,Overnights visitors (tourists),Thousands,2007,
MARTINIQUE,Same-day visitors (excursionists),Thousands,2007,
MAURITANIA,Total trips,Thousands,2007,
MAURITANIA,Overnights visitors (tourists),Thousands,2007,
MAURITANIA,Same-day visitors (excursionists),Thousands,2007,
MAURITIUS,Total trips,Thousands,2007,
MAURITIUS,Overnights visitors (tourists),Thousands,2007,
MAURITIUS,Same-day visitors (excursionists),Thousands,2007,
MEXICO,Total trips,Thousands,2007,
MEXICO,Overnights visitors (tourists),Thousands,2007,
MEXICO,Same-day visitors (excursionists),Thousands,2007,
"MICRONESIA, FEDERATED STATES OF",Total trips,Thousands,2007,
"MICRONESIA, FEDERATED STATES OF",Overnights visitors (tourists),Thousands,2007,
"MICRONESIA, FEDERATED STATES OF",Same-day visitors (excursionists),Thousands,2007,
"MOLDOVA, REPUBLIC OF",Total trips,Thousands,2007,
"MOLDOVA, REPUBLIC OF",Overnights visitors (tourists),Thousands,2007,
"MOLDOVA, REPUBLIC OF",Same-day visitors (excursionists),Thousands,2007,
MONACO,Total trips,Thousands,2007,
MONACO,Overnights visitors (tourists),Thousands,2007,
MONACO,Same-day visitors (excursionists),Thousands,2007,
MONGOLIA,Total trips,Thousands,2007,
MONGOLIA,Overnights visitors (tourists),Thousands,2007,
MONGOLIA,Same-day visitors (excursionists),Thousands,2007,
MONTENEGRO,Total trips,Thousands,2007,
MONTENEGRO,Overnights visitors (tourists),Thousands,2007,
MONTENEGRO,Same-day visitors (excursionists),Thousands,2007,
MONTSERRAT,Total trips,Thousands,2007,
MONTSERRAT,Overnights visitors (tourists),Thousands,2007,
MONTSERRAT,Same-day visitors (excursionists),Thousands,2007,
MOROCCO,Total trips,Thousands,2007,
MOROCCO,Overnights visitors (tourists),Thousands,2007,
MOROCCO,Same-day visitors (excursionists),Thousands,2007,
MOZAMBIQUE,Total trips,Thousands,2007,
MOZAMBIQUE,Overnights visitors (tourists),Thousands,2007,
MOZAMBIQUE,Same-day visitors (excursionists),Thousands,2007,
MYANMAR,Total trips,Thousands,2007,
MYANMAR,Overnights visitors (tourists),Thousands,2007,
MYANMAR,Same-day visitors (excursionists),Thousands,2007,
NAMIBIA,Total trips,Thousands,2007,
NAMIBIA,Overnights visitors (tourists),Thousands,2007,
NAMIBIA,Same-day visitors (excursionists),Thousands,2007,
NAURU,Total trips,Thousands,2007,
NAURU,Overnights visitors (tourists),Thousands,2007,
NAURU,Same-day visitors (excursionists),Thousands,2007,
NEPAL,Total trips,Thousands,2007,
NEPAL,Overnights visitors (tourists),Thousands,2007,
NEPAL,Same-day visitors (excursionists),Thousands,2007,
NETHERLANDS,Total trips,Thousands,2007,
NETHERLANDS,Overnights visitors (tourists),Thousands,2007,
NETHERLANDS,Same-day visitors (excursionists),Thousands,2007,
NEW CALEDONIA,Total trips,Thousands,2007,
NEW CALEDONIA,Overnights visitors (tourists),Thousands,2007,
NEW CALEDONIA,Same-day visitors (excursionists),Thousands,2007,
NEW ZEALAND,Total trips,Thousands,2007,
NEW ZEALAND,Overnights visitors (tourists),Thousands,2007,
NEW ZEALAND,Same-day visitors (excursionists),Thousands,2007,
NICARAGUA,Total trips,Thousands,2007,
NICARAGUA,Overnights visitors (tourists),Thousands,2007,
NICARAGUA,Same-day visitors (excursionists),Thousands,2007,
NIGER,Total trips,Thousands,2007,
NIGER,Overnights visitors (tourists),Thousands,2007,
NIGER,Same-day visitors (excursionists),Thousands,2007,
NIGERIA,Total trips,Thousands,2007,
NIGERIA,Overnights visitors (tourists),Thousands,2007,
NIGERIA,Same-day visitors (excursionists),Thousands,2007,
NIUE,Total trips,Thousands,2007,
NIUE,Overnights visitors (tourists),Thousands,2007,
NIUE,Same-day visitors (excursionists),Thousands,2007,
NORTH MACEDONIA,Total trips,Thousands,2007,
NORTH MACEDONIA,Overnights visitors (tourists),Thousands,2007,
NORTH MACEDONIA,Same-day visitors (excursionists),Thousands,2007,
NORTHERN MARIANA ISLANDS,Total trips,Thousands,2007,
NORTHERN MARIANA ISLANDS,Overnights visitors (tourists),Thousands,2007,
NORTHERN MARIANA ISLANDS,Same-day visitors (excursionists),Thousands,2007,
NORWAY,Total trips,Thousands,2007,
NORWAY,Overnights visitors (tourists),Thousands,2007,
NORWAY,Same-day visitors (excursionists),Thousands,2007,
OMAN,Total trips,Thousands,2007,
OMAN,Overnights visitors (tourists),Thousands,2007,
OMAN,Same-day visitors (excursionists),Thousands,2007,
PAKISTAN,Total trips,Thousands,2007,
PAKISTAN,Overnights visitors (tourists),Thousands,2007,
PAKISTAN,Same-day visitors (excursionists),Thousands,2007,
PALAU,Total trips,Thousands,2007,
PALAU,Overnights visitors (tourists),Thousands,2007,
PALAU,Same-day visitors (excursionists),Thousands,2007,
PANAMA,Total trips,Thousands,2007,
PANAMA,Overnights visitors (tourists),Thousands,2007,
PANAMA,Same-day visitors (excursionists),Thousands,2007,
PAPUA NEW GUINEA,Total trips,Thousands,2007,
PAPUA NEW GUINEA,Overnights visitors (tourists),Thousands,2007,
PAPUA NEW GUINEA,Same-day visitors (excursionists),Thousands,2007,
PARAGUAY,Total trips,Thousands,2007,
PARAGUAY,Overnights visitors (tourists),Thousands,2007,833.0
PARAGUAY,Same-day visitors (excursionists),Thousands,2007,246.0
PERU,Total trips,Thousands,2007,
PERU,Overnights visitors (tourists),Thousands,2007,
PERU,Same-day visitors (excursionists),Thousands,2007,
PHILIPPINES,Total trips,Thousands,2007,
PHILIPPINES,Overnights visitors (tourists),Thousands,2007,
PHILIPPINES,Same-day visitors (excursionists),Thousands,2007,
POLAND,Total trips,Thousands,2007,
POLAND,Overnights visitors (tourists),Thousands,2007,
POLAND,Same-day visitors (excursionists),Thousands,2007,
PORTUGAL,Total trips,Thousands,2007,
PORTUGAL,Overnights visitors (tourists),Thousands,2007,
PORTUGAL,Same-day visitors (excursionists),Thousands,2007,
PUERTO RICO,Total trips,Thousands,2007,
PUERTO RICO,Overnights visitors (tourists),Thousands,2007,
PUERTO RICO,Same-day visitors (excursionists),Thousands,2007,
QATAR,Total trips,Thousands,2007,
QATAR,Overnights visitors (tourists),Thousands,2007,
QATAR,Same-day visitors (excursionists),Thousands,2007,
REUNION,Total trips,Thousands,2007,
REUNION,Overnights visitors (tourists),Thousands,2007,
REUNION,Same-day visitors (excursionists),Thousands,2007,
ROMANIA,Total trips,Thousands,2007,
ROMANIA,Overnights visitors (tourists),Thousands,2007,
ROMANIA,Same-day visitors (excursionists),Thousands,2007,
RUSSIAN FEDERATION,Total trips,Thousands,2007,
RUSSIAN FEDERATION,Overnights visitors (tourists),Thousands,2007,
RUSSIAN FEDERATION,Same-day visitors (excursionists),Thousands,2007,
RWANDA,Total trips,Thousands,2007,
RWANDA,Overnights visitors (tourists),Thousands,2007,
RWANDA,Same-day visitors (excursionists),Thousands,2007,
SABA,Total trips,Thousands,2007,
SABA,Overnights visitors (tourists),Thousands,2007,
SABA,Same-day visitors (excursionists),Thousands,2007,
SAINT KITTS AND NEVIS,Total trips,Thousands,2007,
SAINT KITTS AND NEVIS,Overnights visitors (tourists),Thousands,2007,
SAINT KITTS AND NEVIS,Same-day visitors (excursionists),Thousands,2007,
SAINT LUCIA,Total trips,Thousands,2007,
SAINT LUCIA,Overnights visitors (tourists),Thousands,2007,
SAINT LUCIA,Same-day visitors (excursionists),Thousands,2007,
SAINT VINCENT AND THE GRENADINES,Total trips,Thousands,2007,
SAINT VINCENT AND THE GRENADINES,Overnights visitors (tourists),Thousands,2007,
SAINT VINCENT AND THE GRENADINES,Same-day visitors (excursionists),Thousands,2007,
SAMOA,Total trips,Thousands,2007,
SAMOA,Overnights visitors (tourists),Thousands,2007,
SAMOA,Same-day visitors (excursionists),Thousands,2007,
SAN MARINO,Total trips,Thousands,2007,
SAN MARINO,Overnights visitors (tourists),Thousands,2007,
SAN MARINO,Same-day visitors (excursionists),Thousands,2007,
SAO TOME AND PRINCIPE,Total trips,Thousands,2007,
SAO TOME AND PRINCIPE,Overnights visitors (tourists),Thousands,2007,
SAO TOME AND PRINCIPE,Same-day visitors (excursionists),Thousands,2007,
SAUDI ARABIA,Total trips,Thousands,2007,
SAUDI ARABIA,Overnights visitors (tourists),Thousands,2007,
SAUDI ARABIA,Same-day visitors (excursionists),Thousands,2007,
SENEGAL,Total trips,Thousands,2007,
SENEGAL,Overnights visitors (tourists),Thousands,2007,
SENEGAL,Same-day visitors (excursionists),Thousands,2007,
SERBIA,Total trips,Thousands,2007,
SERBIA,Overnights visitors (tourists),Thousands,2007,
SERBIA,Same-day visitors (excursionists),Thousands,2007,
SERBIA AND MONTENEGRO,Total trips,Thousands,2007,
SERBIA AND MONTENEGRO,Overnights visitors (tourists),Thousands,2007,
SERBIA AND MONTENEGRO,Same-day visitors (excursionists),Thousands,2007,
SEYCHELLES,Total trips,Thousands,2007,
SEYCHELLES,Overnights visitors (tourists),Thousands,2007,
SEYCHELLES,Same-day visitors (excursionists),Thousands,2007,
SIERRA LEONE,Total trips,Thousands,2007,
SIERRA LEONE,Overnights visitors (tourists),Thousands,2007,
SIERRA LEONE,Same-day visitors (excursionists),Thousands,2007,
SINGAPORE,Total trips,Thousands,2007,
SINGAPORE,Overnights visitors (tourists),Thousands,2007,
SINGAPORE,Same-day visitors (excursionists),Thousands,2007,
SINT EUSTATIUS,Total trips,Thousands,2007,
SINT EUSTATIUS,Overnights visitors (tourists),Thousands,2007,
SINT EUSTATIUS,Same-day visitors (excursionists),Thousands,2007,
SINT MAARTEN (DUTCH PART),Total trips,Thousands,2007,
SINT MAARTEN (DUTCH PART),Overnights visitors (tourists),Thousands,2007,
SINT MAARTEN (DUTCH PART),Same-day visitors (excursionists),Thousands,2007,
SLOVAKIA,Total trips,Thousands,2007,
SLOVAKIA,Overnights visitors (tourists),Thousands,2007,
SLOVAKIA,Same-day visitors (excursionists),Thousands,2007,
SLOVENIA,Total trips,Thousands,2007,
SLOVENIA,Overnights visitors (tourists),Thousands,2007,
SLOVENIA,Same-day visitors (excursionists),Thousands,2007,
SOLOMON ISLANDS,Total trips,Thousands,2007,
SOLOMON ISLANDS,Overnights visitors (tourists),Thousands,2007,
SOLOMON ISLANDS,Same-day visitors (excursionists),Thousands,2007,
SOMALIA,Total trips,Thousands,2007,
SOMALIA,Overnights visitors (tourists),Thousands,2007,
SOMALIA,Same-day visitors (excursionists),Thousands,2007,
SOUTH AFRICA,Total trips,Thousands,2007,
SOUTH AFRICA,Overnights visitors (tourists),Thousands,2007,
SOUTH AFRICA,Same-day visitors (excursionists),Thousands,2007,
SOUTH SUDAN,Total trips,Thousands,2007,
SOUTH SUDAN,Overnights visitors (tourists),Thousands,2007,
SOUTH SUDAN,Same-day visitors (excursionists),Thousands,2007,
SPAIN,Total trips,Thousands,2007,
SPAIN,Overnights visitors (tourists),Thousands,2007,
SPAIN,Same-day visitors (excursionists),Thousands,2007,
SRI LANKA,Total trips,Thousands,2007,
SRI LANKA,Overnights visitors (tourists),Thousands,2007,
SRI LANKA,Same-day visitors (excursionists),Thousands,2007,
STATE OF PALESTINE,Total trips,Thousands,2007,
STATE OF PALESTINE,Overnights visitors (tourists),Thousands,2007,
STATE OF PALESTINE,Same-day visitors (excursionists),Thousands,2007,
SUDAN,Total trips,Thousands,2007,
SUDAN,Overnights visitors (tourists),Thousands,2007,
SUDAN,Same-day visitors (excursionists),Thousands,2007,
SURINAME,Total trips,Thousands,2007,
SURINAME,Overnights visitors (tourists),Thousands,2007,
SURINAME,Same-day visitors (excursionists),Thousands,2007,
SWEDEN,Total trips,Thousands,2007,
SWEDEN,Overnights visitors (tourists),Thousands,2007,
SWEDEN,Same-day visitors (excursionists),Thousands,2007,
SWITZERLAND,Total trips,Thousands,2007,
SWITZERLAND,Overnights visitors (tourists),Thousands,2007,
SWITZERLAND,Same-day visitors (excursionists),Thousands,2007,
SYRIAN ARAB REPUBLIC,Total trips,Thousands,2007,
SYRIAN ARAB REPUBLIC,Overnights visitors (tourists),Thousands,2007,
SYRIAN ARAB REPUBLIC,Same-day visitors (excursionists),Thousands,2007,
TAIWAN PROVINCE OF CHINA,Total trips,Thousands,2007,
TAIWAN PROVINCE OF CHINA,Overnights visitors (tourists),Thousands,2007,
TAIWAN PROVINCE OF CHINA,Same-day visitors (excursionists),Thousands,2007,
TAJIKISTAN,Total trips,Thousands,2007,
TAJIKISTAN,Overnights visitors (tourists),Thousands,2007,
TAJIKISTAN,Same-day visitors (excursionists),Thousands,2007,
"TANZANIA, UNITED REPUBLIC OF",Total trips,Thousands,2007,
"TANZANIA, UNITED REPUBLIC OF",Overnights visitors (tourists),Thousands,2007,
"TANZANIA, UNITED REPUBLIC OF",Same-day visitors (excursionists),Thousands,2007,
THAILAND,Total trips,Thousands,2007,
THAILAND,Overnights visitors (tourists),Thousands,2007,
THAILAND,Same-day visitors (excursionists),Thousands,2007,
TIMOR-LESTE,Total trips,Thousands,2007,
TIMOR-LESTE,Overnights visitors (tourists),Thousands,2007,
TIMOR-LESTE,Same-day visitors (excursionists),Thousands,2007,
TOGO,Total trips,Thousands,2007,
TOGO,Overnights visitors (tourists),Thousands,2007,
TOGO,Same-day visitors (excursionists),Thousands,2007,
TONGA,Total trips,Thousands,2007,
TONGA,Overnights visitors (tourists),Thousands,2007,
TONGA,Same-day visitors (excursionists),Thousands,2007,
TRINIDAD AND TOBAGO,Total trips,Thousands,2007,
TRINIDAD AND TOBAGO,Overnights visitors (tourists),Thousands,2007,
TRINIDAD AND TOBAGO,Same-day visitors (excursionists),Thousands,2007,
TUNISIA,Total trips,Thousands,2007,
TUNISIA,Overnights visitors (tourists),Thousands,2007,
TUNISIA,Same-day visitors (excursionists),Thousands,2007,
TÜRKIYE,Total trips,Thousands,2007,
TÜRKIYE,Overnights visitors (tourists),Thousands,2007,
TÜRKIYE,Same-day visitors (excursionists),Thousands,2007,
TURKMENISTAN,Total trips,Thousands,2007,
TURKMENISTAN,Overnights visitors (tourists),Thousands,2007,
TURKMENISTAN,Same-day visitors (excursionists),Thousands,2007,
TURKS AND CAICOS ISLANDS,Total trips,Thousands,2007,
TURKS AND CAICOS ISLANDS,Overnights visitors (tourists),Thousands,2007,
TURKS AND CAICOS ISLANDS,Same-day visitors (excursionists),Thousands,2007,
TUVALU,Total trips,Thousands,2007,
TUVALU,Overnights visitors (tourists),Thousands,2007,
TUVALU,Same-day visitors (excursionists),Thousands,2007,
UGANDA,Total trips,Thousands,2007,
UGANDA,Overnights visitors (tourists),Thousands,2007,
UGANDA,Same-day visitors (excursionists),Thousands,2007,
UKRAINE,Total trips,Thousands,2007,
UKRAINE,Overnights visitors (tourists),Thousands,2007,
UKRAINE,Same-day visitors (excursionists),Thousands,2007,
UNITED ARAB EMIRATES,Total trips,Thousands,2007,
UNITED ARAB EMIRATES,Overnights visitors (tourists),Thousands,2007,
UNITED ARAB EMIRATES,Same-day visitors (excursionists),Thousands,2007,
UNITED KINGDOM,Total trips,Thousands,2007,
UNITED KINGDOM,Overnights visitors (tourists),Thousands,2007,
UNITED KINGDOM,Same-day visitors (excursionists),Thousands,2007,
UNITED STATES OF AMERICA,Total trips,Thousands,2007,
UNITED STATES OF AMERICA,Overnights visitors (tourists),Thousands,2007,
UNITED STATES OF AMERICA,Same-day visitors (excursionists),Thousands,2007,
UNITED STATES VIRGIN ISLANDS,Total trips,Thousands,2007,
UNITED STATES VIRGIN ISLANDS,Overnights visitors (tourists),Thousands,2007,
UNITED STATES VIRGIN ISLANDS,Same-day visitors (excursionists),Thousands,2007,
URUGUAY,Total trips,Thousands,2007,
URUGUAY,Overnights visitors (tourists),Thousands,2007,
URUGUAY,Same-day visitors (excursionists),Thousands,2007,
UZBEKISTAN,Total trips,Thousands,2007,
UZBEKISTAN,Overnights visitors (tourists),Thousands,2007,
UZBEKISTAN,Same-day visitors (excursionists),Thousands,2007,
VANUATU,Total trips,Thousands,2007,
VANUATU,Overnights visitors (tourists),Thousands,2007,
VANUATU,Same-day visitors (excursionists),Thousands,2007,
"VENEZUELA, BOLIVARIAN REPUBLIC OF",Total trips,Thousands,2007,
"VENEZUELA, BOLIVARIAN REPUBLIC OF",Overnights visitors (tourists),Thousands,2007,
"VENEZUELA, BOLIVARIAN REPUBLIC OF",Same-day visitors (excursionists),Thousands,2007,
VIET NAM,Total trips,Thousands,2007,
VIET NAM,Overnights visitors (tourists),Thousands,2007,
VIET NAM,Same-day visitors (excursionists),Thousands,2007,
YEMEN,Total trips,Thousands,2007,
YEMEN,Overnights visitors (tourists),Thousands,2007,
YEMEN,Same-day visitors (excursionists),Thousands,2007,
ZAMBIA,Total trips,Thousands,2007,
ZAMBIA,Overnights visitors (tourists),Thousands,2007,
ZAMBIA,Same-day visitors (excursionists),Thousands,2007,
ZIMBABWE,Total trips,Thousands,2007,
ZIMBABWE,Overnights visitors (tourists),Thousands,2007,
ZIMBABWE,Same-day visitors (excursionists),Thousands,2007,
AFGHANISTAN,Total trips,Thousands,2008,
AFGHANISTAN,Overnights visitors (tourists),Thousands,2008,
AFGHANISTAN,Same-day visitors (excursionists),Thousands,2008,
ALBANIA,Total trips,Thousands,2008,
ALBANIA,Overnights visitors (tourists),Thousands,2008,
ALBANIA,Same-day visitors (excursionists),Thousands,2008,
ALGERIA,Total trips,Thousands,2008,
ALGERIA,Overnights visitors (tourists),Thousands,2008,
ALGERIA,Same-day visitors (excursionists),Thousands,2008,
AMERICAN SAMOA,Total trips,Thousands,2008,
AMERICAN SAMOA,Overnights visitors (tourists),Thousands,2008,
AMERICAN SAMOA,Same-day visitors (excursionists),Thousands,2008,
ANDORRA,Total trips,Thousands,2008,
ANDORRA,Overnights visitors (tourists),Thousands,2008,
ANDORRA,Same-day visitors (excursionists),Thousands,2008,
ANGOLA,Total trips,Thousands,2008,
ANGOLA,Overnights visitors (tourists),Thousands,2008,
ANGOLA,Same-day visitors (excursionists),Thousands,2008,
ANGUILLA,Total trips,Thousands,2008,
ANGUILLA,Overnights visitors (tourists),Thousands,2008,
ANGUILLA,Same-day visitors (excursionists),Thousands,2008,
ANTIGUA AND BARBUDA,Total trips,Thousands,2008,
ANTIGUA AND BARBUDA,Overnights visitors (tourists),Thousands,2008,
ANTIGUA AND BARBUDA,Same-day visitors (excursionists),Thousands,2008,
ARGENTINA,Total trips,Thousands,2008,
ARGENTINA,Overnights visitors (tourists),Thousands,2008,
ARGENTINA,Same-day visitors (excursionists),Thousands,2008,
ARMENIA,Total trips,Thousands,2008,
ARMENIA,Overnights visitors (tourists),Thousands,2008,447.0
ARMENIA,Same-day visitors (excursionists),Thousands,2008,
ARUBA,Total trips,Thousands,2008,
ARUBA,Overnights visitors (tourists),Thousands,2008,
ARUBA,Same-day visitors (excursionists),Thousands,2008,
AUSTRALIA,Total trips,Thousands,2008,
AUSTRALIA,Overnights visitors (tourists),Thousands,2008,
AUSTRALIA,Same-day visitors (excursionists),Thousands,2008,
AUSTRIA,Total trips,Thousands,2008,
AUSTRIA,Overnights visitors (tourists),Thousands,2008,
AUSTRIA,Same-day visitors (excursionists),Thousands,2008,
AZERBAIJAN,Total trips,Thousands,2008,
AZERBAIJAN,Overnights visitors (tourists),Thousands,2008,
AZERBAIJAN,Same-day visitors (excursionists),Thousands,2008,
BAHAMAS,Total trips,Thousands,2008,
BAHAMAS,Overnights visitors (tourists),Thousands,2008,
BAHAMAS,Same-day visitors (excursionists),Thousands,2008,
BAHRAIN,Total trips,Thousands,2008,
BAHRAIN,Overnights visitors (tourists),Thousands,2008,
BAHRAIN,Same-day visitors (excursionists),Thousands,2008,
BANGLADESH,Total trips,Thousands,2008,
BANGLADESH,Overnights visitors (tourists),Thousands,2008,
BANGLADESH,Same-day visitors (excursionists),Thousands,2008,
BARBADOS,Total trips,Thousands,2008,
BARBADOS,Overnights visitors (tourists),Thousands,2008,
BARBADOS,Same-day visitors (excursionists),Thousands,2008,
BELARUS,Total trips,Thousands,2008,
BELARUS,Overnights visitors (tourists),Thousands,2008,
BELARUS,Same-day visitors (excursionists),Thousands,2008,
BELGIUM,Total trips,Thousands,2008,
BELGIUM,Overnights visitors (tourists),Thousands,2008,
BELGIUM,Same-day visitors (excursionists),Thousands,2008,
BELIZE,Total trips,Thousands,2008,
BELIZE,Overnights visitors (tourists),Thousands,2008,
BELIZE,Same-day visitors (excursionists),Thousands,2008,
BENIN,Total trips,Thousands,2008,
BENIN,Overnights visitors (tourists),Thousands,2008,
BENIN,Same-day visitors (excursionists),Thousands,2008,
BERMUDA,Total trips,Thousands,2008,
BERMUDA,Overnights visitors (tourists),Thousands,2008,
BERMUDA,Same-day visitors (excursionists),Thousands,2008,
BHUTAN,Total trips,Thousands,2008,
BHUTAN,Overnights visitors (tourists),Thousands,2008,
BHUTAN,Same-day visitors (excursionists),Thousands,2008,
"BOLIVIA, PLURINATIONAL STATE OF",Total trips,Thousands,2008,
"BOLIVIA, PLURINATIONAL STATE OF",Overnights visitors (tourists),Thousands,2008,
"BOLIVIA, PLURINATIONAL STATE OF",Same-day visitors (excursionists),Thousands,2008,
BONAIRE,Total trips,Thousands,2008,
BONAIRE,Overnights visitors (tourists),Thousands,2008,
BONAIRE,Same-day visitors (excursionists),Thousands,2008,
BOSNIA AND HERZEGOVINA,Total trips,Thousands,2008,
BOSNIA AND HERZEGOVINA,Overnights visitors (tourists),Thousands,2008,
BOSNIA AND HERZEGOVINA,Same-day visitors (excursionists),Thousands,2008,
BOTSWANA,Total trips,Thousands,2008,
BOTSWANA,Overnights visitors (tourists),Thousands,2008,
BOTSWANA,Same-day visitors (excursionists),Thousands,2008,
BRAZIL,Total trips,Thousands,2008,
BRAZIL,Overnights visitors (tourists),Thousands,2008,
BRAZIL,Same-day visitors (excursionists),Thousands,2008,
BRITISH VIRGIN ISLANDS,Total trips,Thousands,2008,
BRITISH VIRGIN ISLANDS,Overnights visitors (tourists),Thousands,2008,
BRITISH VIRGIN ISLANDS,Same-day visitors (excursionists),Thousands,2008,
BRUNEI DARUSSALAM,Total trips,Thousands,2008,
BRUNEI DARUSSALAM,Overnights visitors (tourists),Thousands,2008,
BRUNEI DARUSSALAM,Same-day visitors (excursionists),Thousands,2008,
BULGARIA,Total trips,Thousands,2008,
BULGARIA,Overnights visitors (tourists),Thousands,2008,
BULGARIA,Same-day visitors (excursionists),Thousands,2008,
BURKINA FASO,Total trips,Thousands,2008,
BURKINA FASO,Overnights visitors (tourists),Thousands,2008,
BURKINA FASO,Same-day visitors (excursionists),Thousands,2008,
BURUNDI,Total trips,Thousands,2008,
BURUNDI,Overnights visitors (tourists),Thousands,2008,
BURUNDI,Same-day visitors (excursionists),Thousands,2008,
CABO VERDE,Total trips,Thousands,2008,
CABO VERDE,Overnights visitors (tourists),Thousands,2008,
CABO VERDE,Same-day visitors (excursionists),Thousands,2008,
CAMBODIA,Total trips,Thousands,2008,
CAMBODIA,Overnights visitors (tourists),Thousands,2008,
CAMBODIA,Same-day visitors (excursionists),Thousands,2008,
CAMEROON,Total trips,Thousands,2008,
CAMEROON,Overnights visitors (tourists),Thousands,2008,
CAMEROON,Same-day visitors (excursionists),Thousands,2008,
CANADA,Total trips,Thousands,2008,
CANADA,Overnights visitors (tourists),Thousands,2008,
CANADA,Same-day visitors (excursionists),Thousands,2008,
CAYMAN ISLANDS,Total trips,Thousands,2008,
CAYMAN ISLANDS,Overnights visitors (tourists),Thousands,2008,
CAYMAN ISLANDS,Same-day visitors (excursionists),Thousands,2008,
CENTRAL AFRICAN REPUBLIC,Total trips,Thousands,2008,
CENTRAL AFRICAN REPUBLIC,Overnights visitors (tourists),Thousands,2008,
CENTRAL AFRICAN REPUBLIC,Same-day visitors (excursionists),Thousands,2008,
CHAD,Total trips,Thousands,2008,
CHAD,Overnights visitors (tourists),Thousands,2008,
CHAD,Same-day visitors (excursionists),Thousands,2008,
CHILE,Total trips,Thousands,2008,
CHILE,Overnights visitors (tourists),Thousands,2008,
CHILE,Same-day visitors (excursionists),Thousands,2008,
CHINA,Total trips,Thousands,2008,
CHINA,Overnights visitors (tourists),Thousands,2008,
CHINA,Same-day visitors (excursionists),Thousands,2008,
COLOMBIA,Total trips,Thousands,2008,
COLOMBIA,Overnights visitors (tourists),Thousands,2008,
COLOMBIA,Same-day visitors (excursionists),Thousands,2008,
COMOROS,Total trips,Thousands,2008,
COMOROS,Overnights visitors (tourists),Thousands,2008,
COMOROS,Same-day visitors (excursionists),Thousands,2008,
CONGO,Total trips,Thousands,2008,
CONGO,Overnights visitors (tourists),Thousands,2008,
CONGO,Same-day visitors (excursionists),Thousands,2008,
"CONGO, DEMOCRATIC REPUBLIC OF THE",Total trips,Thousands,2008,
"CONGO, DEMOCRATIC REPUBLIC OF THE",Overnights visitors (tourists),Thousands,2008,
"CONGO, DEMOCRATIC REPUBLIC OF THE",Same-day visitors (excursionists),Thousands,2008,
COOK ISLANDS,Total trips,Thousands,2008,
COOK ISLANDS,Overnights visitors (tourists),Thousands,2008,
COOK ISLANDS,Same-day visitors (excursionists),Thousands,2008,
COSTA RICA,Total trips,Thousands,2008,
COSTA RICA,Overnights visitors (tourists),Thousands,2008,
COSTA RICA,Same-day visitors (excursionists),Thousands,2008,
COTE D´IVOIRE,Total trips,Thousands,2008,
COTE D´IVOIRE,Overnights visitors (tourists),Thousands,2008,
COTE D´IVOIRE,Same-day visitors (excursionists),Thousands,2008,
CROATIA,Total trips,Thousands,2008,
CROATIA,Overnights visitors (tourists),Thousands,2008,
CROATIA,Same-day visitors (excursionists),Thousands,2008,
CUBA,Total trips,Thousands,2008,
CUBA,Overnights visitors (tourists),Thousands,2008,
CUBA,Same-day visitors (excursionists),Thousands,2008,
CURAÇAO,Total trips,Thousands,2008,
CURAÇAO,Overnights visitors (tourists),Thousands,2008,
CURAÇAO,Same-day visitors (excursionists),Thousands,2008,
CYPRUS,Total trips,Thousands,2008,
CYPRUS,Overnights visitors (tourists),Thousands,2008,
CYPRUS,Same-day visitors (excursionists),Thousands,2008,
CZECH REPUBLIC (CZECHIA),Total trips,Thousands,2008,
CZECH REPUBLIC (CZECHIA),Overnights visitors (tourists),Thousands,2008,
CZECH REPUBLIC (CZECHIA),Same-day visitors (excursionists),Thousands,2008,
DENMARK,Total trips,Thousands,2008,
DENMARK,Overnights visitors (tourists),Thousands,2008,
DENMARK,Same-day visitors (excursionists),Thousands,2008,
DJIBOUTI,Total trips,Thousands,2008,
DJIBOUTI,Overnights visitors (tourists),Thousands,2008,
DJIBOUTI,Same-day visitors (excursionists),Thousands,2008,
DOMINICA,Total trips,Thousands,2008,
DOMINICA,Overnights visitors (tourists),Thousands,2008,
DOMINICA,Same-day visitors (excursionists),Thousands,2008,
DOMINICAN REPUBLIC,Total trips,Thousands,2008,
DOMINICAN REPUBLIC,Overnights visitors (tourists),Thousands,2008,
DOMINICAN REPUBLIC,Same-day visitors (excursionists),Thousands,2008,
ECUADOR,Total trips,Thousands,2008,
ECUADOR,Overnights visitors (tourists),Thousands,2008,
ECUADOR,Same-day visitors (excursionists),Thousands,2008,
EGYPT,Total trips,Thousands,2008,
EGYPT,Overnights visitors (tourists),Thousands,2008,
EGYPT,Same-day visitors (excursionists),Thousands,2008,
EL SALVADOR,Total trips,Thousands,2008,
EL SALVADOR,Overnights visitors (tourists),Thousands,2008,
EL SALVADOR,Same-day visitors (excursionists),Thousands,2008,
EQUATORIAL GUINEA,Total trips,Thousands,2008,
EQUATORIAL GUINEA,Overnights visitors (tourists),Thousands,2008,
EQUATORIAL GUINEA,Same-day visitors (excursionists),Thousands,2008,
ERITREA,Total trips,Thousands,2008,
ERITREA,Overnights visitors (tourists),Thousands,2008,
ERITREA,Same-day visitors (excursionists),Thousands,2008,
ESTONIA,Total trips,Thousands,2008,
ESTONIA,Overnights visitors (tourists),Thousands,2008,803.0
ESTONIA,Same-day visitors (excursionists),Thousands,2008,
ESWATINI,Total trips,Thousands,2008,
ESWATINI,Overnights visitors (tourists),Thousands,2008,
ESWATINI,Same-day visitors (excursionists),Thousands,2008,
ETHIOPIA,Total trips,Thousands,2008,
ETHIOPIA,Overnights visitors (tourists),Thousands,2008,
ETHIOPIA,Same-day visitors (excursionists),Thousands,2008,
FIJI,Total trips,Thousands,2008,
FIJI,Overnights visitors (tourists),Thousands,2008,
FIJI,Same-day visitors (excursionists),Thousands,2008,
FINLAND,Total trips,Thousands,2008,
FINLAND,Overnights visitors (tourists),Thousands,2008,
FINLAND,Same-day visitors (excursionists),Thousands,2008,
FRANCE,Total trips,Thousands,2008,
FRANCE,Overnights visitors (tourists),Thousands,2008,
FRANCE,Same-day visitors (excursionists),Thousands,2008,
FRENCH GUIANA,Total trips,Thousands,2008,
FRENCH GUIANA,Overnights visitors (tourists),Thousands,2008,
FRENCH GUIANA,Same-day visitors (excursionists),Thousands,2008,
FRENCH POLYNESIA,Total trips,Thousands,2008,
FRENCH POLYNESIA,Overnights visitors (tourists),Thousands,2008,
FRENCH POLYNESIA,Same-day visitors (excursionists),Thousands,2008,
GABON,Total trips,Thousands,2008,
GABON,Overnights visitors (tourists),Thousands,2008,
GABON,Same-day visitors (excursionists),Thousands,2008,
GAMBIA,Total trips,Thousands,2008,
GAMBIA,Overnights visitors (tourists),Thousands,2008,
GAMBIA,Same-day visitors (excursionists),Thousands,2008,
GEORGIA,Total trips,Thousands,2008,
GEORGIA,Overnights visitors (tourists),Thousands,2008,
GEORGIA,Same-day visitors (excursionists),Thousands,2008,
GERMANY,Total trips,Thousands,2008,
GERMANY,Overnights visitors (tourists),Thousands,2008,
GERMANY,Same-day visitors (excursionists),Thousands,2008,
GHANA,Total trips,Thousands,2008,
GHANA,Overnights visitors (tourists),Thousands,2008,
GHANA,Same-day visitors (excursionists),Thousands,2008,
GREECE,Total trips,Thousands,2008,
GREECE,Overnights visitors (tourists),Thousands,2008,
GREECE,Same-day visitors (excursionists),Thousands,2008,
GRENADA,Total trips,Thousands,2008,
GRENADA,Overnights visitors (tourists),Thousands,2008,
GRENADA,Same-day visitors (excursionists),Thousands,2008,
GUADELOUPE,Total trips,Thousands,2008,
GUADELOUPE,Overnights visitors (tourists),Thousands,2008,
GUADELOUPE,Same-day visitors (excursionists),Thousands,2008,
GUAM,Total trips,Thousands,2008,
GUAM,Overnights visitors (tourists),Thousands,2008,
GUAM,Same-day visitors (excursionists),Thousands,2008,
GUATEMALA,Total trips,Thousands,2008,
GUATEMALA,Overnights visitors (tourists),Thousands,2008,
GUATEMALA,Same-day visitors (excursionists),Thousands,2008,
GUINEA,Total trips,Thousands,2008,
GUINEA,Overnights visitors (tourists),Thousands,2008,
GUINEA,Same-day visitors (excursionists),Thousands,2008,
GUINEA-BISSAU,Total trips,Thousands,2008,
GUINEA-BISSAU,Overnights visitors (tourists),Thousands,2008,
GUINEA-BISSAU,Same-day visitors (excursionists),Thousands,2008,
GUYANA,Total trips,Thousands,2008,
GUYANA,Overnights visitors (tourists),Thousands,2008,
GUYANA,Same-day visitors (excursionists),Thousands,2008,
HAITI,Total trips,Thousands,2008,
HAITI,Overnights visitors (tourists),Thousands,2008,
HAITI,Same-day visitors (excursionists),Thousands,2008,
HONDURAS,Total trips,Thousands,2008,
HONDURAS,Overnights visitors (tourists),Thousands,2008,
HONDURAS,Same-day visitors (excursionists),Thousands,2008,
"HONG KONG, CHINA",Total trips,Thousands,2008,
"HONG KONG, CHINA",Overnights visitors (tourists),Thousands,2008,
"HONG KONG, CHINA",Same-day visitors (excursionists),Thousands,2008,
HUNGARY,Total trips,Thousands,2008,
HUNGARY,Overnights visitors (tourists),Thousands,2008,
HUNGARY,Same-day visitors (excursionists),Thousands,2008,
ICELAND,Total trips,Thousands,2008,
ICELAND,Overnights visitors (tourists),Thousands,2008,
ICELAND,Same-day visitors (excursionists),Thousands,2008,
INDIA,Total trips,Thousands,2008,
INDIA,Overnights visitors (tourists),Thousands,2008,
INDIA,Same-day visitors (excursionists),Thousands,2008,
INDONESIA,Total trips,Thousands,2008,
INDONESIA,Overnights visitors (tourists),Thousands,2008,
INDONESIA,Same-day visitors (excursionists),Thousands,2008,
"IRAN, ISLAMIC REPUBLIC OF",Total trips,Thousands,2008,
"IRAN, ISLAMIC REPUBLIC OF",Overnights visitors (tourists),Thousands,2008,
"IRAN, ISLAMIC REPUBLIC OF",Same-day visitors (excursionists),Thousands,2008,
IRAQ,Total trips,Thousands,2008,
IRAQ,Overnights visitors (tourists),Thousands,2008,
IRAQ,Same-day visitors (excursionists),Thousands,2008,
IRELAND,Total trips,Thousands,2008,
IRELAND,Overnights visitors (tourists),Thousands,2008,
IRELAND,Same-day visitors (excursionists),Thousands,2008,
ISRAEL,Total trips,Thousands,2008,
ISRAEL,Overnights visitors (tourists),Thousands,2008,
ISRAEL,Same-day visitors (excursionists),Thousands,2008,
ITALY,Total trips,Thousands,2008,
ITALY,Overnights visitors (tourists),Thousands,2008,
ITALY,Same-day visitors (excursionists),Thousands,2008,
JAMAICA,Total trips,Thousands,2008,
JAMAICA,Overnights visitors (tourists),Thousands,2008,
JAMAICA,Same-day visitors (excursionists),Thousands,2008,
JAPAN,Total trips,Thousands,2008,
JAPAN,Overnights visitors (tourists),Thousands,2008,
JAPAN,Same-day visitors (excursionists),Thousands,2008,
JORDAN,Total trips,Thousands,2008,
JORDAN,Overnights visitors (tourists),Thousands,2008,258.0
JORDAN,Same-day visitors (excursionists),Thousands,2008,950.0
KAZAKHSTAN,Total trips,Thousands,2008,
KAZAKHSTAN,Overnights visitors (tourists),Thousands,2008,
KAZAKHSTAN,Same-day visitors (excursionists),Thousands,2008,
KENYA,Total trips,Thousands,2008,
KENYA,Overnights visitors (tourists),Thousands,2008,
KENYA,Same-day visitors (excursionists),Thousands,2008,
KIRIBATI,Total trips,Thousands,2008,
KIRIBATI,Overnights visitors (tourists),Thousands,2008,
KIRIBATI,Same-day visitors (excursionists),Thousands,2008,
"KOREA, DEMOCRATIC PEOPLE´S REPUBLIC OF",Total trips,Thousands,2008,
"KOREA, DEMOCRATIC PEOPLE´S REPUBLIC OF",Overnights visitors (tourists),Thousands,2008,
"KOREA, DEMOCRATIC PEOPLE´S REPUBLIC OF",Same-day visitors (excursionists),Thousands,2008,
"KOREA, REPUBLIC OF",Total trips,Thousands,2008,
"KOREA, REPUBLIC OF",Overnights visitors (tourists),Thousands,2008,
"KOREA, REPUBLIC OF",Same-day visitors (excursionists),Thousands,2008,
KUWAIT,Total trips,Thousands,2008,
KUWAIT,Overnights visitors (tourists),Thousands,2008,
KUWAIT,Same-day visitors (excursionists),Thousands,2008,
KYRGYZSTAN,Total trips,Thousands,2008,
KYRGYZSTAN,Overnights visitors (tourists),Thousands,2008,
KYRGYZSTAN,Same-day visitors (excursionists),Thousands,2008,
LAO PEOPLE´S DEMOCRATIC REPUBLIC,Total trips,Thousands,2008,
LAO PEOPLE´S DEMOCRATIC REPUBLIC,Overnights visitors (tourists),Thousands,2008,
LAO PEOPLE´S DEMOCRATIC REPUBLIC,Same-day visitors (excursionists),Thousands,2008,
LATVIA,Total trips,Thousands,2008,
LATVIA,Overnights visitors (tourists),Thousands,2008,
LATVIA,Same-day visitors (excursionists),Thousands,2008,
LEBANON,Total trips,Thousands,2008,
LEBANON,Overnights visitors (tourists),Thousands,2008,
LEBANON,Same-day visitors (excursionists),Thousands,2008,
LESOTHO,Total trips,Thousands,2008,
LESOTHO,Overnights visitors (tourists),Thousands,2008,
LESOTHO,Same-day visitors (excursionists),Thousands,2008,
LIBERIA,Total trips,Thousands,2008,
LIBERIA,Overnights visitors (tourists),Thousands,2008,
LIBERIA,Same-day visitors (excursionists),Thousands,2008,
LIBYA,Total trips,Thousands,2008,
LIBYA,Overnights visitors (tourists),Thousands,2008,
LIBYA,Same-day visitors (excursionists),Thousands,2008,
LIECHTENSTEIN,Total trips,Thousands,2008,
LIECHTENSTEIN,Overnights visitors (tourists),Thousands,2008,
LIECHTENSTEIN,Same-day visitors (excursionists),Thousands,2008,
LITHUANIA,Total trips,Thousands,2008,
LITHUANIA,Overnights visitors (tourists),Thousands,2008,
LITHUANIA,Same-day visitors (excursionists),Thousands,2008,
LUXEMBOURG,Total trips,Thousands,2008,
LUXEMBOURG,Overnights visitors (tourists),Thousands,2008,59.0
LUXEMBOURG,Same-day visitors (excursionists),Thousands,2008,
"MACAO, CHINA",Total trips,Thousands,2008,
"MACAO, CHINA",Overnights visitors (tourists),Thousands,2008,
"MACAO, CHINA",Same-day visitors (excursionists),Thousands,2008,
MADAGASCAR,Total trips,Thousands,2008,
MADAGASCAR,Overnights visitors (tourists),Thousands,2008,
MADAGASCAR,Same-day visitors (excursionists),Thousands,2008,
MALAWI,Total trips,Thousands,2008,
MALAWI,Overnights visitors (tourists),Thousands,2008,
MALAWI,Same-day visitors (excursionists),Thousands,2008,
MALAYSIA,Total trips,Thousands,2008,
MALAYSIA,Overnights visitors (tourists),Thousands,2008,
MALAYSIA,Same-day visitors (excursionists),Thousands,2008,
MALDIVES,Total trips,Thousands,2008,
MALDIVES,Overnights visitors (tourists),Thousands,2008,
MALDIVES,Same-day visitors (excursionists),Thousands,2008,
MALI,Total trips,Thousands,2008,
MALI,Overnights visitors (tourists),Thousands,2008,45.0
MALI,Same-day visitors (excursionists),Thousands,2008,
MALTA,Total trips,Thousands,2008,
MALTA,Overnights visitors (tourists),Thousands,2008,
MALTA,Same-day visitors (excursionists),Thousands,2008,
MARSHALL ISLANDS,Total trips,Thousands,2008,
MARSHALL ISLANDS,Overnights visitors (tourists),Thousands,2008,
MARSHALL ISLANDS,Same-day visitors (excursionists),Thousands,2008,
MARTINIQUE,Total trips,Thousands,2008,
MARTINIQUE,Overnights visitors (tourists),Thousands,2008,
MARTINIQUE,Same-day visitors (excursionists),Thousands,2008,
MAURITANIA,Total trips,Thousands,2008,
MAURITANIA,Overnights visitors (tourists),Thousands,2008,
MAURITANIA,Same-day visitors (excursionists),Thousands,2008,
MAURITIUS,Total trips,Thousands,2008,
MAURITIUS,Overnights visitors (tourists),Thousands,2008,
MAURITIUS,Same-day visitors (excursionists),Thousands,2008,
MEXICO,Total trips,Thousands,2008,
MEXICO,Overnights visitors (tourists),Thousands,2008,
MEXICO,Same-day visitors (excursionists),Thousands,2008,
"MICRONESIA, FEDERATED STATES OF",Total trips,Thousands,2008,
"MICRONESIA, FEDERATED STATES OF",Overnights visitors (tourists),Thousands,2008,
"MICRONESIA, FEDERATED STATES OF",Same-day visitors (excursionists),Thousands,2008,
"MOLDOVA, REPUBLIC OF",Total trips,Thousands,2008,
"MOLDOVA, REPUBLIC OF",Overnights visitors (tourists),Thousands,2008,
"MOLDOVA, REPUBLIC OF",Same-day visitors (excursionists),Thousands,2008,
MONACO,Total trips,Thousands,2008,
MONACO,Overnights visitors (tourists),Thousands,2008,
MONACO,Same-day visitors (excursionists),Thousands,2008,
MONGOLIA,Total trips,Thousands,2008,
MONGOLIA,Overnights visitors (tourists),Thousands,2008,
MONGOLIA,Same-day visitors (excursionists),Thousands,2008,
MONTENEGRO,Total trips,Thousands,2008,
MONTENEGRO,Overnights visitors (tourists),Thousands,2008,
MONTENEGRO,Same-day visitors (excursionists),Thousands,2008,
MONTSERRAT,Total trips,Thousands,2008,
MONTSERRAT,Overnights visitors (tourists),Thousands,2008,
MONTSERRAT,Same-day visitors (excursionists),Thousands,2008,
MOROCCO,Total trips,Thousands,2008,
MOROCCO,Overnights visitors (tourists),Thousands,2008,
MOROCCO,Same-day visitors (excursionists),Thousands,2008,
MOZAMBIQUE,Total trips,Thousands,2008,
MOZAMBIQUE,Overnights visitors (tourists),Thousands,2008,
MOZAMBIQUE,Same-day visitors (excursionists),Thousands,2008,
MYANMAR,Total trips,Thousands,2008,
MYANMAR,Overnights visitors (tourists),Thousands,2008,
MYANMAR,Same-day visitors (excursionists),Thousands,2008,
NAMIBIA,Total trips,Thousands,2008,
NAMIBIA,Overnights visitors (tourists),Thousands,2008,
NAMIBIA,Same-day visitors (excursionists),Thousands,2008,
NAURU,Total trips,Thousands,2008,
NAURU,Overnights visitors (tourists),Thousands,2008,
NAURU,Same-day visitors (excursionists),Thousands,2008,
NEPAL,Total trips,Thousands,2008,
NEPAL,Overnights visitors (tourists),Thousands,2008,
NEPAL,Same-day visitors (excursionists),Thousands,2008,
NETHERLANDS,Total trips,Thousands,2008,
NETHERLANDS,Overnights visitors (tourists),Thousands,2008,
NETHERLANDS,Same-day visitors (excursionists),Thousands,2008,
NEW CALEDONIA,Total trips,Thousands,2008,
NEW CALEDONIA,Overnights visitors (tourists),Thousands,2008,
NEW CALEDONIA,Same-day visitors (excursionists),Thousands,2008,
NEW ZEALAND,Total trips,Thousands,2008,
NEW ZEALAND,Overnights visitors (tourists),Thousands,2008,
NEW ZEALAND,Same-day visitors (excursionists),Thousands,2008,
NICARAGUA,Total trips,Thousands,2008,
NICARAGUA,Overnights visitors (tourists),Thousands,2008,
NICARAGUA,Same-day visitors (excursionists),Thousands,2008,
NIGER,Total trips,Thousands,2008,
NIGER,Overnights visitors (tourists),Thousands,2008,
NIGER,Same-day visitors (excursionists),Thousands,2008,
NIGERIA,Total trips,Thousands,2008,
NIGERIA,Overnights visitors (tourists),Thousands,2008,
NIGERIA,Same-day visitors (excursionists),Thousands,2008,
NIUE,Total trips,Thousands,2008,
NIUE,Overnights visitors (tourists),Thousands,2008,
NIUE,Same-day visitors (excursionists),Thousands,2008,
NORTH MACEDONIA,Total trips,Thousands,2008,
NORTH MACEDONIA,Overnights visitors (tourists),Thousands,2008,
NORTH MACEDONIA,Same-day visitors (excursionists),Thousands,2008,
NORTHERN MARIANA ISLANDS,Total trips,Thousands,2008,
NORTHERN MARIANA ISLANDS,Overnights visitors (tourists),Thousands,2008,
NORTHERN MARIANA ISLANDS,Same-day visitors (excursionists),Thousands,2008,
NORWAY,Total trips,Thousands,2008,
NORWAY,Overnights visitors (tourists),Thousands,2008,
NORWAY,Same-day visitors (excursionists),Thousands,2008,
OMAN,Total trips,Thousands,2008,
OMAN,Overnights visitors (tourists),Thousands,2008,
OMAN,Same-day visitors (excursionists),Thousands,2008,
PAKISTAN,Total trips,Thousands,2008,
PAKISTAN,Overnights visitors (tourists),Thousands,2008,
PAKISTAN,Same-day visitors (excursionists),Thousands,2008,
PALAU,Total trips,Thousands,2008,
PALAU,Overnights visitors (tourists),Thousands,2008,
PALAU,Same-day visitors (excursionists),Thousands,2008,
PANAMA,Total trips,Thousands,2008,
PANAMA,Overnights visitors (tourists),Thousands,2008,
PANAMA,Same-day visitors (excursionists),Thousands,2008,
PAPUA NEW GUINEA,Total trips,Thousands,2008,
PAPUA NEW GUINEA,Overnights visitors (tourists),Thousands,2008,
PAPUA NEW GUINEA,Same-day visitors (excursionists),Thousands,2008,
PARAGUAY,Total trips,Thousands,2008,779.0
PARAGUAY,Overnights visitors (tourists),Thousands,2008,622.0
PARAGUAY,Same-day visitors (excursionists),Thousands,2008,157.0
PERU,Total trips,Thousands,2008,
PERU,Overnights visitors (tourists),Thousands,2008,
PERU,Same-day visitors (excursionists),Thousands,2008,
PHILIPPINES,Total trips,Thousands,2008,
PHILIPPINES,Overnights visitors (tourists),Thousands,2008,
PHILIPPINES,Same-day visitors (excursionists),Thousands,2008,
POLAND,Total trips,Thousands,2008,
POLAND,Overnights visitors (tourists),Thousands,2008,
POLAND,Same-day visitors (excursionists),Thousands,2008,
PORTUGAL,Total trips,Thousands,2008,
PORTUGAL,Overnights visitors (tourists),Thousands,2008,
PORTUGAL,Same-day visitors (excursionists),Thousands,2008,
PUERTO RICO,Total trips,Thousands,2008,
PUERTO RICO,Overnights visitors (tourists),Thousands,2008,
PUERTO RICO,Same-day visitors (excursionists),Thousands,2008,
QATAR,Total trips,Thousands,2008,
QATAR,Overnights visitors (tourists),Thousands,2008,
QATAR,Same-day visitors (excursionists),Thousands,2008,
REUNION,Total trips,Thousands,2008,
REUNION,Overnights visitors (tourists),Thousands,2008,
REUNION,Same-day visitors (excursionists),Thousands,2008,
ROMANIA,Total trips,Thousands,2008,
ROMANIA,Overnights visitors (tourists),Thousands,2008,
ROMANIA,Same-day visitors (excursionists),Thousands,2008,
RUSSIAN FEDERATION,Total trips,Thousands,2008,
RUSSIAN FEDERATION,Overnights visitors (tourists),Thousands,2008,
RUSSIAN FEDERATION,Same-day visitors (excursionists),Thousands,2008,
RWANDA,Total trips,Thousands,2008,
RWANDA,Overnights visitors (tourists),Thousands,2008,
RWANDA,Same-day visitors (excursionists),Thousands,2008,
SABA,Total trips,Thousands,2008,
SABA,Overnights visitors (tourists),Thousands,2008,
SABA,Same-day visitors (excursionists),Thousands,2008,
SAINT KITTS AND NEVIS,Total trips,Thousands,2008,
SAINT KITTS AND NEVIS,Overnights visitors (tourists),Thousands,2008,
SAINT KITTS AND NEVIS,Same-day visitors (excursionists),Thousands,2008,
SAINT LUCIA,Total trips,Thousands,2008,
SAINT LUCIA,Overnights visitors (tourists),Thousands,2008,
SAINT LUCIA,Same-day visitors (excursionists),Thousands,2008,
SAINT VINCENT AND THE GRENADINES,Total trips,Thousands,2008,
SAINT VINCENT AND THE GRENADINES,Overnights visitors (tourists),Thousands,2008,
SAINT VINCENT AND THE GRENADINES,Same-day visitors (excursionists),Thousands,2008,
SAMOA,Total trips,Thousands,2008,
SAMOA,Overnights visitors (tourists),Thousands,2008,
SAMOA,Same-day visitors (excursionists),Thousands,2008,
SAN MARINO,Total trips,Thousands,2008,
SAN MARINO,Overnights visitors (tourists),Thousands,2008,
SAN MARINO,Same-day visitors (excursionists),Thousands,2008,
SAO TOME AND PRINCIPE,Total trips,Thousands,2008,
SAO TOME AND PRINCIPE,Overnights visitors (tourists),Thousands,2008,
SAO TOME AND PRINCIPE,Same-day visitors (excursionists),Thousands,2008,
SAUDI ARABIA,Total trips,Thousands,2008,
SAUDI ARABIA,Overnights visitors (tourists),Thousands,2008,
SAUDI ARABIA,Same-day visitors (excursionists),Thousands,2008,
SENEGAL,Total trips,Thousands,2008,
SENEGAL,Overnights visitors (tourists),Thousands,2008,
SENEGAL,Same-day visitors (excursionists),Thousands,2008,
SERBIA,Total trips,Thousands,2008,
SERBIA,Overnights visitors (tourists),Thousands,2008,
SERBIA,Same-day visitors (excursionists),Thousands,2008,
SERBIA AND MONTENEGRO,Total trips,Thousands,2008,
SERBIA AND MONTENEGRO,Overnights visitors (tourists),Thousands,2008,
SERBIA AND MONTENEGRO,Same-day visitors (excursionists),Thousands,2008,
SEYCHELLES,Total trips,Thousands,2008,
SEYCHELLES,Overnights visitors (tourists),Thousands,2008,
SEYCHELLES,Same-day visitors (excursionists),Thousands,2008,
SIERRA LEONE,Total trips,Thousands,2008,
SIERRA LEONE,Overnights visitors (tourists),Thousands,2008,
SIERRA LEONE,Same-day visitors (excursionists),Thousands,2008,
SINGAPORE,Total trips,Thousands,2008,
SINGAPORE,Overnights visitors (tourists),Thousands,2008,
SINGAPORE,Same-day visitors (excursionists),Thousands,2008,
SINT EUSTATIUS,Total trips,Thousands,2008,
SINT EUSTATIUS,Overnights visitors (tourists),Thousands,2008,
SINT EUSTATIUS,Same-day visitors (excursionists),Thousands,2008,
SINT MAARTEN (DUTCH PART),Total trips,Thousands,2008,
SINT MAARTEN (DUTCH PART),Overnights visitors (tourists),Thousands,2008,
SINT MAARTEN (DUTCH PART),Same-day visitors (excursionists),Thousands,2008,
SLOVAKIA,Total trips,Thousands,2008,
SLOVAKIA,Overnights visitors (tourists),Thousands,2008,
SLOVAKIA,Same-day visitors (excursionists),Thousands,2008,
SLOVENIA,Total trips,Thousands,2008,
SLOVENIA,Overnights visitors (tourists),Thousands,2008,
SLOVENIA,Same-day visitors (excursionists),Thousands,2008,
SOLOMON ISLANDS,Total trips,Thousands,2008,
SOLOMON ISLANDS,Overnights visitors (tourists),Thousands,2008,
SOLOMON ISLANDS,Same-day visitors (excursionists),Thousands,2008,
SOMALIA,Total trips,Thousands,2008,
SOMALIA,Overnights visitors (tourists),Thousands,2008,
SOMALIA,Same-day visitors (excursionists),Thousands,2008,
SOUTH AFRICA,Total trips,Thousands,2008,
SOUTH AFRICA,Overnights visitors (tourists),Thousands,2008,
SOUTH AFRICA,Same-day visitors (excursionists),Thousands,2008,
SOUTH SUDAN,Total trips,Thousands,2008,
SOUTH SUDAN,Overnights visitors (tourists),Thousands,2008,
SOUTH SUDAN,Same-day visitors (excursionists),Thousands,2008,
SPAIN,Total trips,Thousands,2008,
SPAIN,Overnights visitors (tourists),Thousands,2008,
SPAIN,Same-day visitors (excursionists),Thousands,2008,
SRI LANKA,Total trips,Thousands,2008,
SRI LANKA,Overnights visitors (tourists),Thousands,2008,
SRI LANKA,Same-day visitors (excursionists),Thousands,2008,
STATE OF PALESTINE,Total trips,Thousands,2008,
STATE OF PALESTINE,Overnights visitors (tourists),Thousands,2008,
STATE OF PALESTINE,Same-day visitors (excursionists),Thousands,2008,
SUDAN,Total trips,Thousands,2008,
SUDAN,Overnights visitors (tourists),Thousands,2008,
SUDAN,Same-day visitors (excursionists),Thousands,2008,
SURINAME,Total trips,Thousands,2008,
SURINAME,Overnights visitors (tourists),Thousands,2008,
SURINAME,Same-day visitors (excursionists),Thousands,2008,
SWEDEN,Total trips,Thousands,2008,
SWEDEN,Overnights visitors (tourists),Thousands,2008,
SWEDEN,Same-day visitors (excursionists),Thousands,2008,
SWITZERLAND,Total trips,Thousands,2008,
SWITZERLAND,Overnights visitors (tourists),Thousands,2008,
SWITZERLAND,Same-day visitors (excursionists),Thousands,2008,
SYRIAN ARAB REPUBLIC,Total trips,Thousands,2008,
SYRIAN ARAB REPUBLIC,Overnights visitors (tourists),Thousands,2008,
SYRIAN ARAB REPUBLIC,Same-day visitors (excursionists),Thousands,2008,
TAIWAN PROVINCE OF CHINA,Total trips,Thousands,2008,
TAIWAN PROVINCE OF CHINA,Overnights visitors (tourists),Thousands,2008,
TAIWAN PROVINCE OF CHINA,Same-day visitors (excursionists),Thousands,2008,
TAJIKISTAN,Total trips,Thousands,2008,
TAJIKISTAN,Overnights visitors (tourists),Thousands,2008,
TAJIKISTAN,Same-day visitors (excursionists),Thousands,2008,
"TANZANIA, UNITED REPUBLIC OF",Total trips,Thousands,2008,
"TANZANIA, UNITED REPUBLIC OF",Overnights visitors (tourists),Thousands,2008,
"TANZANIA, UNITED REPUBLIC OF",Same-day visitors (excursionists),Thousands,2008,
THAILAND,Total trips,Thousands,2008,
THAILAND,Overnights visitors (tourists),Thousands,2008,
THAILAND,Same-day visitors (excursionists),Thousands,2008,
TIMOR-LESTE,Total trips,Thousands,2008,
TIMOR-LESTE,Overnights visitors (tourists),Thousands,2008,
TIMOR-LESTE,Same-day visitors (excursionists),Thousands,2008,
TOGO,Total trips,Thousands,2008,
TOGO,Overnights visitors (tourists),Thousands,2008,
TOGO,Same-day visitors (excursionists),Thousands,2008,
TONGA,Total trips,Thousands,2008,
TONGA,Overnights visitors (tourists),Thousands,2008,
TONGA,Same-day visitors (excursionists),Thousands,2008,
TRINIDAD AND TOBAGO,Total trips,Thousands,2008,
TRINIDAD AND TOBAGO,Overnights visitors (tourists),Thousands,2008,
TRINIDAD AND TOBAGO,Same-day visitors (excursionists),Thousands,2008,
TUNISIA,Total trips,Thousands,2008,
TUNISIA,Overnights visitors (tourists),Thousands,2008,
TUNISIA,Same-day visitors (excursionists),Thousands,2008,
TÜRKIYE,Total trips,Thousands,2008,
TÜRKIYE,Overnights visitors (tourists),Thousands,2008,
TÜRKIYE,Same-day visitors (excursionists),Thousands,2008,
TURKMENISTAN,Total trips,Thousands,2008,
TURKMENISTAN,Overnights visitors (tourists),Thousands,2008,
TURKMENISTAN,Same-day visitors (excursionists),Thousands,2008,
TURKS AND CAICOS ISLANDS,Total trips,Thousands,2008,
TURKS AND CAICOS ISLANDS,Overnights visitors (tourists),Thousands,2008,
TURKS AND CAICOS ISLANDS,Same-day visitors (excursionists),Thousands,2008,
TUVALU,Total trips,Thousands,2008,
TUVALU,Overnights visitors (tourists),Thousands,2008,
TUVALU,Same-day visitors (excursionists),Thousands,2008,
UGANDA,Total trips,Thousands,2008,
UGANDA,Overnights visitors (tourists),Thousands,2008,
UGANDA,Same-day visitors (excursionists),Thousands,2008,
UKRAINE,Total trips,Thousands,2008,
UKRAINE,Overnights visitors (tourists),Thousands,2008,
UKRAINE,Same-day visitors (excursionists),Thousands,2008,
UNITED ARAB EMIRATES,Total trips,Thousands,2008,
UNITED ARAB EMIRATES,Overnights visitors (tourists),Thousands,2008,
UNITED ARAB EMIRATES,Same-day visitors (excursionists),Thousands,2008,
UNITED KINGDOM,Total trips,Thousands,2008,
UNITED KINGDOM,Overnights visitors (tourists),Thousands,2008,
UNITED KINGDOM,Same-day visitors (excursionists),Thousands,2008,
UNITED STATES OF AMERICA,Total trips,Thousands,2008,
UNITED STATES OF AMERICA,Overnights visitors (tourists),Thousands,2008,
UNITED STATES OF AMERICA,Same-day visitors (excursionists),Thousands,2008,
UNITED STATES VIRGIN ISLANDS,Total trips,Thousands,2008,
UNITED STATES VIRGIN ISLANDS,Overnights visitors (tourists),Thousands,2008,
UNITED STATES VIRGIN ISLANDS,Same-day visitors (excursionists),Thousands,2008,
URUGUAY,Total trips,Thousands,2008,
URUGUAY,Overnights visitors (tourists),Thousands,2008,
URUGUAY,Same-day visitors (excursionists),Thousands,2008,
UZBEKISTAN,Total trips,Thousands,2008,
UZBEKISTAN,Overnights visitors (tourists),Thousands,2008,
UZBEKISTAN,Same-day visitors (excursionists),Thousands,2008,
VANUATU,Total trips,Thousands,2008,
VANUATU,Overnights visitors (tourists),Thousands,2008,
VANUATU,Same-day visitors (excursionists),Thousands,2008,
"VENEZUELA, BOLIVARIAN REPUBLIC OF",Total trips,Thousands,2008,
"VENEZUELA, BOLIVARIAN REPUBLIC OF",Overnights visitors (tourists),Thousands,2008,
"VENEZUELA, BOLIVARIAN REPUBLIC OF",Same-day visitors (excursionists),Thousands,2008,
VIET NAM,Total trips,Thousands,2008,
VIET NAM,Overnights visitors (tourists),Thousands,2008,
VIET NAM,Same-day visitors (excursionists),Thousands,2008,
YEMEN,Total trips,Thousands,2008,
YEMEN,Overnights visitors (tourists),Thousands,2008,
YEMEN,Same-day visitors (excursionists),Thousands,2008,
ZAMBIA,Total trips,Thousands,2008,
ZAMBIA,Overnights visitors (tourists),Thousands,2008,
ZAMBIA,Same-day visitors (excursionists),Thousands,2008,
ZIMBABWE,Total trips,Thousands,2008,
ZIMBABWE,Overnights visitors (tourists),Thousands,2008,
ZIMBABWE,Same-day visitors (excursionists),Thousands,2008,
AFGHANISTAN,Total trips,Thousands,2009,
AFGHANISTAN,Overnights visitors (tourists),Thousands,2009,
AFGHANISTAN,Same-day visitors (excursionists),Thousands,2009,
ALBANIA,Total trips,Thousands,2009,
ALBANIA,Overnights visitors (tourists),Thousands,2009,
ALBANIA,Same-day visitors (excursionists),Thousands,2009,
ALGERIA,Total trips,Thousands,2009,
ALGERIA,Overnights visitors (tourists),Thousands,2009,
ALGERIA,Same-day visitors (excursionists),Thousands,2009,
AMERICAN SAMOA,Total trips,Thousands,2009,
AMERICAN SAMOA,Overnights visitors (tourists),Thousands,2009,
AMERICAN SAMOA,Same-day visitors (excursionists),Thousands,2009,
ANDORRA,Total trips,Thousands,2009,
ANDORRA,Overnights visitors (tourists),Thousands,2009,
ANDORRA,Same-day visitors (excursionists),Thousands,2009,
ANGOLA,Total trips,Thousands,2009,
ANGOLA,Overnights visitors (tourists),Thousands,2009,
ANGOLA,Same-day visitors (excursionists),Thousands,2009,
ANGUILLA,Total trips,Thousands,2009,
ANGUILLA,Overnights visitors (tourists),Thousands,2009,
ANGUILLA,Same-day visitors (excursionists),Thousands,2009,
ANTIGUA AND BARBUDA,Total trips,Thousands,2009,
ANTIGUA AND BARBUDA,Overnights visitors (tourists),Thousands,2009,
ANTIGUA AND BARBUDA,Same-day visitors (excursionists),Thousands,2009,
ARGENTINA,Total trips,Thousands,2009,
ARGENTINA,Overnights visitors (tourists),Thousands,2009,
ARGENTINA,Same-day visitors (excursionists),Thousands,2009,
ARMENIA,Total trips,Thousands,2009,
ARMENIA,Overnights visitors (tourists),Thousands,2009,436.0
ARMENIA,Same-day visitors (excursionists),Thousands,2009,
ARUBA,Total trips,Thousands,2009,
ARUBA,Overnights visitors (tourists),Thousands,2009,
ARUBA,Same-day visitors (excursionists),Thousands,2009,
AUSTRALIA,Total trips,Thousands,2009,
AUSTRALIA,Overnights visitors (tourists),Thousands,2009,
AUSTRALIA,Same-day visitors (excursionists),Thousands,2009,
AUSTRIA,Total trips,Thousands,2009,
AUSTRIA,Overnights visitors (tourists),Thousands,2009,
AUSTRIA,Same-day visitors (excursionists),Thousands,2009,
AZERBAIJAN,Total trips,Thousands,2009,
AZERBAIJAN,Overnights visitors (tourists),Thousands,2009,
AZERBAIJAN,Same-day visitors (excursionists),Thousands,2009,
BAHAMAS,Total trips,Thousands,2009,
BAHAMAS,Overnights visitors (tourists),Thousands,2009,
BAHAMAS,Same-day visitors (excursionists),Thousands,2009,
BAHRAIN,Total trips,Thousands,2009,
BAHRAIN,Overnights visitors (tourists),Thousands,2009,
BAHRAIN,Same-day visitors (excursionists),Thousands,2009,
BANGLADESH,Total trips,Thousands,2009,
BANGLADESH,Overnights visitors (tourists),Thousands,2009,
BANGLADESH,Same-day visitors (excursionists),Thousands,2009,
BARBADOS,Total trips,Thousands,2009,
BARBADOS,Overnights visitors (tourists),Thousands,2009,
BARBADOS,Same-day visitors (excursionists),Thousands,2009,
BELARUS,Total trips,Thousands,2009,
BELARUS,Overnights visitors (tourists),Thousands,2009,
BELARUS,Same-day visitors (excursionists),Thousands,2009,
BELGIUM,Total trips,Thousands,2009,
BELGIUM,Overnights visitors (tourists),Thousands,2009,
BELGIUM,Same-day visitors (excursionists),Thousands,2009,
BELIZE,Total trips,Thousands,2009,
BELIZE,Overnights visitors (tourists),Thousands,2009,
BELIZE,Same-day visitors (excursionists),Thousands,2009,
BENIN,Total trips,Thousands,2009,
BENIN,Overnights visitors (tourists),Thousands,2009,
BENIN,Same-day visitors (excursionists),Thousands,2009,
BERMUDA,Total trips,Thousands,2009,
BERMUDA,Overnights visitors (tourists),Thousands,2009,
BERMUDA,Same-day visitors (excursionists),Thousands,2009,
BHUTAN,Total trips,Thousands,2009,
BHUTAN,Overnights visitors (tourists),Thousands,2009,
BHUTAN,Same-day visitors (excursionists),Thousands,2009,
"BOLIVIA, PLURINATIONAL STATE OF",Total trips,Thousands,2009,
"BOLIVIA, PLURINATIONAL STATE OF",Overnights visitors (tourists),Thousands,2009,
"BOLIVIA, PLURINATIONAL STATE OF",Same-day visitors (excursionists),Thousands,2009,
BONAIRE,Total trips,Thousands,2009,
BONAIRE,Overnights visitors (tourists),Thousands,2009,
BONAIRE,Same-day visitors (excursionists),Thousands,2009,
BOSNIA AND HERZEGOVINA,Total trips,Thousands,2009,
BOSNIA AND HERZEGOVINA,Overnights visitors (tourists),Thousands,2009,
BOSNIA AND HERZEGOVINA,Same-day visitors (excursionists),Thousands,2009,
BOTSWANA,Total trips,Thousands,2009,
BOTSWANA,Overnights visitors (tourists),Thousands,2009,
BOTSWANA,Same-day visitors (excursionists),Thousands,2009,
BRAZIL,Total trips,Thousands,2009,
BRAZIL,Overnights visitors (tourists),Thousands,2009,
BRAZIL,Same-day visitors (excursionists),Thousands,2009,
BRITISH VIRGIN ISLANDS,Total trips,Thousands,2009,
BRITISH VIRGIN ISLANDS,Overnights visitors (tourists),Thousands,2009,
BRITISH VIRGIN ISLANDS,Same-day visitors (excursionists),Thousands,2009,
BRUNEI DARUSSALAM,Total trips,Thousands,2009,
BRUNEI DARUSSALAM,Overnights visitors (tourists),Thousands,2009,
BRUNEI DARUSSALAM,Same-day visitors (excursionists),Thousands,2009,
BULGARIA,Total trips,Thousands,2009,
BULGARIA,Overnights visitors (tourists),Thousands,2009,
BULGARIA,Same-day visitors (excursionists),Thousands,2009,
BURKINA FASO,Total trips,Thousands,2009,
BURKINA FASO,Overnights visitors (tourists),Thousands,2009,
BURKINA FASO,Same-day visitors (excursionists),Thousands,2009,
BURUNDI,Total trips,Thousands,2009,
BURUNDI,Overnights visitors (tourists),Thousands,2009,
BURUNDI,Same-day visitors (excursionists),Thousands,2009,
CABO VERDE,Total trips,Thousands,2009,
CABO VERDE,Overnights visitors (tourists),Thousands,2009,
CABO VERDE,Same-day visitors (excursionists),Thousands,2009,
CAMBODIA,Total trips,Thousands,2009,
CAMBODIA,Overnights visitors (tourists),Thousands,2009,
CAMBODIA,Same-day visitors (excursionists),Thousands,2009,
CAMEROON,Total trips,Thousands,2009,
CAMEROON,Overnights visitors (tourists),Thousands,2009,
CAMEROON,Same-day visitors (excursionists),Thousands,2009,
CANADA,Total trips,Thousands,2009,
CANADA,Overnights visitors (tourists),Thousands,2009,
CANADA,Same-day visitors (excursionists),Thousands,2009,
CAYMAN ISLANDS,Total trips,Thousands,2009,
CAYMAN ISLANDS,Overnights visitors (tourists),Thousands,2009,
CAYMAN ISLANDS,Same-day visitors (excursionists),Thousands,2009,
CENTRAL AFRICAN REPUBLIC,Total trips,Thousands,2009,
CENTRAL AFRICAN REPUBLIC,Overnights visitors (tourists),Thousands,2009,
CENTRAL AFRICAN REPUBLIC,Same-day visitors (excursionists),Thousands,2009,
CHAD,Total trips,Thousands,2009,
CHAD,Overnights visitors (tourists),Thousands,2009,
CHAD,Same-day visitors (excursionists),Thousands,2009,
CHILE,Total trips,Thousands,2009,
CHILE,Overnights visitors (tourists),Thousands,2009,
CHILE,Same-day visitors (excursionists),Thousands,2009,
CHINA,Total trips,Thousands,2009,
CHINA,Overnights visitors (tourists),Thousands,2009,
CHINA,Same-day visitors (excursionists),Thousands,2009,
COLOMBIA,Total trips,Thousands,2009,
COLOMBIA,Overnights visitors (tourists),Thousands,2009,
COLOMBIA,Same-day visitors (excursionists),Thousands,2009,
COMOROS,Total trips,Thousands,2009,
COMOROS,Overnights visitors (tourists),Thousands,2009,
COMOROS,Same-day visitors (excursionists),Thousands,2009,
CONGO,Total trips,Thousands,2009,
CONGO,Overnights visitors (tourists),Thousands,2009,
CONGO,Same-day visitors (excursionists),Thousands,2009,
"CONGO, DEMOCRATIC REPUBLIC OF THE",Total trips,Thousands,2009,
"CONGO, DEMOCRATIC REPUBLIC OF THE",Overnights visitors (tourists),Thousands,2009,
"CONGO, DEMOCRATIC REPUBLIC OF THE",Same-day visitors (excursionists),Thousands,2009,
COOK ISLANDS,Total trips,Thousands,2009,
COOK ISLANDS,Overnights visitors (tourists),Thousands,2009,
COOK ISLANDS,Same-day visitors (excursionists),Thousands,2009,
COSTA RICA,Total trips,Thousands,2009,
COSTA RICA,Overnights visitors (tourists),Thousands,2009,
COSTA RICA,Same-day visitors (excursionists),Thousands,2009,
COTE D´IVOIRE,Total trips,Thousands,2009,
COTE D´IVOIRE,Overnights visitors (tourists),Thousands,2009,
COTE D´IVOIRE,Same-day visitors (excursionists),Thousands,2009,
CROATIA,Total trips,Thousands,2009,
CROATIA,Overnights visitors (tourists),Thousands,2009,
CROATIA,Same-day visitors (excursionists),Thousands,2009,
CUBA,Total trips,Thousands,2009,
CUBA,Overnights visitors (tourists),Thousands,2009,
CUBA,Same-day visitors (excursionists),Thousands,2009,
CURAÇAO,Total trips,Thousands,2009,
CURAÇAO,Overnights visitors (tourists),Thousands,2009,
CURAÇAO,Same-day visitors (excursionists),Thousands,2009,
CYPRUS,Total trips,Thousands,2009,
CYPRUS,Overnights visitors (tourists),Thousands,2009,
CYPRUS,Same-day visitors (excursionists),Thousands,2009,
CZECH REPUBLIC (CZECHIA),Total trips,Thousands,2009,
CZECH REPUBLIC (CZECHIA),Overnights visitors (tourists),Thousands,2009,
CZECH REPUBLIC (CZECHIA),Same-day visitors (excursionists),Thousands,2009,
DENMARK,Total trips,Thousands,2009,
DENMARK,Overnights visitors (tourists),Thousands,2009,
DENMARK,Same-day visitors (excursionists),Thousands,2009,
DJIBOUTI,Total trips,Thousands,2009,
DJIBOUTI,Overnights visitors (tourists),Thousands,2009,
DJIBOUTI,Same-day visitors (excursionists),Thousands,2009,
DOMINICA,Total trips,Thousands,2009,
DOMINICA,Overnights visitors (tourists),Thousands,2009,
DOMINICA,Same-day visitors (excursionists),Thousands,2009,
DOMINICAN REPUBLIC,Total trips,Thousands,2009,
DOMINICAN REPUBLIC,Overnights visitors (tourists),Thousands,2009,
DOMINICAN REPUBLIC,Same-day visitors (excursionists),Thousands,2009,
ECUADOR,Total trips,Thousands,2009,
ECUADOR,Overnights visitors (tourists),Thousands,2009,
ECUADOR,Same-day visitors (excursionists),Thousands,2009,
EGYPT,Total trips,Thousands,2009,
EGYPT,Overnights visitors (tourists),Thousands,2009,
EGYPT,Same-day visitors (excursionists),Thousands,2009,
EL SALVADOR,Total trips,Thousands,2009,
EL SALVADOR,Overnights visitors (tourists),Thousands,2009,
EL SALVADOR,Same-day visitors (excursionists),Thousands,2009,
EQUATORIAL GUINEA,Total trips,Thousands,2009,
EQUATORIAL GUINEA,Overnights visitors (tourists),Thousands,2009,
EQUATORIAL GUINEA,Same-day visitors (excursionists),Thousands,2009,
ERITREA,Total trips,Thousands,2009,
ERITREA,Overnights visitors (tourists),Thousands,2009,
ERITREA,Same-day visitors (excursionists),Thousands,2009,
ESTONIA,Total trips,Thousands,2009,
ESTONIA,Overnights visitors (tourists),Thousands,2009,886.0
ESTONIA,Same-day visitors (excursionists),Thousands,2009,
ESWATINI,Total trips,Thousands,2009,
ESWATINI,Overnights visitors (tourists),Thousands,2009,
ESWATINI,Same-day visitors (excursionists),Thousands,2009,
ETHIOPIA,Total trips,Thousands,2009,
ETHIOPIA,Overnights visitors (tourists),Thousands,2009,
ETHIOPIA,Same-day visitors (excursionists),Thousands,2009,
FIJI,Total trips,Thousands,2009,
FIJI,Overnights visitors (tourists),Thousands,2009,
FIJI,Same-day visitors (excursionists),Thousands,2009,
FINLAND,Total trips,Thousands,2009,
FINLAND,Overnights visitors (tourists),Thousands,2009,
FINLAND,Same-day visitors (excursionists),Thousands,2009,
FRANCE,Total trips,Thousands,2009,
FRANCE,Overnights visitors (tourists),Thousands,2009,
FRANCE,Same-day visitors (excursionists),Thousands,2009,
FRENCH GUIANA,Total trips,Thousands,2009,
FRENCH GUIANA,Overnights visitors (tourists),Thousands,2009,
FRENCH GUIANA,Same-day visitors (excursionists),Thousands,2009,
FRENCH POLYNESIA,Total trips,Thousands,2009,
FRENCH POLYNESIA,Overnights visitors (tourists),Thousands,2009,
FRENCH POLYNESIA,Same-day visitors (excursionists),Thousands,2009,
GABON,Total trips,Thousands,2009,
GABON,Overnights visitors (tourists),Thousands,2009,
GABON,Same-day visitors (excursionists),Thousands,2009,
GAMBIA,Total trips,Thousands,2009,
GAMBIA,Overnights visitors (tourists),Thousands,2009,
GAMBIA,Same-day visitors (excursionists),Thousands,2009,
GEORGIA,Total trips,Thousands,2009,
GEORGIA,Overnights visitors (tourists),Thousands,2009,
GEORGIA,Same-day visitors (excursionists),Thousands,2009,
GERMANY,Total trips,Thousands,2009,
GERMANY,Overnights visitors (tourists),Thousands,2009,
GERMANY,Same-day visitors (excursionists),Thousands,2009,
GHANA,Total trips,Thousands,2009,
GHANA,Overnights visitors (tourists),Thousands,2009,
GHANA,Same-day visitors (excursionists),Thousands,2009,
GREECE,Total trips,Thousands,2009,
GREECE,Overnights visitors (tourists),Thousands,2009,
GREECE,Same-day visitors (excursionists),Thousands,2009,
GRENADA,Total trips,Thousands,2009,
GRENADA,Overnights visitors (tourists),Thousands,2009,
GRENADA,Same-day visitors (excursionists),Thousands,2009,
GUADELOUPE,Total trips,Thousands,2009,
GUADELOUPE,Overnights visitors (tourists),Thousands,2009,
GUADELOUPE,Same-day visitors (excursionists),Thousands,2009,
GUAM,Total trips,Thousands,2009,
GUAM,Overnights visitors (tourists),Thousands,2009,
GUAM,Same-day visitors (excursionists),Thousands,2009,
GUATEMALA,Total trips,Thousands,2009,
GUATEMALA,Overnights visitors (tourists),Thousands,2009,
GUATEMALA,Same-day visitors (excursionists),Thousands,2009,
GUINEA,Total trips,Thousands,2009,
GUINEA,Overnights visitors (tourists),Thousands,2009,
GUINEA,Same-day visitors (excursionists),Thousands,2009,
GUINEA-BISSAU,Total trips,Thousands,2009,
GUINEA-BISSAU,Overnights visitors (tourists),Thousands,2009,
GUINEA-BISSAU,Same-day visitors (excursionists),Thousands,2009,
GUYANA,Total trips,Thousands,2009,
GUYANA,Overnights visitors (tourists),Thousands,2009,
GUYANA,Same-day visitors (excursionists),Thousands,2009,
HAITI,Total trips,Thousands,2009,
HAITI,Overnights visitors (tourists),Thousands,2009,
HAITI,Same-day visitors (excursionists),Thousands,2009,
HONDURAS,Total trips,Thousands,2009,
HONDURAS,Overnights visitors (tourists),Thousands,2009,
HONDURAS,Same-day visitors (excursionists),Thousands,2009,
"HONG KONG, CHINA",Total trips,Thousands,2009,
"HONG KONG, CHINA",Overnights visitors (tourists),Thousands,2009,
"HONG KONG, CHINA",Same-day visitors (excursionists),Thousands,2009,
HUNGARY,Total trips,Thousands,2009,
HUNGARY,Overnights visitors (tourists),Thousands,2009,
HUNGARY,Same-day visitors (excursionists),Thousands,2009,
ICELAND,Total trips,Thousands,2009,
ICELAND,Overnights visitors (tourists),Thousands,2009,
ICELAND,Same-day visitors (excursionists),Thousands,2009,
INDIA,Total trips,Thousands,2009,
INDIA,Overnights visitors (tourists),Thousands,2009,
INDIA,Same-day visitors (excursionists),Thousands,2009,
INDONESIA,Total trips,Thousands,2009,
INDONESIA,Overnights visitors (tourists),Thousands,2009,
INDONESIA,Same-day visitors (excursionists),Thousands,2009,
"IRAN, ISLAMIC REPUBLIC OF",Total trips,Thousands,2009,
"IRAN, ISLAMIC REPUBLIC OF",Overnights visitors (tourists),Thousands,2009,
"IRAN, ISLAMIC REPUBLIC OF",Same-day visitors (excursionists),Thousands,2009,
IRAQ,Total trips,Thousands,2009,
IRAQ,Overnights visitors (tourists),Thousands,2009,
IRAQ,Same-day visitors (excursionists),Thousands,2009,
IRELAND,Total trips,Thousands,2009,
IRELAND,Overnights visitors (tourists),Thousands,2009,
IRELAND,Same-day visitors (excursionists),Thousands,2009,
ISRAEL,Total trips,Thousands,2009,
ISRAEL,Overnights visitors (tourists),Thousands,2009,
ISRAEL,Same-day visitors (excursionists),Thousands,2009,
ITALY,Total trips,Thousands,2009,
ITALY,Overnights visitors (tourists),Thousands,2009,
ITALY,Same-day visitors (excursionists),Thousands,2009,
JAMAICA,Total trips,Thousands,2009,
JAMAICA,Overnights visitors (tourists),Thousands,2009,
JAMAICA,Same-day visitors (excursionists),Thousands,2009,
JAPAN,Total trips,Thousands,2009,
JAPAN,Overnights visitors (tourists),Thousands,2009,
JAPAN,Same-day visitors (excursionists),Thousands,2009,
JORDAN,Total trips,Thousands,2009,
JORDAN,Overnights visitors (tourists),Thousands,2009,
JORDAN,Same-day visitors (excursionists),Thousands,2009,
KAZAKHSTAN,Total trips,Thousands,2009,
KAZAKHSTAN,Overnights visitors (tourists),Thousands,2009,
KAZAKHSTAN,Same-day visitors (excursionists),Thousands,2009,
KENYA,Total trips,Thousands,2009,
KENYA,Overnights visitors (tourists),Thousands,2009,
KENYA,Same-day visitors (excursionists),Thousands,2009,
KIRIBATI,Total trips,Thousands,2009,
KIRIBATI,Overnights visitors (tourists),Thousands,2009,
KIRIBATI,Same-day visitors (excursionists),Thousands,2009,
"KOREA, DEMOCRATIC PEOPLE´S REPUBLIC OF",Total trips,Thousands,2009,
"KOREA, DEMOCRATIC PEOPLE´S REPUBLIC OF",Overnights visitors (tourists),Thousands,2009,
"KOREA, DEMOCRATIC PEOPLE´S REPUBLIC OF",Same-day visitors (excursionists),Thousands,2009,
"KOREA, REPUBLIC OF",Total trips,Thousands,2009,
"KOREA, REPUBLIC OF",Overnights visitors (tourists),Thousands,2009,
"KOREA, REPUBLIC OF",Same-day visitors (excursionists),Thousands,2009,
KUWAIT,Total trips,Thousands,2009,
KUWAIT,Overnights visitors (tourists),Thousands,2009,
KUWAIT,Same-day visitors (excursionists),Thousands,2009,
KYRGYZSTAN,Total trips,Thousands,2009,
KYRGYZSTAN,Overnights visitors (tourists),Thousands,2009,
KYRGYZSTAN,Same-day visitors (excursionists),Thousands,2009,
LAO PEOPLE´S DEMOCRATIC REPUBLIC,Total trips,Thousands,2009,
LAO PEOPLE´S DEMOCRATIC REPUBLIC,Overnights visitors (tourists),Thousands,2009,
LAO PEOPLE´S DEMOCRATIC REPUBLIC,Same-day visitors (excursionists),Thousands,2009,
LATVIA,Total trips,Thousands,2009,
LATVIA,Overnights visitors (tourists),Thousands,2009,
LATVIA,Same-day visitors (excursionists),Thousands,2009,
LEBANON,Total trips,Thousands,2009,
LEBANON,Overnights visitors (tourists),Thousands,2009,
LEBANON,Same-day visitors (excursionists),Thousands,2009,
LESOTHO,Total trips,Thousands,2009,
LESOTHO,Overnights visitors (tourists),Thousands,2009,
LESOTHO,Same-day visitors (excursionists),Thousands,2009,
LIBERIA,Total trips,Thousands,2009,
LIBERIA,Overnights visitors (tourists),Thousands,2009,
LIBERIA,Same-day visitors (excursionists),Thousands,2009,
LIBYA,Total trips,Thousands,2009,
LIBYA,Overnights visitors (tourists),Thousands,2009,
LIBYA,Same-day visitors (excursionists),Thousands,2009,
LIECHTENSTEIN,Total trips,Thousands,2009,
LIECHTENSTEIN,Overnights visitors (tourists),Thousands,2009,
LIECHTENSTEIN,Same-day visitors (excursionists),Thousands,2009,
LITHUANIA,Total trips,Thousands,2009,
LITHUANIA,Overnights visitors (tourists),Thousands,2009,
LITHUANIA,Same-day visitors (excursionists),Thousands,2009,
LUXEMBOURG,Total trips,Thousands,2009,
LUXEMBOURG,Overnights visitors (tourists),Thousands,2009,59.0
LUXEMBOURG,Same-day visitors (excursionists),Thousands,2009,
"MACAO, CHINA",Total trips,Thousands,2009,
"MACAO, CHINA",Overnights visitors (tourists),Thousands,2009,
"MACAO, CHINA",Same-day visitors (excursionists),Thousands,2009,
MADAGASCAR,Total trips,Thousands,2009,
MADAGASCAR,Overnights visitors (tourists),Thousands,2009,
MADAGASCAR,Same-day visitors (excursionists),Thousands,2009,
MALAWI,Total trips,Thousands,2009,
MALAWI,Overnights visitors (tourists),Thousands,2009,
MALAWI,Same-day visitors (excursionists),Thousands,2009,
MALAYSIA,Total trips,Thousands,2009,
MALAYSIA,Overnights visitors (tourists),Thousands,2009,
MALAYSIA,Same-day visitors (excursionists),Thousands,2009,
MALDIVES,Total trips,Thousands,2009,
MALDIVES,Overnights visitors (tourists),Thousands,2009,
MALDIVES,Same-day visitors (excursionists),Thousands,2009,
MALI,Total trips,Thousands,2009,
MALI,Overnights visitors (tourists),Thousands,2009,44.0
MALI,Same-day visitors (excursionists),Thousands,2009,
MALTA,Total trips,Thousands,2009,
MALTA,Overnights visitors (tourists),Thousands,2009,
MALTA,Same-day visitors (excursionists),Thousands,2009,
MARSHALL ISLANDS,Total trips,Thousands,2009,
MARSHALL ISLANDS,Overnights visitors (tourists),Thousands,2009,
MARSHALL ISLANDS,Same-day visitors (excursionists),Thousands,2009,
MARTINIQUE,Total trips,Thousands,2009,
MARTINIQUE,Overnights visitors (tourists),Thousands,2009,
MARTINIQUE,Same-day visitors (excursionists),Thousands,2009,
MAURITANIA,Total trips,Thousands,2009,
MAURITANIA,Overnights visitors (tourists),Thousands,2009,
MAURITANIA,Same-day visitors (excursionists),Thousands,2009,
MAURITIUS,Total trips,Thousands,2009,
MAURITIUS,Overnights visitors (tourists),Thousands,2009,
MAURITIUS,Same-day visitors (excursionists),Thousands,2009,
MEXICO,Total trips,Thousands,2009,
MEXICO,Overnights visitors (tourists),Thousands,2009,
MEXICO,Same-day visitors (excursionists),Thousands,2009,
"MICRONESIA, FEDERATED STATES OF",Total trips,Thousands,2009,
"MICRONESIA, FEDERATED STATES OF",Overnights visitors (tourists),Thousands,2009,
"MICRONESIA, FEDERATED STATES OF",Same-day visitors (excursionists),Thousands,2009,
"MOLDOVA, REPUBLIC OF",Total trips,Thousands,2009,37.0
"MOLDOVA, REPUBLIC OF",Overnights visitors (tourists),Thousands,2009,24.0
"MOLDOVA, REPUBLIC OF",Same-day visitors (excursionists),Thousands,2009,13.0
MONACO,Total trips,Thousands,2009,
MONACO,Overnights visitors (tourists),Thousands,2009,
MONACO,Same-day visitors (excursionists),Thousands,2009,
MONGOLIA,Total trips,Thousands,2009,
MONGOLIA,Overnights visitors (tourists),Thousands,2009,
MONGOLIA,Same-day visitors (excursionists),Thousands,2009,
MONTENEGRO,Total trips,Thousands,2009,
MONTENEGRO,Overnights visitors (tourists),Thousands,2009,
MONTENEGRO,Same-day visitors (excursionists),Thousands,2009,
MONTSERRAT,Total trips,Thousands,2009,
MONTSERRAT,Overnights visitors (tourists),Thousands,2009,
MONTSERRAT,Same-day visitors (excursionists),Thousands,2009,
MOROCCO,Total trips,Thousands,2009,
MOROCCO,Overnights visitors (tourists),Thousands,2009,
MOROCCO,Same-day visitors (excursionists),Thousands,2009,
MOZAMBIQUE,Total trips,Thousands,2009,
MOZAMBIQUE,Overnights visitors (tourists),Thousands,2009,
MOZAMBIQUE,Same-day visitors (excursionists),Thousands,2009,
MYANMAR,Total trips,Thousands,2009,
MYANMAR,Overnights visitors (tourists),Thousands,2009,
MYANMAR,Same-day visitors (excursionists),Thousands,2009,
NAMIBIA,Total trips,Thousands,2009,
NAMIBIA,Overnights visitors (tourists),Thousands,2009,
NAMIBIA,Same-day visitors (excursionists),Thousands,2009,
NAURU,Total trips,Thousands,2009,
NAURU,Overnights visitors (tourists),Thousands,2009,
NAURU,Same-day visitors (excursionists),Thousands,2009,
NEPAL,Total trips,Thousands,2009,
NEPAL,Overnights visitors (tourists),Thousands,2009,
NEPAL,Same-day visitors (excursionists),Thousands,2009,
NETHERLANDS,Total trips,Thousands,2009,
NETHERLANDS,Overnights visitors (tourists),Thousands,2009,
NETHERLANDS,Same-day visitors (excursionists),Thousands,2009,
NEW CALEDONIA,Total trips,Thousands,2009,
NEW CALEDONIA,Overnights visitors (tourists),Thousands,2009,
NEW CALEDONIA,Same-day visitors (excursionists),Thousands,2009,
NEW ZEALAND,Total trips,Thousands,2009,
NEW ZEALAND,Overnights visitors (tourists),Thousands,2009,
NEW ZEALAND,Same-day visitors (excursionists),Thousands,2009,
NICARAGUA,Total trips,Thousands,2009,
NICARAGUA,Overnights visitors (tourists),Thousands,2009,
NICARAGUA,Same-day visitors (excursionists),Thousands,2009,
NIGER,Total trips,Thousands,2009,
NIGER,Overnights visitors (tourists),Thousands,2009,
NIGER,Same-day visitors (excursionists),Thousands,2009,
NIGERIA,Total trips,Thousands,2009,
NIGERIA,Overnights visitors (tourists),Thousands,2009,
NIGERIA,Same-day visitors (excursionists),Thousands,2009,
NIUE,Total trips,Thousands,2009,
NIUE,Overnights visitors (tourists),Thousands,2009,
NIUE,Same-day visitors (excursionists),Thousands,2009,
NORTH MACEDONIA,Total trips,Thousands,2009,
NORTH MACEDONIA,Overnights visitors (tourists),Thousands,2009,
NORTH MACEDONIA,Same-day visitors (excursionists),Thousands,2009,
NORTHERN MARIANA ISLANDS,Total trips,Thousands,2009,
NORTHERN MARIANA ISLANDS,Overnights visitors (tourists),Thousands,2009,
NORTHERN MARIANA ISLANDS,Same-day visitors (excursionists),Thousands,2009,
NORWAY,Total trips,Thousands,2009,
NORWAY,Overnights visitors (tourists),Thousands,2009,
NORWAY,Same-day visitors (excursionists),Thousands,2009,
OMAN,Total trips,Thousands,2009,
OMAN,Overnights visitors (tourists),Thousands,2009,
OMAN,Same-day visitors (excursionists),Thousands,2009,
PAKISTAN,Total trips,Thousands,2009,
PAKISTAN,Overnights visitors (tourists),Thousands,2009,
PAKISTAN,Same-day visitors (excursionists),Thousands,2009,
PALAU,Total trips,Thousands,2009,
PALAU,Overnights visitors (tourists),Thousands,2009,
PALAU,Same-day visitors (excursionists),Thousands,2009,
PANAMA,Total trips,Thousands,2009,
PANAMA,Overnights visitors (tourists),Thousands,2009,
PANAMA,Same-day visitors (excursionists),Thousands,2009,
PAPUA NEW GUINEA,Total trips,Thousands,2009,
PAPUA NEW GUINEA,Overnights visitors (tourists),Thousands,2009,
PAPUA NEW GUINEA,Same-day visitors (excursionists),Thousands,2009,
PARAGUAY,Total trips,Thousands,2009,
PARAGUAY,Overnights visitors (tourists),Thousands,2009,
PARAGUAY,Same-day visitors (excursionists),Thousands,2009,
PERU,Total trips,Thousands,2009,
PERU,Overnights visitors (tourists),Thousands,2009,
PERU,Same-day visitors (excursionists),Thousands,2009,
PHILIPPINES,Total trips,Thousands,2009,
PHILIPPINES,Overnights visitors (tourists),Thousands,2009,
PHILIPPINES,Same-day visitors (excursionists),Thousands,2009,
POLAND,Total trips,Thousands,2009,
POLAND,Overnights visitors (tourists),Thousands,2009,
POLAND,Same-day visitors (excursionists),Thousands,2009,
PORTUGAL,Total trips,Thousands,2009,
PORTUGAL,Overnights visitors (tourists),Thousands,2009,
PORTUGAL,Same-day visitors (excursionists),Thousands,2009,
PUERTO RICO,Total trips,Thousands,2009,
PUERTO RICO,Overnights visitors (tourists),Thousands,2009,
PUERTO RICO,Same-day visitors (excursionists),Thousands,2009,
QATAR,Total trips,Thousands,2009,
QATAR,Overnights visitors (tourists),Thousands,2009,
QATAR,Same-day visitors (excursionists),Thousands,2009,
REUNION,Total trips,Thousands,2009,
REUNION,Overnights visitors (tourists),Thousands,2009,
REUNION,Same-day visitors (excursionists),Thousands,2009,
ROMANIA,Total trips,Thousands,2009,
ROMANIA,Overnights visitors (tourists),Thousands,2009,
ROMANIA,Same-day visitors (excursionists),Thousands,2009,
RUSSIAN FEDERATION,Total trips,Thousands,2009,
RUSSIAN FEDERATION,Overnights visitors (tourists),Thousands,2009,
RUSSIAN FEDERATION,Same-day visitors (excursionists),Thousands,2009,
RWANDA,Total trips,Thousands,2009,
RWANDA,Overnights visitors (tourists),Thousands,2009,
RWANDA,Same-day visitors (excursionists),Thousands,2009,
SABA,Total trips,Thousands,2009,
SABA,Overnights visitors (tourists),Thousands,2009,
SABA,Same-day visitors (excursionists),Thousands,2009,
SAINT KITTS AND NEVIS,Total trips,Thousands,2009,
SAINT KITTS AND NEVIS,Overnights visitors (tourists),Thousands,2009,
SAINT KITTS AND NEVIS,Same-day visitors (excursionists),Thousands,2009,
SAINT LUCIA,Total trips,Thousands,2009,
SAINT LUCIA,Overnights visitors (tourists),Thousands,2009,
SAINT LUCIA,Same-day visitors (excursionists),Thousands,2009,
SAINT VINCENT AND THE GRENADINES,Total trips,Thousands,2009,
SAINT VINCENT AND THE GRENADINES,Overnights visitors (tourists),Thousands,2009,
SAINT VINCENT AND THE GRENADINES,Same-day visitors (excursionists),Thousands,2009,
SAMOA,Total trips,Thousands,2009,
SAMOA,Overnights visitors (tourists),Thousands,2009,
SAMOA,Same-day visitors (excursionists),Thousands,2009,
SAN MARINO,Total trips,Thousands,2009,
SAN MARINO,Overnights visitors (tourists),Thousands,2009,
SAN MARINO,Same-day visitors (excursionists),Thousands,2009,
SAO TOME AND PRINCIPE,Total trips,Thousands,2009,
SAO TOME AND PRINCIPE,Overnights visitors (tourists),Thousands,2009,
SAO TOME AND PRINCIPE,Same-day visitors (excursionists),Thousands,2009,
SAUDI ARABIA,Total trips,Thousands,2009,
SAUDI ARABIA,Overnights visitors (tourists),Thousands,2009,
SAUDI ARABIA,Same-day visitors (excursionists),Thousands,2009,
SENEGAL,Total trips,Thousands,2009,
SENEGAL,Overnights visitors (tourists),Thousands,2009,
SENEGAL,Same-day visitors (excursionists),Thousands,2009,
SERBIA,Total trips,Thousands,2009,
SERBIA,Overnights visitors (tourists),Thousands,2009,
SERBIA,Same-day visitors (excursionists),Thousands,2009,
SERBIA AND MONTENEGRO,Total trips,Thousands,2009,
SERBIA AND MONTENEGRO,Overnights visitors (tourists),Thousands,2009,
SERBIA AND MONTENEGRO,Same-day visitors (excursionists),Thousands,2009,
SEYCHELLES,Total trips,Thousands,2009,
SEYCHELLES,Overnights visitors (tourists),Thousands,2009,
SEYCHELLES,Same-day visitors (excursionists),Thousands,2009,
SIERRA LEONE,Total trips,Thousands,2009,
SIERRA LEONE,Overnights visitors (tourists),Thousands,2009,
SIERRA LEONE,Same-day visitors (excursionists),Thousands,2009,
SINGAPORE,Total trips,Thousands,2009,
SINGAPORE,Overnights visitors (tourists),Thousands,2009,
SINGAPORE,Same-day visitors (excursionists),Thousands,2009,
SINT EUSTATIUS,Total trips,Thousands,2009,
SINT EUSTATIUS,Overnights visitors (tourists),Thousands,2009,
SINT EUSTATIUS,Same-day visitors (excursionists),Thousands,2009,
SINT MAARTEN (DUTCH PART),Total trips,Thousands,2009,
SINT MAARTEN (DUTCH PART),Overnights visitors (tourists),Thousands,2009,
SINT MAARTEN (DUTCH PART),Same-day visitors (excursionists),Thousands,2009,
SLOVAKIA,Total trips,Thousands,2009,
SLOVAKIA,Overnights visitors (tourists),Thousands,2009,
SLOVAKIA,Same-day visitors (excursionists),Thousands,2009,
SLOVENIA,Total trips,Thousands,2009,
SLOVENIA,Overnights visitors (tourists),Thousands,2009,
SLOVENIA,Same-day visitors (excursionists),Thousands,2009,
SOLOMON ISLANDS,Total trips,Thousands,2009,
SOLOMON ISLANDS,Overnights visitors (tourists),Thousands,2009,
SOLOMON ISLANDS,Same-day visitors (excursionists),Thousands,2009,
SOMALIA,Total trips,Thousands,2009,
SOMALIA,Overnights visitors (tourists),Thousands,2009,
SOMALIA,Same-day visitors (excursionists),Thousands,2009,
SOUTH AFRICA,Total trips,Thousands,2009,
SOUTH AFRICA,Overnights visitors (tourists),Thousands,2009,
SOUTH AFRICA,Same-day visitors (excursionists),Thousands,2009,
SOUTH SUDAN,Total trips,Thousands,2009,
SOUTH SUDAN,Overnights visitors (tourists),Thousands,2009,
SOUTH SUDAN,Same-day visitors (excursionists),Thousands,2009,
SPAIN,Total trips,Thousands,2009,
SPAIN,Overnights visitors (tourists),Thousands,2009,
SPAIN,Same-day visitors (excursionists),Thousands,2009,
SRI LANKA,Total trips,Thousands,2009,
SRI LANKA,Overnights visitors (tourists),Thousands,2009,
SRI LANKA,Same-day visitors (excursionists),Thousands,2009,
STATE OF PALESTINE,Total trips,Thousands,2009,
STATE OF PALESTINE,Overnights visitors (tourists),Thousands,2009,
STATE OF PALESTINE,Same-day visitors (excursionists),Thousands,2009,
SUDAN,Total trips,Thousands,2009,
SUDAN,Overnights visitors (tourists),Thousands,2009,
SUDAN,Same-day visitors (excursionists),Thousands,2009,
SURINAME,Total trips,Thousands,2009,
SURINAME,Overnights visitors (tourists),Thousands,2009,
SURINAME,Same-day visitors (excursionists),Thousands,2009,
SWEDEN,Total trips,Thousands,2009,
SWEDEN,Overnights visitors (tourists),Thousands,2009,
SWEDEN,Same-day visitors (excursionists),Thousands,2009,
SWITZERLAND,Total trips,Thousands,2009,
SWITZERLAND,Overnights visitors (tourists),Thousands,2009,
SWITZERLAND,Same-day visitors (excursionists),Thousands,2009,
SYRIAN ARAB REPUBLIC,Total trips,Thousands,2009,
SYRIAN ARAB REPUBLIC,Overnights visitors (tourists),Thousands,2009,
SYRIAN ARAB REPUBLIC,Same-day visitors (excursionists),Thousands,2009,
TAIWAN PROVINCE OF CHINA,Total trips,Thousands,2009,
TAIWAN PROVINCE OF CHINA,Overnights visitors (tourists),Thousands,2009,
TAIWAN PROVINCE OF CHINA,Same-day visitors (excursionists),Thousands,2009,
TAJIKISTAN,Total trips,Thousands,2009,
TAJIKISTAN,Overnights visitors (tourists),Thousands,2009,
TAJIKISTAN,Same-day visitors (excursionists),Thousands,2009,
"TANZANIA, UNITED REPUBLIC OF",Total trips,Thousands,2009,
"TANZANIA, UNITED REPUBLIC OF",Overnights visitors (tourists),Thousands,2009,
"TANZANIA, UNITED REPUBLIC OF",Same-day visitors (excursionists),Thousands,2009,
THAILAND,Total trips,Thousands,2009,
THAILAND,Overnights visitors (tourists),Thousands,2009,
THAILAND,Same-day visitors (excursionists),Thousands,2009,
TIMOR-LESTE,Total trips,Thousands,2009,
TIMOR-LESTE,Overnights visitors (tourists),Thousands,2009,
TIMOR-LESTE,Same-day visitors (excursionists),Thousands,2009,
TOGO,Total trips,Thousands,2009,
TOGO,Overnights visitors (tourists),Thousands,2009,
TOGO,Same-day visitors (excursionists),Thousands,2009,
TONGA,Total trips,Thousands,2009,
TONGA,Overnights visitors (tourists),Thousands,2009,
TONGA,Same-day visitors (excursionists),Thousands,2009,
TRINIDAD AND TOBAGO,Total trips,Thousands,2009,
TRINIDAD AND TOBAGO,Overnights visitors (tourists),Thousands,2009,596.0
TRINIDAD AND TOBAGO,Same-day visitors (excursionists),Thousands,2009,
TUNISIA,Total trips,Thousands,2009,
TUNISIA,Overnights visitors (tourists),Thousands,2009,
TUNISIA,Same-day visitors (excursionists),Thousands,2009,
TÜRKIYE,Total trips,Thousands,2009,
TÜRKIYE,Overnights visitors (tourists),Thousands,2009,
TÜRKIYE,Same-day visitors (excursionists),Thousands,2009,
TURKMENISTAN,Total trips,Thousands,2009,
TURKMENISTAN,Overnights visitors (tourists),Thousands,2009,
TURKMENISTAN,Same-day visitors (excursionists),Thousands,2009,
TURKS AND CAICOS ISLANDS,Total trips,Thousands,2009,
TURKS AND CAICOS ISLANDS,Overnights visitors (tourists),Thousands,2009,
TURKS AND CAICOS ISLANDS,Same-day visitors (excursionists),Thousands,2009,
TUVALU,Total trips,Thousands,2009,
TUVALU,Overnights visitors (tourists),Thousands,2009,
TUVALU,Same-day visitors (excursionists),Thousands,2009,
UGANDA,Total trips,Thousands,2009,
UGANDA,Overnights visitors (tourists),Thousands,2009,
UGANDA,Same-day visitors (excursionists),Thousands,2009,
UKRAINE,Total trips,Thousands,2009,
UKRAINE,Overnights visitors (tourists),Thousands,2009,
UKRAINE,Same-day visitors (excursionists),Thousands,2009,
UNITED ARAB EMIRATES,Total trips,Thousands,2009,
UNITED ARAB EMIRATES,Overnights visitors (tourists),Thousands,2009,
UNITED ARAB EMIRATES,Same-day visitors (excursionists),Thousands,2009,
UNITED KINGDOM,Total trips,Thousands,2009,
UNITED KINGDOM,Overnights visitors (tourists),Thousands,2009,
UNITED KINGDOM,Same-day visitors (excursionists),Thousands,2009,
UNITED STATES OF AMERICA,Total trips,Thousands,2009,
UNITED STATES OF AMERICA,Overnights visitors (tourists),Thousands,2009,
UNITED STATES OF AMERICA,Same-day visitors (excursionists),Thousands,2009,
UNITED STATES VIRGIN ISLANDS,Total trips,Thousands,2009,
UNITED STATES VIRGIN ISLANDS,Overnights visitors (tourists),Thousands,2009,
UNITED STATES VIRGIN ISLANDS,Same-day visitors (excursionists),Thousands,2009,
URUGUAY,Total trips,Thousands,2009,
URUGUAY,Overnights visitors (tourists),Thousands,2009,
URUGUAY,Same-day visitors (excursionists),Thousands,2009,
UZBEKISTAN,Total trips,Thousands,2009,
UZBEKISTAN,Overnights visitors (tourists),Thousands,2009,
UZBEKISTAN,Same-day visitors (excursionists),Thousands,2009,
VANUATU,Total trips,Thousands,2009,
VANUATU,Overnights visitors (tourists),Thousands,2009,
VANUATU,Same-day visitors (excursionists),Thousands,2009,
"VENEZUELA, BOLIVARIAN REPUBLIC OF",Total trips,Thousands,2009,
"VENEZUELA, BOLIVARIAN REPUBLIC OF",Overnights visitors (tourists),Thousands,2009,
"VENEZUELA, BOLIVARIAN REPUBLIC OF",Same-day visitors (excursionists),Thousands,2009,
VIET NAM,Total trips,Thousands,2009,
VIET NAM,Overnights visitors (tourists),Thousands,2009,
VIET NAM,Same-day visitors (excursionists),Thousands,2009,
YEMEN,Total trips,Thousands,2009,
YEMEN,Overnights visitors (tourists),Thousands,2009,
YEMEN,Same-day visitors (excursionists),Thousands,2009,
ZAMBIA,Total trips,Thousands,2009,
ZAMBIA,Overnights visitors (tourists),Thousands,2009,
ZAMBIA,Same-day visitors (excursionists),Thousands,2009,
ZIMBABWE,Total trips,Thousands,2009,
ZIMBABWE,Overnights visitors (tourists),Thousands,2009,
ZIMBABWE,Same-day visitors (excursionists),Thousands,2009,
AFGHANISTAN,Total trips,Thousands,2010,
AFGHANISTAN,Overnights visitors (tourists),Thousands,2010,
AFGHANISTAN,Same-day visitors (excursionists),Thousands,2010,
ALBANIA,Total trips,Thousands,2010,
ALBANIA,Overnights visitors (tourists),Thousands,2010,
ALBANIA,Same-day visitors (excursionists),Thousands,2010,
ALGERIA,Total trips,Thousands,2010,
ALGERIA,Overnights visitors (tourists),Thousands,2010,
ALGERIA,Same-day visitors (excursionists),Thousands,2010,
AMERICAN SAMOA,Total trips,Thousands,2010,
AMERICAN SAMOA,Overnights visitors (tourists),Thousands,2010,
AMERICAN SAMOA,Same-day visitors (excursionists),Thousands,2010,
ANDORRA,Total trips,Thousands,2010,
ANDORRA,Overnights visitors (tourists),Thousands,2010,
ANDORRA,Same-day visitors (excursionists),Thousands,2010,
ANGOLA,Total trips,Thousands,2010,
ANGOLA,Overnights visitors (tourists),Thousands,2010,
ANGOLA,Same-day visitors (excursionists),Thousands,2010,
ANGUILLA,Total trips,Thousands,2010,
ANGUILLA,Overnights visitors (tourists),Thousands,2010,
ANGUILLA,Same-day visitors (excursionists),Thousands,2010,
ANTIGUA AND BARBUDA,Total trips,Thousands,2010,
ANTIGUA AND BARBUDA,Overnights visitors (tourists),Thousands,2010,
ANTIGUA AND BARBUDA,Same-day visitors (excursionists),Thousands,2010,
ARGENTINA,Total trips,Thousands,2010,
ARGENTINA,Overnights visitors (tourists),Thousands,2010,
ARGENTINA,Same-day visitors (excursionists),Thousands,2010,
ARMENIA,Total trips,Thousands,2010,
ARMENIA,Overnights visitors (tourists),Thousands,2010,565.0
ARMENIA,Same-day visitors (excursionists),Thousands,2010,
ARUBA,Total trips,Thousands,2010,
ARUBA,Overnights visitors (tourists),Thousands,2010,
ARUBA,Same-day visitors (excursionists),Thousands,2010,
AUSTRALIA,Total trips,Thousands,2010,
AUSTRALIA,Overnights visitors (tourists),Thousands,2010,
AUSTRALIA,Same-day visitors (excursionists),Thousands,2010,
AUSTRIA,Total trips,Thousands,2010,
AUSTRIA,Overnights visitors (tourists),Thousands,2010,
AUSTRIA,Same-day visitors (excursionists),Thousands,2010,
AZERBAIJAN,Total trips,Thousands,2010,
AZERBAIJAN,Overnights visitors (tourists),Thousands,2010,
AZERBAIJAN,Same-day visitors (excursionists),Thousands,2010,
BAHAMAS,Total trips,Thousands,2010,
BAHAMAS,Overnights visitors (tourists),Thousands,2010,
BAHAMAS,Same-day visitors (excursionists),Thousands,2010,
BAHRAIN,Total trips,Thousands,2010,
BAHRAIN,Overnights visitors (tourists),Thousands,2010,
BAHRAIN,Same-day visitors (excursionists),Thousands,2010,
BANGLADESH,Total trips,Thousands,2010,
BANGLADESH,Overnights visitors (tourists),Thousands,2010,
BANGLADESH,Same-day visitors (excursionists),Thousands,2010,
BARBADOS,Total trips,Thousands,2010,
BARBADOS,Overnights visitors (tourists),Thousands,2010,
BARBADOS,Same-day visitors (excursionists),Thousands,2010,
BELARUS,Total trips,Thousands,2010,
BELARUS,Overnights visitors (tourists),Thousands,2010,
BELARUS,Same-day visitors (excursionists),Thousands,2010,
BELGIUM,Total trips,Thousands,2010,
BELGIUM,Overnights visitors (tourists),Thousands,2010,
BELGIUM,Same-day visitors (excursionists),Thousands,2010,
BELIZE,Total trips,Thousands,2010,
BELIZE,Overnights visitors (tourists),Thousands,2010,
BELIZE,Same-day visitors (excursionists),Thousands,2010,
BENIN,Total trips,Thousands,2010,
BENIN,Overnights visitors (tourists),Thousands,2010,
BENIN,Same-day visitors (excursionists),Thousands,2010,
BERMUDA,Total trips,Thousands,2010,
BERMUDA,Overnights visitors (tourists),Thousands,2010,
BERMUDA,Same-day visitors (excursionists),Thousands,2010,
BHUTAN,Total trips,Thousands,2010,
BHUTAN,Overnights visitors (tourists),Thousands,2010,
BHUTAN,Same-day visitors (excursionists),Thousands,2010,
"BOLIVIA, PLURINATIONAL STATE OF",Total trips,Thousands,2010,
"BOLIVIA, PLURINATIONAL STATE OF",Overnights visitors (tourists),Thousands,2010,
"BOLIVIA, PLURINATIONAL STATE OF",Same-day visitors (excursionists),Thousands,2010,
BONAIRE,Total trips,Thousands,2010,
BONAIRE,Overnights visitors (tourists),Thousands,2010,
BONAIRE,Same-day visitors (excursionists),Thousands,2010,
BOSNIA AND HERZEGOVINA,Total trips,Thousands,2010,
BOSNIA AND HERZEGOVINA,Overnights visitors (tourists),Thousands,2010,
BOSNIA AND HERZEGOVINA,Same-day visitors (excursionists),Thousands,2010,
BOTSWANA,Total trips,Thousands,2010,
BOTSWANA,Overnights visitors (tourists),Thousands,2010,
BOTSWANA,Same-day visitors (excursionists),Thousands,2010,615.0
BRAZIL,Total trips,Thousands,2010,
BRAZIL,Overnights visitors (tourists),Thousands,2010,
BRAZIL,Same-day visitors (excursionists),Thousands,2010,
BRITISH VIRGIN ISLANDS,Total trips,Thousands,2010,
BRITISH VIRGIN ISLANDS,Overnights visitors (tourists),Thousands,2010,
BRITISH VIRGIN ISLANDS,Same-day visitors (excursionists),Thousands,2010,
BRUNEI DARUSSALAM,Total trips,Thousands,2010,
BRUNEI DARUSSALAM,Overnights visitors (tourists),Thousands,2010,
BRUNEI DARUSSALAM,Same-day visitors (excursionists),Thousands,2010,
BULGARIA,Total trips,Thousands,2010,
BULGARIA,Overnights visitors (tourists),Thousands,2010,
BULGARIA,Same-day visitors (excursionists),Thousands,2010,
BURKINA FASO,Total trips,Thousands,2010,
BURKINA FASO,Overnights visitors (tourists),Thousands,2010,
BURKINA FASO,Same-day visitors (excursionists),Thousands,2010,
BURUNDI,Total trips,Thousands,2010,
BURUNDI,Overnights visitors (tourists),Thousands,2010,
BURUNDI,Same-day visitors (excursionists),Thousands,2010,
CABO VERDE,Total trips,Thousands,2010,
CABO VERDE,Overnights visitors (tourists),Thousands,2010,
CABO VERDE,Same-day visitors (excursionists),Thousands,2010,
CAMBODIA,Total trips,Thousands,2010,
CAMBODIA,Overnights visitors (tourists),Thousands,2010,
CAMBODIA,Same-day visitors (excursionists),Thousands,2010,
CAMEROON,Total trips,Thousands,2010,
CAMEROON,Overnights visitors (tourists),Thousands,2010,
CAMEROON,Same-day visitors (excursionists),Thousands,2010,
CANADA,Total trips,Thousands,2010,
CANADA,Overnights visitors (tourists),Thousands,2010,
CANADA,Same-day visitors (excursionists),Thousands,2010,
CAYMAN ISLANDS,Total trips,Thousands,2010,
CAYMAN ISLANDS,Overnights visitors (tourists),Thousands,2010,
CAYMAN ISLANDS,Same-day visitors (excursionists),Thousands,2010,
CENTRAL AFRICAN REPUBLIC,Total trips,Thousands,2010,
CENTRAL AFRICAN REPUBLIC,Overnights visitors (tourists),Thousands,2010,
CENTRAL AFRICAN REPUBLIC,Same-day visitors (excursionists),Thousands,2010,
CHAD,Total trips,Thousands,2010,
CHAD,Overnights visitors (tourists),Thousands,2010,
CHAD,Same-day visitors (excursionists),Thousands,2010,
CHILE,Total trips,Thousands,2010,
CHILE,Overnights visitors (tourists),Thousands,2010,
CHILE,Same-day visitors (excursionists),Thousands,2010,
CHINA,Total trips,Thousands,2010,
CHINA,Overnights visitors (tourists),Thousands,2010,
CHINA,Same-day visitors (excursionists),Thousands,2010,
COLOMBIA,Total trips,Thousands,2010,
COLOMBIA,Overnights visitors (tourists),Thousands,2010,
COLOMBIA,Same-day visitors (excursionists),Thousands,2010,
COMOROS,Total trips,Thousands,2010,
COMOROS,Overnights visitors (tourists),Thousands,2010,
COMOROS,Same-day visitors (excursionists),Thousands,2010,
CONGO,Total trips,Thousands,2010,
CONGO,Overnights visitors (tourists),Thousands,2010,
CONGO,Same-day visitors (excursionists),Thousands,2010,
"CONGO, DEMOCRATIC REPUBLIC OF THE",Total trips,Thousands,2010,
"CONGO, DEMOCRATIC REPUBLIC OF THE",Overnights visitors (tourists),Thousands,2010,
"CONGO, DEMOCRATIC REPUBLIC OF THE",Same-day visitors (excursionists),Thousands,2010,
COOK ISLANDS,Total trips,Thousands,2010,
COOK ISLANDS,Overnights visitors (tourists),Thousands,2010,
COOK ISLANDS,Same-day visitors (excursionists),Thousands,2010,
COSTA RICA,Total trips,Thousands,2010,
COSTA RICA,Overnights visitors (tourists),Thousands,2010,
COSTA RICA,Same-day visitors (excursionists),Thousands,2010,
COTE D´IVOIRE,Total trips,Thousands,2010,
COTE D´IVOIRE,Overnights visitors (tourists),Thousands,2010,
COTE D´IVOIRE,Same-day visitors (excursionists),Thousands,2010,
CROATIA,Total trips,Thousands,2010,
CROATIA,Overnights visitors (tourists),Thousands,2010,
CROATIA,Same-day visitors (excursionists),Thousands,2010,
CUBA,Total trips,Thousands,2010,
CUBA,Overnights visitors (tourists),Thousands,2010,
CUBA,Same-day visitors (excursionists),Thousands,2010,
CURAÇAO,Total trips,Thousands,2010,
CURAÇAO,Overnights visitors (tourists),Thousands,2010,
CURAÇAO,Same-day visitors (excursionists),Thousands,2010,
CYPRUS,Total trips,Thousands,2010,
CYPRUS,Overnights visitors (tourists),Thousands,2010,
CYPRUS,Same-day visitors (excursionists),Thousands,2010,
CZECH REPUBLIC (CZECHIA),Total trips,Thousands,2010,
CZECH REPUBLIC (CZECHIA),Overnights visitors (tourists),Thousands,2010,
CZECH REPUBLIC (CZECHIA),Same-day visitors (excursionists),Thousands,2010,
DENMARK,Total trips,Thousands,2010,
DENMARK,Overnights visitors (tourists),Thousands,2010,
DENMARK,Same-day visitors (excursionists),Thousands,2010,
DJIBOUTI,Total trips,Thousands,2010,
DJIBOUTI,Overnights visitors (tourists),Thousands,2010,
DJIBOUTI,Same-day visitors (excursionists),Thousands,2010,
DOMINICA,Total trips,Thousands,2010,
DOMINICA,Overnights visitors (tourists),Thousands,2010,
DOMINICA,Same-day visitors (excursionists),Thousands,2010,
DOMINICAN REPUBLIC,Total trips,Thousands,2010,
DOMINICAN REPUBLIC,Overnights visitors (tourists),Thousands,2010,
DOMINICAN REPUBLIC,Same-day visitors (excursionists),Thousands,2010,
ECUADOR,Total trips,Thousands,2010,
ECUADOR,Overnights visitors (tourists),Thousands,2010,
ECUADOR,Same-day visitors (excursionists),Thousands,2010,
EGYPT,Total trips,Thousands,2010,
EGYPT,Overnights visitors (tourists),Thousands,2010,
EGYPT,Same-day visitors (excursionists),Thousands,2010,
EL SALVADOR,Total trips,Thousands,2010,
EL SALVADOR,Overnights visitors (tourists),Thousands,2010,
EL SALVADOR,Same-day visitors (excursionists),Thousands,2010,
EQUATORIAL GUINEA,Total trips,Thousands,2010,
EQUATORIAL GUINEA,Overnights visitors (tourists),Thousands,2010,
EQUATORIAL GUINEA,Same-day visitors (excursionists),Thousands,2010,
ERITREA,Total trips,Thousands,2010,
ERITREA,Overnights visitors (tourists),Thousands,2010,
ERITREA,Same-day visitors (excursionists),Thousands,2010,
ESTONIA,Total trips,Thousands,2010,
ESTONIA,Overnights visitors (tourists),Thousands,2010,
ESTONIA,Same-day visitors (excursionists),Thousands,2010,
ESWATINI,Total trips,Thousands,2010,
ESWATINI,Overnights visitors (tourists),Thousands,2010,
ESWATINI,Same-day visitors (excursionists),Thousands,2010,
ETHIOPIA,Total trips,Thousands,2010,
ETHIOPIA,Overnights visitors (tourists),Thousands,2010,
ETHIOPIA,Same-day visitors (excursionists),Thousands,2010,
FIJI,Total trips,Thousands,2010,
FIJI,Overnights visitors (tourists),Thousands,2010,
FIJI,Same-day visitors (excursionists),Thousands,2010,
FINLAND,Total trips,Thousands,2010,
FINLAND,Overnights visitors (tourists),Thousands,2010,
FINLAND,Same-day visitors (excursionists),Thousands,2010,
FRANCE,Total trips,Thousands,2010,
FRANCE,Overnights visitors (tourists),Thousands,2010,
FRANCE,Same-day visitors (excursionists),Thousands,2010,
FRENCH GUIANA,Total trips,Thousands,2010,
FRENCH GUIANA,Overnights visitors (tourists),Thousands,2010,
FRENCH GUIANA,Same-day visitors (excursionists),Thousands,2010,
FRENCH POLYNESIA,Total trips,Thousands,2010,
FRENCH POLYNESIA,Overnights visitors (tourists),Thousands,2010,
FRENCH POLYNESIA,Same-day visitors (excursionists),Thousands,2010,
GABON,Total trips,Thousands,2010,
GABON,Overnights visitors (tourists),Thousands,2010,
GABON,Same-day visitors (excursionists),Thousands,2010,
GAMBIA,Total trips,Thousands,2010,
GAMBIA,Overnights visitors (tourists),Thousands,2010,
GAMBIA,Same-day visitors (excursionists),Thousands,2010,
GEORGIA,Total trips,Thousands,2010,
GEORGIA,Overnights visitors (tourists),Thousands,2010,
GEORGIA,Same-day visitors (excursionists),Thousands,2010,
GERMANY,Total trips,Thousands,2010,
GERMANY,Overnights visitors (tourists),Thousands,2010,
GERMANY,Same-day visitors (excursionists),Thousands,2010,
GHANA,Total trips,Thousands,2010,
GHANA,Overnights visitors (tourists),Thousands,2010,
GHANA,Same-day visitors (excursionists),Thousands,2010,
GREECE,Total trips,Thousands,2010,
GREECE,Overnights visitors (tourists),Thousands,2010,
GREECE,Same-day visitors (excursionists),Thousands,2010,
GRENADA,Total trips,Thousands,2010,
GRENADA,Overnights visitors (tourists),Thousands,2010,
GRENADA,Same-day visitors (excursionists),Thousands,2010,
GUADELOUPE,Total trips,Thousands,2010,
GUADELOUPE,Overnights visitors (tourists),Thousands,2010,
GUADELOUPE,Same-day visitors (excursionists),Thousands,2010,
GUAM,Total trips,Thousands,2010,
GUAM,Overnights visitors (tourists),Thousands,2010,
GUAM,Same-day visitors (excursionists),Thousands,2010,
GUATEMALA,Total trips,Thousands,2010,
GUATEMALA,Overnights visitors (tourists),Thousands,2010,
GUATEMALA,Same-day visitors (excursionists),Thousands,2010,
GUINEA,Total trips,Thousands,2010,
GUINEA,Overnights visitors (tourists),Thousands,2010,
GUINEA,Same-day visitors (excursionists),Thousands,2010,
GUINEA-BISSAU,Total trips,Thousands,2010,
GUINEA-BISSAU,Overnights visitors (tourists),Thousands,2010,
GUINEA-BISSAU,Same-day visitors (excursionists),Thousands,2010,
GUYANA,Total trips,Thousands,2010,
GUYANA,Overnights visitors (tourists),Thousands,2010,
GUYANA,Same-day visitors (excursionists),Thousands,2010,
HAITI,Total trips,Thousands,2010,
HAITI,Overnights visitors (tourists),Thousands,2010,
HAITI,Same-day visitors (excursionists),Thousands,2010,
HONDURAS,Total trips,Thousands,2010,
HONDURAS,Overnights visitors (tourists),Thousands,2010,
HONDURAS,Same-day visitors (excursionists),Thousands,2010,
"HONG KONG, CHINA",Total trips,Thousands,2010,
"HONG KONG, CHINA",Overnights visitors (tourists),Thousands,2010,
"HONG KONG, CHINA",Same-day visitors (excursionists),Thousands,2010,
HUNGARY,Total trips,Thousands,2010,
HUNGARY,Overnights visitors (tourists),Thousands,2010,
HUNGARY,Same-day visitors (excursionists),Thousands,2010,
ICELAND,Total trips,Thousands,2010,
ICELAND,Overnights visitors (tourists),Thousands,2010,
ICELAND,Same-day visitors (excursionists),Thousands,2010,
INDIA,Total trips,Thousands,2010,
INDIA,Overnights visitors (tourists),Thousands,2010,
INDIA,Same-day visitors (excursionists),Thousands,2010,
INDONESIA,Total trips,Thousands,2010,
INDONESIA,Overnights visitors (tourists),Thousands,2010,
INDONESIA,Same-day visitors (excursionists),Thousands,2010,
"IRAN, ISLAMIC REPUBLIC OF",Total trips,Thousands,2010,
"IRAN, ISLAMIC REPUBLIC OF",Overnights visitors (tourists),Thousands,2010,
"IRAN, ISLAMIC REPUBLIC OF",Same-day visitors (excursionists),Thousands,2010,
IRAQ,Total trips,Thousands,2010,
IRAQ,Overnights visitors (tourists),Thousands,2010,
IRAQ,Same-day visitors (excursionists),Thousands,2010,
IRELAND,Total trips,Thousands,2010,
IRELAND,Overnights visitors (tourists),Thousands,2010,
IRELAND,Same-day visitors (excursionists),Thousands,2010,
ISRAEL,Total trips,Thousands,2010,
ISRAEL,Overnights visitors (tourists),Thousands,2010,
ISRAEL,Same-day visitors (excursionists),Thousands,2010,
ITALY,Total trips,Thousands,2010,
ITALY,Overnights visitors (tourists),Thousands,2010,
ITALY,Same-day visitors (excursionists),Thousands,2010,
JAMAICA,Total trips,Thousands,2010,
JAMAICA,Overnights visitors (tourists),Thousands,2010,
JAMAICA,Same-day visitors (excursionists),Thousands,2010,
JAPAN,Total trips,Thousands,2010,
JAPAN,Overnights visitors (tourists),Thousands,2010,
JAPAN,Same-day visitors (excursionists),Thousands,2010,
JORDAN,Total trips,Thousands,2010,
JORDAN,Overnights visitors (tourists),Thousands,2010,
JORDAN,Same-day visitors (excursionists),Thousands,2010,
KAZAKHSTAN,Total trips,Thousands,2010,
KAZAKHSTAN,Overnights visitors (tourists),Thousands,2010,
KAZAKHSTAN,Same-day visitors (excursionists),Thousands,2010,
KENYA,Total trips,Thousands,2010,
KENYA,Overnights visitors (tourists),Thousands,2010,
KENYA,Same-day visitors (excursionists),Thousands,2010,
KIRIBATI,Total trips,Thousands,2010,
KIRIBATI,Overnights visitors (tourists),Thousands,2010,
KIRIBATI,Same-day visitors (excursionists),Thousands,2010,
"KOREA, DEMOCRATIC PEOPLE´S REPUBLIC OF",Total trips,Thousands,2010,
"KOREA, DEMOCRATIC PEOPLE´S REPUBLIC OF",Overnights visitors (tourists),Thousands,2010,
"KOREA, DEMOCRATIC PEOPLE´S REPUBLIC OF",Same-day visitors (excursionists),Thousands,2010,
"KOREA, REPUBLIC OF",Total trips,Thousands,2010,
"KOREA, REPUBLIC OF",Overnights visitors (tourists),Thousands,2010,
"KOREA, REPUBLIC OF",Same-day visitors (excursionists),Thousands,2010,
KUWAIT,Total trips,Thousands,2010,
KUWAIT,Overnights visitors (tourists),Thousands,2010,
KUWAIT,Same-day visitors (excursionists),Thousands,2010,
KYRGYZSTAN,Total trips,Thousands,2010,
KYRGYZSTAN,Overnights visitors (tourists),Thousands,2010,
KYRGYZSTAN,Same-day visitors (excursionists),Thousands,2010,
LAO PEOPLE´S DEMOCRATIC REPUBLIC,Total trips,Thousands,2010,
LAO PEOPLE´S DEMOCRATIC REPUBLIC,Overnights visitors (tourists),Thousands,2010,
LAO PEOPLE´S DEMOCRATIC REPUBLIC,Same-day visitors (excursionists),Thousands,2010,
LATVIA,Total trips,Thousands,2010,
LATVIA,Overnights visitors (tourists),Thousands,2010,
LATVIA,Same-day visitors (excursionists),Thousands,2010,
LEBANON,Total trips,Thousands,2010,
LEBANON,Overnights visitors (tourists),Thousands,2010,
LEBANON,Same-day visitors (excursionists),Thousands,2010,
LESOTHO,Total trips,Thousands,2010,
LESOTHO,Overnights visitors (tourists),Thousands,2010,
LESOTHO,Same-day visitors (excursionists),Thousands,2010,
LIBERIA,Total trips,Thousands,2010,
LIBERIA,Overnights visitors (tourists),Thousands,2010,
LIBERIA,Same-day visitors (excursionists),Thousands,2010,
LIBYA,Total trips,Thousands,2010,
LIBYA,Overnights visitors (tourists),Thousands,2010,
LIBYA,Same-day visitors (excursionists),Thousands,2010,
LIECHTENSTEIN,Total trips,Thousands,2010,
LIECHTENSTEIN,Overnights visitors (tourists),Thousands,2010,
LIECHTENSTEIN,Same-day visitors (excursionists),Thousands,2010,
LITHUANIA,Total trips,Thousands,2010,
LITHUANIA,Overnights visitors (tourists),Thousands,2010,
LITHUANIA,Same-day visitors (excursionists),Thousands,2010,
LUXEMBOURG,Total trips,Thousands,2010,
LUXEMBOURG,Overnights visitors (tourists),Thousands,2010,49.0
LUXEMBOURG,Same-day visitors (excursionists),Thousands,2010,
"MACAO, CHINA",Total trips,Thousands,2010,
"MACAO, CHINA",Overnights visitors (tourists),Thousands,2010,
"MACAO, CHINA",Same-day visitors (excursionists),Thousands,2010,
MADAGASCAR,Total trips,Thousands,2010,
MADAGASCAR,Overnights visitors (tourists),Thousands,2010,
MADAGASCAR,Same-day visitors (excursionists),Thousands,2010,
MALAWI,Total trips,Thousands,2010,
MALAWI,Overnights visitors (tourists),Thousands,2010,
MALAWI,Same-day visitors (excursionists),Thousands,2010,
MALAYSIA,Total trips,Thousands,2010,
MALAYSIA,Overnights visitors (tourists),Thousands,2010,
MALAYSIA,Same-day visitors (excursionists),Thousands,2010,
MALDIVES,Total trips,Thousands,2010,
MALDIVES,Overnights visitors (tourists),Thousands,2010,
MALDIVES,Same-day visitors (excursionists),Thousands,2010,
MALI,Total trips,Thousands,2010,
MALI,Overnights visitors (tourists),Thousands,2010,40.0
MALI,Same-day visitors (excursionists),Thousands,2010,
MALTA,Total trips,Thousands,2010,
MALTA,Overnights visitors (tourists),Thousands,2010,
MALTA,Same-day visitors (excursionists),Thousands,2010,
MARSHALL ISLANDS,Total trips,Thousands,2010,
MARSHALL ISLANDS,Overnights visitors (tourists),Thousands,2010,
MARSHALL ISLANDS,Same-day visitors (excursionists),Thousands,2010,
MARTINIQUE,Total trips,Thousands,2010,
MARTINIQUE,Overnights visitors (tourists),Thousands,2010,
MARTINIQUE,Same-day visitors (excursionists),Thousands,2010,
MAURITANIA,Total trips,Thousands,2010,
MAURITANIA,Overnights visitors (tourists),Thousands,2010,
MAURITANIA,Same-day visitors (excursionists),Thousands,2010,
MAURITIUS,Total trips,Thousands,2010,
MAURITIUS,Overnights visitors (tourists),Thousands,2010,
MAURITIUS,Same-day visitors (excursionists),Thousands,2010,
MEXICO,Total trips,Thousands,2010,
MEXICO,Overnights visitors (tourists),Thousands,2010,
MEXICO,Same-day visitors (excursionists),Thousands,2010,
"MICRONESIA, FEDERATED STATES OF",Total trips,Thousands,2010,
"MICRONESIA, FEDERATED STATES OF",Overnights visitors (tourists),Thousands,2010,
"MICRONESIA, FEDERATED STATES OF",Same-day visitors (excursionists),Thousands,2010,
"MOLDOVA, REPUBLIC OF",Total trips,Thousands,2010,36.0
"MOLDOVA, REPUBLIC OF",Overnights visitors (tourists),Thousands,2010,27.0
"MOLDOVA, REPUBLIC OF",Same-day visitors (excursionists),Thousands,2010,9.0
MONACO,Total trips,Thousands,2010,
MONACO,Overnights visitors (tourists),Thousands,2010,
MONACO,Same-day visitors (excursionists),Thousands,2010,
MONGOLIA,Total trips,Thousands,2010,
MONGOLIA,Overnights visitors (tourists),Thousands,2010,
MONGOLIA,Same-day visitors (excursionists),Thousands,2010,
MONTENEGRO,Total trips,Thousands,2010,
MONTENEGRO,Overnights visitors (tourists),Thousands,2010,
MONTENEGRO,Same-day visitors (excursionists),Thousands,2010,
MONTSERRAT,Total trips,Thousands,2010,
MONTSERRAT,Overnights visitors (tourists),Thousands,2010,
MONTSERRAT,Same-day visitors (excursionists),Thousands,2010,
MOROCCO,Total trips,Thousands,2010,
MOROCCO,Overnights visitors (tourists),Thousands,2010,
MOROCCO,Same-day visitors (excursionists),Thousands,2010,
MOZAMBIQUE,Total trips,Thousands,2010,
MOZAMBIQUE,Overnights visitors (tourists),Thousands,2010,
MOZAMBIQUE,Same-day visitors (excursionists),Thousands,2010,
MYANMAR,Total trips,Thousands,2010,
MYANMAR,Overnights visitors (tourists),Thousands,2010,
MYANMAR,Same-day visitors (excursionists),Thousands,2010,
NAMIBIA,Total trips,Thousands,2010,
NAMIBIA,Overnights visitors (tourists),Thousands,2010,
NAMIBIA,Same-day visitors (excursionists),Thousands,2010,
NAURU,Total trips,Thousands,2010,
NAURU,Overnights visitors (tourists),Thousands,2010,
NAURU,Same-day visitors (excursionists),Thousands,2010,
NEPAL,Total trips,Thousands,2010,
NEPAL,Overnights visitors (tourists),Thousands,2010,
NEPAL,Same-day visitors (excursionists),Thousands,2010,
NETHERLANDS,Total trips,Thousands,2010,
NETHERLANDS,Overnights visitors (tourists),Thousands,2010,
NETHERLANDS,Same-day visitors (excursionists),Thousands,2010,
NEW CALEDONIA,Total trips,Thousands,2010,
NEW CALEDONIA,Overnights visitors (tourists),Thousands,2010,
NEW CALEDONIA,Same-day visitors (excursionists),Thousands,2010,
NEW ZEALAND,Total trips,Thousands,2010,
NEW ZEALAND,Overnights visitors (tourists),Thousands,2010,
NEW ZEALAND,Same-day visitors (excursionists),Thousands,2010,
NICARAGUA,Total trips,Thousands,2010,
NICARAGUA,Overnights visitors (tourists),Thousands,2010,
NICARAGUA,Same-day visitors (excursionists),Thousands,2010,
NIGER,Total trips,Thousands,2010,
NIGER,Overnights visitors (tourists),Thousands,2010,
NIGER,Same-day visitors (excursionists),Thousands,2010,
NIGERIA,Total trips,Thousands,2010,
NIGERIA,Overnights visitors (tourists),Thousands,2010,
NIGERIA,Same-day visitors (excursionists),Thousands,2010,
NIUE,Total trips,Thousands,2010,
NIUE,Overnights visitors (tourists),Thousands,2010,
NIUE,Same-day visitors (excursionists),Thousands,2010,
NORTH MACEDONIA,Total trips,Thousands,2010,
NORTH MACEDONIA,Overnights visitors (tourists),Thousands,2010,
NORTH MACEDONIA,Same-day visitors (excursionists),Thousands,2010,
NORTHERN MARIANA ISLANDS,Total trips,Thousands,2010,
NORTHERN MARIANA ISLANDS,Overnights visitors (tourists),Thousands,2010,
NORTHERN MARIANA ISLANDS,Same-day visitors (excursionists),Thousands,2010,
NORWAY,Total trips,Thousands,2010,
NORWAY,Overnights visitors (tourists),Thousands,2010,
NORWAY,Same-day visitors (excursionists),Thousands,2010,
OMAN,Total trips,Thousands,2010,
OMAN,Overnights visitors (tourists),Thousands,2010,
OMAN,Same-day visitors (excursionists),Thousands,2010,
PAKISTAN,Total trips,Thousands,2010,
PAKISTAN,Overnights visitors (tourists),Thousands,2010,
PAKISTAN,Same-day visitors (excursionists),Thousands,2010,
PALAU,Total trips,Thousands,2010,
PALAU,Overnights visitors (tourists),Thousands,2010,
PALAU,Same-day visitors (excursionists),Thousands,2010,
PANAMA,Total trips,Thousands,2010,
PANAMA,Overnights visitors (tourists),Thousands,2010,
PANAMA,Same-day visitors (excursionists),Thousands,2010,
PAPUA NEW GUINEA,Total trips,Thousands,2010,
PAPUA NEW GUINEA,Overnights visitors (tourists),Thousands,2010,
PAPUA NEW GUINEA,Same-day visitors (excursionists),Thousands,2010,
PARAGUAY,Total trips,Thousands,2010,
PARAGUAY,Overnights visitors (tourists),Thousands,2010,
PARAGUAY,Same-day visitors (excursionists),Thousands,2010,
PERU,Total trips,Thousands,2010,
PERU,Overnights visitors (tourists),Thousands,2010,
PERU,Same-day visitors (excursionists),Thousands,2010,
PHILIPPINES,Total trips,Thousands,2010,
PHILIPPINES,Overnights visitors (tourists),Thousands,2010,
PHILIPPINES,Same-day visitors (excursionists),Thousands,2010,
POLAND,Total trips,Thousands,2010,
POLAND,Overnights visitors (tourists),Thousands,2010,
POLAND,Same-day visitors (excursionists),Thousands,2010,
PORTUGAL,Total trips,Thousands,2010,
PORTUGAL,Overnights visitors (tourists),Thousands,2010,
PORTUGAL,Same-day visitors (excursionists),Thousands,2010,
PUERTO RICO,Total trips,Thousands,2010,
PUERTO RICO,Overnights visitors (tourists),Thousands,2010,
PUERTO RICO,Same-day visitors (excursionists),Thousands,2010,
QATAR,Total trips,Thousands,2010,
QATAR,Overnights visitors (tourists),Thousands,2010,
QATAR,Same-day visitors (excursionists),Thousands,2010,
REUNION,Total trips,Thousands,2010,
REUNION,Overnights visitors (tourists),Thousands,2010,
REUNION,Same-day visitors (excursionists),Thousands,2010,
ROMANIA,Total trips,Thousands,2010,
ROMANIA,Overnights visitors (tourists),Thousands,2010,
ROMANIA,Same-day visitors (excursionists),Thousands,2010,
RUSSIAN FEDERATION,Total trips,Thousands,2010,
RUSSIAN FEDERATION,Overnights visitors (tourists),Thousands,2010,
RUSSIAN FEDERATION,Same-day visitors (excursionists),Thousands,2010,
RWANDA,Total trips,Thousands,2010,
RWANDA,Overnights visitors (tourists),Thousands,2010,
RWANDA,Same-day visitors (excursionists),Thousands,2010,
SABA,Total trips,Thousands,2010,
SABA,Overnights visitors (tourists),Thousands,2010,
SABA,Same-day visitors (excursionists),Thousands,2010,
SAINT KITTS AND NEVIS,Total trips,Thousands,2010,
SAINT KITTS AND NEVIS,Overnights visitors (tourists),Thousands,2010,
SAINT KITTS AND NEVIS,Same-day visitors (excursionists),Thousands,2010,
SAINT LUCIA,Total trips,Thousands,2010,
SAINT LUCIA,Overnights visitors (tourists),Thousands,2010,
SAINT LUCIA,Same-day visitors (excursionists),Thousands,2010,
SAINT VINCENT AND THE GRENADINES,Total trips,Thousands,2010,
SAINT VINCENT AND THE GRENADINES,Overnights visitors (tourists),Thousands,2010,
SAINT VINCENT AND THE GRENADINES,Same-day visitors (excursionists),Thousands,2010,
SAMOA,Total trips,Thousands,2010,
SAMOA,Overnights visitors (tourists),Thousands,2010,
SAMOA,Same-day visitors (excursionists),Thousands,2010,
SAN MARINO,Total trips,Thousands,2010,
SAN MARINO,Overnights visitors (tourists),Thousands,2010,
SAN MARINO,Same-day visitors (excursionists),Thousands,2010,
SAO TOME AND PRINCIPE,Total trips,Thousands,2010,
SAO TOME AND PRINCIPE,Overnights visitors (tourists),Thousands,2010,
SAO TOME AND PRINCIPE,Same-day visitors (excursionists),Thousands,2010,
SAUDI ARABIA,Total trips,Thousands,2010,
SAUDI ARABIA,Overnights visitors (tourists),Thousands,2010,
SAUDI ARABIA,Same-day visitors (excursionists),Thousands,2010,
SENEGAL,Total trips,Thousands,2010,
SENEGAL,Overnights visitors (tourists),Thousands,2010,
SENEGAL,Same-day visitors (excursionists),Thousands,2010,
SERBIA,Total trips,Thousands,2010,
SERBIA,Overnights visitors (tourists),Thousands,2010,
SERBIA,Same-day visitors (excursionists),Thousands,2010,
SERBIA AND MONTENEGRO,Total trips,Thousands,2010,
SERBIA AND MONTENEGRO,Overnights visitors (tourists),Thousands,2010,
SERBIA AND MONTENEGRO,Same-day visitors (excursionists),Thousands,2010,
SEYCHELLES,Total trips,Thousands,2010,
SEYCHELLES,Overnights visitors (tourists),Thousands,2010,
SEYCHELLES,Same-day visitors (excursionists),Thousands,2010,
SIERRA LEONE,Total trips,Thousands,2010,
SIERRA LEONE,Overnights visitors (tourists),Thousands,2010,
SIERRA LEONE,Same-day visitors (excursionists),Thousands,2010,
SINGAPORE,Total trips,Thousands,2010,
SINGAPORE,Overnights visitors (tourists),Thousands,2010,
SINGAPORE,Same-day visitors (excursionists),Thousands,2010,
SINT EUSTATIUS,Total trips,Thousands,2010,
SINT EUSTATIUS,Overnights visitors (tourists),Thousands,2010,
SINT EUSTATIUS,Same-day visitors (excursionists),Thousands,2010,
SINT MAARTEN (DUTCH PART),Total trips,Thousands,2010,
SINT MAARTEN (DUTCH PART),Overnights visitors (tourists),Thousands,2010,
SINT MAARTEN (DUTCH PART),Same-day visitors (excursionists),Thousands,2010,
SLOVAKIA,Total trips,Thousands,2010,
SLOVAKIA,Overnights visitors (tourists),Thousands,2010,
SLOVAKIA,Same-day visitors (excursionists),Thousands,2010,
SLOVENIA,Total trips,Thousands,2010,
SLOVENIA,Overnights visitors (tourists),Thousands,2010,
SLOVENIA,Same-day visitors (excursionists),Thousands,2010,
SOLOMON ISLANDS,Total trips,Thousands,2010,
SOLOMON ISLANDS,Overnights visitors (tourists),Thousands,2010,
SOLOMON ISLANDS,Same-day visitors (excursionists),Thousands,2010,
SOMALIA,Total trips,Thousands,2010,
SOMALIA,Overnights visitors (tourists),Thousands,2010,
SOMALIA,Same-day visitors (excursionists),Thousands,2010,
SOUTH AFRICA,Total trips,Thousands,2010,
SOUTH AFRICA,Overnights visitors (tourists),Thousands,2010,
SOUTH AFRICA,Same-day visitors (excursionists),Thousands,2010,
SOUTH SUDAN,Total trips,Thousands,2010,
SOUTH SUDAN,Overnights visitors (tourists),Thousands,2010,
SOUTH SUDAN,Same-day visitors (excursionists),Thousands,2010,
SPAIN,Total trips,Thousands,2010,
SPAIN,Overnights visitors (tourists),Thousands,2010,
SPAIN,Same-day visitors (excursionists),Thousands,2010,
SRI LANKA,Total trips,Thousands,2010,
SRI LANKA,Overnights visitors (tourists),Thousands,2010,
SRI LANKA,Same-day visitors (excursionists),Thousands,2010,
STATE OF PALESTINE,Total trips,Thousands,2010,
STATE OF PALESTINE,Overnights visitors (tourists),Thousands,2010,
STATE OF PALESTINE,Same-day visitors (excursionists),Thousands,2010,
SUDAN,Total trips,Thousands,2010,
SUDAN,Overnights visitors (tourists),Thousands,2010,
SUDAN,Same-day visitors (excursionists),Thousands,2010,
SURINAME,Total trips,Thousands,2010,
SURINAME,Overnights visitors (tourists),Thousands,2010,
SURINAME,Same-day visitors (excursionists),Thousands,2010,
SWEDEN,Total trips,Thousands,2010,
SWEDEN,Overnights visitors (tourists),Thousands,2010,
SWEDEN,Same-day visitors (excursionists),Thousands,2010,
SWITZERLAND,Total trips,Thousands,2010,
SWITZERLAND,Overnights visitors (tourists),Thousands,2010,
SWITZERLAND,Same-day visitors (excursionists),Thousands,2010,
SYRIAN ARAB REPUBLIC,Total trips,Thousands,2010,
SYRIAN ARAB REPUBLIC,Overnights visitors (tourists),Thousands,2010,
SYRIAN ARAB REPUBLIC,Same-day visitors (excursionists),Thousands,2010,
TAIWAN PROVINCE OF CHINA,Total trips,Thousands,2010,
TAIWAN PROVINCE OF CHINA,Overnights visitors (tourists),Thousands,2010,
TAIWAN PROVINCE OF CHINA,Same-day visitors (excursionists),Thousands,2010,
TAJIKISTAN,Total trips,Thousands,2010,
TAJIKISTAN,Overnights visitors (tourists),Thousands,2010,
TAJIKISTAN,Same-day visitors (excursionists),Thousands,2010,
"TANZANIA, UNITED REPUBLIC OF",Total trips,Thousands,2010,
"TANZANIA, UNITED REPUBLIC OF",Overnights visitors (tourists),Thousands,2010,
"TANZANIA, UNITED REPUBLIC OF",Same-day visitors (excursionists),Thousands,2010,
THAILAND,Total trips,Thousands,2010,
THAILAND,Overnights visitors (tourists),Thousands,2010,
THAILAND,Same-day visitors (excursionists),Thousands,2010,
TIMOR-LESTE,Total trips,Thousands,2010,
TIMOR-LESTE,Overnights visitors (tourists),Thousands,2010,
TIMOR-LESTE,Same-day visitors (excursionists),Thousands,2010,
TOGO,Total trips,Thousands,2010,
TOGO,Overnights visitors (tourists),Thousands,2010,
TOGO,Same-day visitors (excursionists),Thousands,2010,
TONGA,Total trips,Thousands,2010,
TONGA,Overnights visitors (tourists),Thousands,2010,
TONGA,Same-day visitors (excursionists),Thousands,2010,
TRINIDAD AND TOBAGO,Total trips,Thousands,2010,
TRINIDAD AND TOBAGO,Overnights visitors (tourists),Thousands,2010,716.0
TRINIDAD AND TOBAGO,Same-day visitors (excursionists),Thousands,2010,
TUNISIA,Total trips,Thousands,2010,
TUNISIA,Overnights visitors (tourists),Thousands,2010,
TUNISIA,Same-day visitors (excursionists),Thousands,2010,
TÜRKIYE,Total trips,Thousands,2010,
TÜRKIYE,Overnights visitors (tourists),Thousands,2010,
TÜRKIYE,Same-day visitors (excursionists),Thousands,2010,
TURKMENISTAN,Total trips,Thousands,2010,
TURKMENISTAN,Overnights visitors (tourists),Thousands,2010,
TURKMENISTAN,Same-day visitors (excursionists),Thousands,2010,
TURKS AND CAICOS ISLANDS,Total trips,Thousands,2010,
TURKS AND CAICOS ISLANDS,Overnights visitors (tourists),Thousands,2010,
TURKS AND CAICOS ISLANDS,Same-day visitors (excursionists),Thousands,2010,
TUVALU,Total trips,Thousands,2010,
TUVALU,Overnights visitors (tourists),Thousands,2010,
TUVALU,Same-day visitors (excursionists),Thousands,2010,
UGANDA,Total trips,Thousands,2010,
UGANDA,Overnights visitors (tourists),Thousands,2010,
UGANDA,Same-day visitors (excursionists),Thousands,2010,
UKRAINE,Total trips,Thousands,2010,
UKRAINE,Overnights visitors (tourists),Thousands,2010,
UKRAINE,Same-day visitors (excursionists),Thousands,2010,
UNITED ARAB EMIRATES,Total trips,Thousands,2010,
UNITED ARAB EMIRATES,Overnights visitors (tourists),Thousands,2010,
UNITED ARAB EMIRATES,Same-day visitors (excursionists),Thousands,2010,
UNITED KINGDOM,Total trips,Thousands,2010,
UNITED KINGDOM,Overnights visitors (tourists),Thousands,2010,
UNITED KINGDOM,Same-day visitors (excursionists),Thousands,2010,
UNITED STATES OF AMERICA,Total trips,Thousands,2010,
UNITED STATES OF AMERICA,Overnights visitors (tourists),Thousands,2010,
UNITED STATES OF AMERICA,Same-day visitors (excursionists),Thousands,2010,
UNITED STATES VIRGIN ISLANDS,Total trips,Thousands,2010,
UNITED STATES VIRGIN ISLANDS,Overnights visitors (tourists),Thousands,2010,
UNITED STATES VIRGIN ISLANDS,Same-day visitors (excursionists),Thousands,2010,
URUGUAY,Total trips,Thousands,2010,
URUGUAY,Overnights visitors (tourists),Thousands,2010,
URUGUAY,Same-day visitors (excursionists),Thousands,2010,
UZBEKISTAN,Total trips,Thousands,2010,
UZBEKISTAN,Overnights visitors (tourists),Thousands,2010,
UZBEKISTAN,Same-day visitors (excursionists),Thousands,2010,
VANUATU,Total trips,Thousands,2010,
VANUATU,Overnights visitors (tourists),Thousands,2010,
VANUATU,Same-day visitors (excursionists),Thousands,2010,
"VENEZUELA, BOLIVARIAN REPUBLIC OF",Total trips,Thousands,2010,
"VENEZUELA, BOLIVARIAN REPUBLIC OF",Overnights visitors (tourists),Thousands,2010,
"VENEZUELA, BOLIVARIAN REPUBLIC OF",Same-day visitors (excursionists),Thousands,2010,
VIET NAM,Total trips,Thousands,2010,
VIET NAM,Overnights visitors (tourists),Thousands,2010,
VIET NAM,Same-day visitors (excursionists),Thousands,2010,
YEMEN,Total trips,Thousands,2010,
YEMEN,Overnights visitors (tourists),Thousands,2010,
YEMEN,Same-day visitors (excursionists),Thousands,2010,
ZAMBIA,Total trips,Thousands,2010,
ZAMBIA,Overnights visitors (tourists),Thousands,2010,
ZAMBIA,Same-day visitors (excursionists),Thousands,2010,
ZIMBABWE,Total trips,Thousands,2010,
ZIMBABWE,Overnights visitors (tourists),Thousands,2010,
ZIMBABWE,Same-day visitors (excursionists),Thousands,2010,
AFGHANISTAN,Total trips,Thousands,2011,
AFGHANISTAN,Overnights visitors (tourists),Thousands,2011,
AFGHANISTAN,Same-day visitors (excursionists),Thousands,2011,
ALBANIA,Total trips,Thousands,2011,
ALBANIA,Overnights visitors (tourists),Thousands,2011,
ALBANIA,Same-day visitors (excursionists),Thousands,2011,
ALGERIA,Total trips,Thousands,2011,
ALGERIA,Overnights visitors (tourists),Thousands,2011,
ALGERIA,Same-day visitors (excursionists),Thousands,2011,
AMERICAN SAMOA,Total trips,Thousands,2011,
AMERICAN SAMOA,Overnights visitors (tourists),Thousands,2011,
AMERICAN SAMOA,Same-day visitors (excursionists),Thousands,2011,
ANDORRA,Total trips,Thousands,2011,
ANDORRA,Overnights visitors (tourists),Thousands,2011,
ANDORRA,Same-day visitors (excursionists),Thousands,2011,
ANGOLA,Total trips,Thousands,2011,
ANGOLA,Overnights visitors (tourists),Thousands,2011,
ANGOLA,Same-day visitors (excursionists),Thousands,2011,
ANGUILLA,Total trips,Thousands,2011,
ANGUILLA,Overnights visitors (tourists),Thousands,2011,
ANGUILLA,Same-day visitors (excursionists),Thousands,2011,
ANTIGUA AND BARBUDA,Total trips,Thousands,2011,
ANTIGUA AND BARBUDA,Overnights visitors (tourists),Thousands,2011,
ANTIGUA AND BARBUDA,Same-day visitors (excursionists),Thousands,2011,
ARGENTINA,Total trips,Thousands,2011,
ARGENTINA,Overnights visitors (tourists),Thousands,2011,
ARGENTINA,Same-day visitors (excursionists),Thousands,2011,
ARMENIA,Total trips,Thousands,2011,
ARMENIA,Overnights visitors (tourists),Thousands,2011,489.0
ARMENIA,Same-day visitors (excursionists),Thousands,2011,
ARUBA,Total trips,Thousands,2011,
ARUBA,Overnights visitors (tourists),Thousands,2011,
ARUBA,Same-day visitors (excursionists),Thousands,2011,
AUSTRALIA,Total trips,Thousands,2011,
AUSTRALIA,Overnights visitors (tourists),Thousands,2011,
AUSTRALIA,Same-day visitors (excursionists),Thousands,2011,
AUSTRIA,Total trips,Thousands,2011,
AUSTRIA,Overnights visitors (tourists),Thousands,2011,
AUSTRIA,Same-day visitors (excursionists),Thousands,2011,
AZERBAIJAN,Total trips,Thousands,2011,
AZERBAIJAN,Overnights visitors (tourists),Thousands,2011,
AZERBAIJAN,Same-day visitors (excursionists),Thousands,2011,
BAHAMAS,Total trips,Thousands,2011,
BAHAMAS,Overnights visitors (tourists),Thousands,2011,
BAHAMAS,Same-day visitors (excursionists),Thousands,2011,
BAHRAIN,Total trips,Thousands,2011,
BAHRAIN,Overnights visitors (tourists),Thousands,2011,
BAHRAIN,Same-day visitors (excursionists),Thousands,2011,
BANGLADESH,Total trips,Thousands,2011,
BANGLADESH,Overnights visitors (tourists),Thousands,2011,
BANGLADESH,Same-day visitors (excursionists),Thousands,2011,
BARBADOS,Total trips,Thousands,2011,
BARBADOS,Overnights visitors (tourists),Thousands,2011,
BARBADOS,Same-day visitors (excursionists),Thousands,2011,
BELARUS,Total trips,Thousands,2011,
BELARUS,Overnights visitors (tourists),Thousands,2011,
BELARUS,Same-day visitors (excursionists),Thousands,2011,
BELGIUM,Total trips,Thousands,2011,
BELGIUM,Overnights visitors (tourists),Thousands,2011,
BELGIUM,Same-day visitors (excursionists),Thousands,2011,
BELIZE,Total trips,Thousands,2011,
BELIZE,Overnights visitors (tourists),Thousands,2011,
BELIZE,Same-day visitors (excursionists),Thousands,2011,
BENIN,Total trips,Thousands,2011,
BENIN,Overnights visitors (tourists),Thousands,2011,
BENIN,Same-day visitors (excursionists),Thousands,2011,
BERMUDA,Total trips,Thousands,2011,
BERMUDA,Overnights visitors (tourists),Thousands,2011,
BERMUDA,Same-day visitors (excursionists),Thousands,2011,
BHUTAN,Total trips,Thousands,2011,
BHUTAN,Overnights visitors (tourists),Thousands,2011,
BHUTAN,Same-day visitors (excursionists),Thousands,2011,
"BOLIVIA, PLURINATIONAL STATE OF",Total trips,Thousands,2011,
"BOLIVIA, PLURINATIONAL STATE OF",Overnights visitors (tourists),Thousands,2011,
"BOLIVIA, PLURINATIONAL STATE OF",Same-day visitors (excursionists),Thousands,2011,
BONAIRE,Total trips,Thousands,2011,
BONAIRE,Overnights visitors (tourists),Thousands,2011,
BONAIRE,Same-day visitors (excursionists),Thousands,2011,
BOSNIA AND HERZEGOVINA,Total trips,Thousands,2011,
BOSNIA AND HERZEGOVINA,Overnights visitors (tourists),Thousands,2011,
BOSNIA AND HERZEGOVINA,Same-day visitors (excursionists),Thousands,2011,
BOTSWANA,Total trips,Thousands,2011,
BOTSWANA,Overnights visitors (tourists),Thousands,2011,
BOTSWANA,Same-day visitors (excursionists),Thousands,2011,
BRAZIL,Total trips,Thousands,2011,
BRAZIL,Overnights visitors (tourists),Thousands,2011,
BRAZIL,Same-day visitors (excursionists),Thousands,2011,
BRITISH VIRGIN ISLANDS,Total trips,Thousands,2011,
BRITISH VIRGIN ISLANDS,Overnights visitors (tourists),Thousands,2011,
BRITISH VIRGIN ISLANDS,Same-day visitors (excursionists),Thousands,2011,
BRUNEI DARUSSALAM,Total trips,Thousands,2011,
BRUNEI DARUSSALAM,Overnights visitors (tourists),Thousands,2011,
BRUNEI DARUSSALAM,Same-day visitors (excursionists),Thousands,2011,
BULGARIA,Total trips,Thousands,2011,
BULGARIA,Overnights visitors (tourists),Thousands,2011,
BULGARIA,Same-day visitors (excursionists),Thousands,2011,
BURKINA FASO,Total trips,Thousands,2011,
BURKINA FASO,Overnights visitors (tourists),Thousands,2011,
BURKINA FASO,Same-day visitors (excursionists),Thousands,2011,
BURUNDI,Total trips,Thousands,2011,
BURUNDI,Overnights visitors (tourists),Thousands,2011,
BURUNDI,Same-day visitors (excursionists),Thousands,2011,
CABO VERDE,Total trips,Thousands,2011,
CABO VERDE,Overnights visitors (tourists),Thousands,2011,
CABO VERDE,Same-day visitors (excursionists),Thousands,2011,
CAMBODIA,Total trips,Thousands,2011,
CAMBODIA,Overnights visitors (tourists),Thousands,2011,
CAMBODIA,Same-day visitors (excursionists),Thousands,2011,
CAMEROON,Total trips,Thousands,2011,
CAMEROON,Overnights visitors (tourists),Thousands,2011,
CAMEROON,Same-day visitors (excursionists),Thousands,2011,
CANADA,Total trips,Thousands,2011,
CANADA,Overnights visitors (tourists),Thousands,2011,
CANADA,Same-day visitors (excursionists),Thousands,2011,
CAYMAN ISLANDS,Total trips,Thousands,2011,
CAYMAN ISLANDS,Overnights visitors (tourists),Thousands,2011,
CAYMAN ISLANDS,Same-day visitors (excursionists),Thousands,2011,
CENTRAL AFRICAN REPUBLIC,Total trips,Thousands,2011,
CENTRAL AFRICAN REPUBLIC,Overnights visitors (tourists),Thousands,2011,
CENTRAL AFRICAN REPUBLIC,Same-day visitors (excursionists),Thousands,2011,
CHAD,Total trips,Thousands,2011,
CHAD,Overnights visitors (tourists),Thousands,2011,
CHAD,Same-day visitors (excursionists),Thousands,2011,
CHILE,Total trips,Thousands,2011,
CHILE,Overnights visitors (tourists),Thousands,2011,
CHILE,Same-day visitors (excursionists),Thousands,2011,
CHINA,Total trips,Thousands,2011,
CHINA,Overnights visitors (tourists),Thousands,2011,
CHINA,Same-day visitors (excursionists),Thousands,2011,
COLOMBIA,Total trips,Thousands,2011,
COLOMBIA,Overnights visitors (tourists),Thousands,2011,
COLOMBIA,Same-day visitors (excursionists),Thousands,2011,
COMOROS,Total trips,Thousands,2011,
COMOROS,Overnights visitors (tourists),Thousands,2011,
COMOROS,Same-day visitors (excursionists),Thousands,2011,
CONGO,Total trips,Thousands,2011,
CONGO,Overnights visitors (tourists),Thousands,2011,
CONGO,Same-day visitors (excursionists),Thousands,2011,
"CONGO, DEMOCRATIC REPUBLIC OF THE",Total trips,Thousands,2011,
"CONGO, DEMOCRATIC REPUBLIC OF THE",Overnights visitors (tourists),Thousands,2011,
"CONGO, DEMOCRATIC REPUBLIC OF THE",Same-day visitors (excursionists),Thousands,2011,
COOK ISLANDS,Total trips,Thousands,2011,
COOK ISLANDS,Overnights visitors (tourists),Thousands,2011,
COOK ISLANDS,Same-day visitors (excursionists),Thousands,2011,
COSTA RICA,Total trips,Thousands,2011,
COSTA RICA,Overnights visitors (tourists),Thousands,2011,
COSTA RICA,Same-day visitors (excursionists),Thousands,2011,
COTE D´IVOIRE,Total trips,Thousands,2011,
COTE D´IVOIRE,Overnights visitors (tourists),Thousands,2011,
COTE D´IVOIRE,Same-day visitors (excursionists),Thousands,2011,
CROATIA,Total trips,Thousands,2011,
CROATIA,Overnights visitors (tourists),Thousands,2011,
CROATIA,Same-day visitors (excursionists),Thousands,2011,
CUBA,Total trips,Thousands,2011,
CUBA,Overnights visitors (tourists),Thousands,2011,
CUBA,Same-day visitors (excursionists),Thousands,2011,
CURAÇAO,Total trips,Thousands,2011,
CURAÇAO,Overnights visitors (tourists),Thousands,2011,
CURAÇAO,Same-day visitors (excursionists),Thousands,2011,
CYPRUS,Total trips,Thousands,2011,
CYPRUS,Overnights visitors (tourists),Thousands,2011,
CYPRUS,Same-day visitors (excursionists),Thousands,2011,
CZECH REPUBLIC (CZECHIA),Total trips,Thousands,2011,
CZECH REPUBLIC (CZECHIA),Overnights visitors (tourists),Thousands,2011,
CZECH REPUBLIC (CZECHIA),Same-day visitors (excursionists),Thousands,2011,
DENMARK,Total trips,Thousands,2011,
DENMARK,Overnights visitors (tourists),Thousands,2011,
DENMARK,Same-day visitors (excursionists),Thousands,2011,
DJIBOUTI,Total trips,Thousands,2011,
DJIBOUTI,Overnights visitors (tourists),Thousands,2011,
DJIBOUTI,Same-day visitors (excursionists),Thousands,2011,
DOMINICA,Total trips,Thousands,2011,
DOMINICA,Overnights visitors (tourists),Thousands,2011,
DOMINICA,Same-day visitors (excursionists),Thousands,2011,
DOMINICAN REPUBLIC,Total trips,Thousands,2011,
DOMINICAN REPUBLIC,Overnights visitors (tourists),Thousands,2011,
DOMINICAN REPUBLIC,Same-day visitors (excursionists),Thousands,2011,
ECUADOR,Total trips,Thousands,2011,
ECUADOR,Overnights visitors (tourists),Thousands,2011,
ECUADOR,Same-day visitors (excursionists),Thousands,2011,
EGYPT,Total trips,Thousands,2011,
EGYPT,Overnights visitors (tourists),Thousands,2011,
EGYPT,Same-day visitors (excursionists),Thousands,2011,
EL SALVADOR,Total trips,Thousands,2011,
EL SALVADOR,Overnights visitors (tourists),Thousands,2011,
EL SALVADOR,Same-day visitors (excursionists),Thousands,2011,
EQUATORIAL GUINEA,Total trips,Thousands,2011,
EQUATORIAL GUINEA,Overnights visitors (tourists),Thousands,2011,
EQUATORIAL GUINEA,Same-day visitors (excursionists),Thousands,2011,
ERITREA,Total trips,Thousands,2011,
ERITREA,Overnights visitors (tourists),Thousands,2011,
ERITREA,Same-day visitors (excursionists),Thousands,2011,
ESTONIA,Total trips,Thousands,2011,
ESTONIA,Overnights visitors (tourists),Thousands,2011,
ESTONIA,Same-day visitors (excursionists),Thousands,2011,
ESWATINI,Total trips,Thousands,2011,180.0
ESWATINI,Overnights visitors (tourists),Thousands,2011,95.0
ESWATINI,Same-day visitors (excursionists),Thousands,2011,85.0
ETHIOPIA,Total trips,Thousands,2011,
ETHIOPIA,Overnights visitors (tourists),Thousands,2011,
ETHIOPIA,Same-day visitors (excursionists),Thousands,2011,
FIJI,Total trips,Thousands,2011,
FIJI,Overnights visitors (tourists),Thousands,2011,
FIJI,Same-day visitors (excursionists),Thousands,2011,
FINLAND,Total trips,Thousands,2011,
FINLAND,Overnights visitors (tourists),Thousands,2011,
FINLAND,Same-day visitors (excursionists),Thousands,2011,
FRANCE,Total trips,Thousands,2011,
FRANCE,Overnights visitors (tourists),Thousands,2011,
FRANCE,Same-day visitors (excursionists),Thousands,2011,
FRENCH GUIANA,Total trips,Thousands,2011,
FRENCH GUIANA,Overnights visitors (tourists),Thousands,2011,
FRENCH GUIANA,Same-day visitors (excursionists),Thousands,2011,
FRENCH POLYNESIA,Total trips,Thousands,2011,
FRENCH POLYNESIA,Overnights visitors (tourists),Thousands,2011,
FRENCH POLYNESIA,Same-day visitors (excursionists),Thousands,2011,
GABON,Total trips,Thousands,2011,
GABON,Overnights visitors (tourists),Thousands,2011,
GABON,Same-day visitors (excursionists),Thousands,2011,
GAMBIA,Total trips,Thousands,2011,
GAMBIA,Overnights visitors (tourists),Thousands,2011,
GAMBIA,Same-day visitors (excursionists),Thousands,2011,
GEORGIA,Total trips,Thousands,2011,
GEORGIA,Overnights visitors (tourists),Thousands,2011,
GEORGIA,Same-day visitors (excursionists),Thousands,2011,
GERMANY,Total trips,Thousands,2011,
GERMANY,Overnights visitors (tourists),Thousands,2011,
GERMANY,Same-day visitors (excursionists),Thousands,2011,
GHANA,Total trips,Thousands,2011,
GHANA,Overnights visitors (tourists),Thousands,2011,
GHANA,Same-day visitors (excursionists),Thousands,2011,
GREECE,Total trips,Thousands,2011,
GREECE,Overnights visitors (tourists),Thousands,2011,
GREECE,Same-day visitors (excursionists),Thousands,2011,
GRENADA,Total trips,Thousands,2011,
GRENADA,Overnights visitors (tourists),Thousands,2011,
GRENADA,Same-day visitors (excursionists),Thousands,2011,
GUADELOUPE,Total trips,Thousands,2011,
GUADELOUPE,Overnights visitors (tourists),Thousands,2011,
GUADELOUPE,Same-day visitors (excursionists),Thousands,2011,
GUAM,Total trips,Thousands,2011,
GUAM,Overnights visitors (tourists),Thousands,2011,
GUAM,Same-day visitors (excursionists),Thousands,2011,
GUATEMALA,Total trips,Thousands,2011,
GUATEMALA,Overnights visitors (tourists),Thousands,2011,
GUATEMALA,Same-day visitors (excursionists),Thousands,2011,
GUINEA,Total trips,Thousands,2011,
GUINEA,Overnights visitors (tourists),Thousands,2011,
GUINEA,Same-day visitors (excursionists),Thousands,2011,
GUINEA-BISSAU,Total trips,Thousands,2011,
GUINEA-BISSAU,Overnights visitors (tourists),Thousands,2011,
GUINEA-BISSAU,Same-day visitors (excursionists),Thousands,2011,
GUYANA,Total trips,Thousands,2011,
GUYANA,Overnights visitors (tourists),Thousands,2011,
GUYANA,Same-day visitors (excursionists),Thousands,2011,
HAITI,Total trips,Thousands,2011,
HAITI,Overnights visitors (tourists),Thousands,2011,
HAITI,Same-day visitors (excursionists),Thousands,2011,
HONDURAS,Total trips,Thousands,2011,
HONDURAS,Overnights visitors (tourists),Thousands,2011,
HONDURAS,Same-day visitors (excursionists),Thousands,2011,
"HONG KONG, CHINA",Total trips,Thousands,2011,
"HONG KONG, CHINA",Overnights visitors (tourists),Thousands,2011,
"HONG KONG, CHINA",Same-day visitors (excursionists),Thousands,2011,
HUNGARY,Total trips,Thousands,2011,
HUNGARY,Overnights visitors (tourists),Thousands,2011,
HUNGARY,Same-day visitors (excursionists),Thousands,2011,
ICELAND,Total trips,Thousands,2011,
ICELAND,Overnights visitors (tourists),Thousands,2011,
ICELAND,Same-day visitors (excursionists),Thousands,2011,
INDIA,Total trips,Thousands,2011,
INDIA,Overnights visitors (tourists),Thousands,2011,
INDIA,Same-day visitors (excursionists),Thousands,2011,
INDONESIA,Total trips,Thousands,2011,
INDONESIA,Overnights visitors (tourists),Thousands,2011,
INDONESIA,Same-day visitors (excursionists),Thousands,2011,
"IRAN, ISLAMIC REPUBLIC OF",Total trips,Thousands,2011,
"IRAN, ISLAMIC REPUBLIC OF",Overnights visitors (tourists),Thousands,2011,
"IRAN, ISLAMIC REPUBLIC OF",Same-day visitors (excursionists),Thousands,2011,
IRAQ,Total trips,Thousands,2011,
IRAQ,Overnights visitors (tourists),Thousands,2011,
IRAQ,Same-day visitors (excursionists),Thousands,2011,
IRELAND,Total trips,Thousands,2011,
IRELAND,Overnights visitors (tourists),Thousands,2011,
IRELAND,Same-day visitors (excursionists),Thousands,2011,
ISRAEL,Total trips,Thousands,2011,
ISRAEL,Overnights visitors (tourists),Thousands,2011,
ISRAEL,Same-day visitors (excursionists),Thousands,2011,
ITALY,Total trips,Thousands,2011,
ITALY,Overnights visitors (tourists),Thousands,2011,
ITALY,Same-day visitors (excursionists),Thousands,2011,
JAMAICA,Total trips,Thousands,2011,
JAMAICA,Overnights visitors (tourists),Thousands,2011,
JAMAICA,Same-day visitors (excursionists),Thousands,2011,
JAPAN,Total trips,Thousands,2011,
JAPAN,Overnights visitors (tourists),Thousands,2011,
JAPAN,Same-day visitors (excursionists),Thousands,2011,
JORDAN,Total trips,Thousands,2011,
JORDAN,Overnights visitors (tourists),Thousands,2011,
JORDAN,Same-day visitors (excursionists),Thousands,2011,
KAZAKHSTAN,Total trips,Thousands,2011,
KAZAKHSTAN,Overnights visitors (tourists),Thousands,2011,
KAZAKHSTAN,Same-day visitors (excursionists),Thousands,2011,
KENYA,Total trips,Thousands,2011,
KENYA,Overnights visitors (tourists),Thousands,2011,
KENYA,Same-day visitors (excursionists),Thousands,2011,
KIRIBATI,Total trips,Thousands,2011,
KIRIBATI,Overnights visitors (tourists),Thousands,2011,
KIRIBATI,Same-day visitors (excursionists),Thousands,2011,
"KOREA, DEMOCRATIC PEOPLE´S REPUBLIC OF",Total trips,Thousands,2011,
"KOREA, DEMOCRATIC PEOPLE´S REPUBLIC OF",Overnights visitors (tourists),Thousands,2011,
"KOREA, DEMOCRATIC PEOPLE´S REPUBLIC OF",Same-day visitors (excursionists),Thousands,2011,
"KOREA, REPUBLIC OF",Total trips,Thousands,2011,
"KOREA, REPUBLIC OF",Overnights visitors (tourists),Thousands,2011,
"KOREA, REPUBLIC OF",Same-day visitors (excursionists),Thousands,2011,
KUWAIT,Total trips,Thousands,2011,
KUWAIT,Overnights visitors (tourists),Thousands,2011,
KUWAIT,Same-day visitors (excursionists),Thousands,2011,
KYRGYZSTAN,Total trips,Thousands,2011,
KYRGYZSTAN,Overnights visitors (tourists),Thousands,2011,
KYRGYZSTAN,Same-day visitors (excursionists),Thousands,2011,
LAO PEOPLE´S DEMOCRATIC REPUBLIC,Total trips,Thousands,2011,
LAO PEOPLE´S DEMOCRATIC REPUBLIC,Overnights visitors (tourists),Thousands,2011,
LAO PEOPLE´S DEMOCRATIC REPUBLIC,Same-day visitors (excursionists),Thousands,2011,
LATVIA,Total trips,Thousands,2011,
LATVIA,Overnights visitors (tourists),Thousands,2011,
LATVIA,Same-day visitors (excursionists),Thousands,2011,
LEBANON,Total trips,Thousands,2011,
LEBANON,Overnights visitors (tourists),Thousands,2011,
LEBANON,Same-day visitors (excursionists),Thousands,2011,
LESOTHO,Total trips,Thousands,2011,
LESOTHO,Overnights visitors (tourists),Thousands,2011,
LESOTHO,Same-day visitors (excursionists),Thousands,2011,
LIBERIA,Total trips,Thousands,2011,
LIBERIA,Overnights visitors (tourists),Thousands,2011,
LIBERIA,Same-day visitors (excursionists),Thousands,2011,
LIBYA,Total trips,Thousands,2011,
LIBYA,Overnights visitors (tourists),Thousands,2011,
LIBYA,Same-day visitors (excursionists),Thousands,2011,
LIECHTENSTEIN,Total trips,Thousands,2011,
LIECHTENSTEIN,Overnights visitors (tourists),Thousands,2011,
LIECHTENSTEIN,Same-day visitors (excursionists),Thousands,2011,
LITHUANIA,Total trips,Thousands,2011,
LITHUANIA,Overnights visitors (tourists),Thousands,2011,
LITHUANIA,Same-day visitors (excursionists),Thousands,2011,
LUXEMBOURG,Total trips,Thousands,2011,
LUXEMBOURG,Overnights visitors (tourists),Thousands,2011,61.0
LUXEMBOURG,Same-day visitors (excursionists),Thousands,2011,
"MACAO, CHINA",Total trips,Thousands,2011,
"MACAO, CHINA",Overnights visitors (tourists),Thousands,2011,
"MACAO, CHINA",Same-day visitors (excursionists),Thousands,2011,
MADAGASCAR,Total trips,Thousands,2011,
MADAGASCAR,Overnights visitors (tourists),Thousands,2011,
MADAGASCAR,Same-day visitors (excursionists),Thousands,2011,
MALAWI,Total trips,Thousands,2011,
MALAWI,Overnights visitors (tourists),Thousands,2011,
MALAWI,Same-day visitors (excursionists),Thousands,2011,
MALAYSIA,Total trips,Thousands,2011,
MALAYSIA,Overnights visitors (tourists),Thousands,2011,
MALAYSIA,Same-day visitors (excursionists),Thousands,2011,
MALDIVES,Total trips,Thousands,2011,
MALDIVES,Overnights visitors (tourists),Thousands,2011,
MALDIVES,Same-day visitors (excursionists),Thousands,2011,
MALI,Total trips,Thousands,2011,
MALI,Overnights visitors (tourists),Thousands,2011,38.0
MALI,Same-day visitors (excursionists),Thousands,2011,
MALTA,Total trips,Thousands,2011,
MALTA,Overnights visitors (tourists),Thousands,2011,
MALTA,Same-day visitors (excursionists),Thousands,2011,
MARSHALL ISLANDS,Total trips,Thousands,2011,
MARSHALL ISLANDS,Overnights visitors (tourists),Thousands,2011,
MARSHALL ISLANDS,Same-day visitors (excursionists),Thousands,2011,
MARTINIQUE,Total trips,Thousands,2011,
MARTINIQUE,Overnights visitors (tourists),Thousands,2011,
MARTINIQUE,Same-day visitors (excursionists),Thousands,2011,
MAURITANIA,Total trips,Thousands,2011,
MAURITANIA,Overnights visitors (tourists),Thousands,2011,
MAURITANIA,Same-day visitors (excursionists),Thousands,2011,
MAURITIUS,Total trips,Thousands,2011,
MAURITIUS,Overnights visitors (tourists),Thousands,2011,
MAURITIUS,Same-day visitors (excursionists),Thousands,2011,
MEXICO,Total trips,Thousands,2011,
MEXICO,Overnights visitors (tourists),Thousands,2011,
MEXICO,Same-day visitors (excursionists),Thousands,2011,
"MICRONESIA, FEDERATED STATES OF",Total trips,Thousands,2011,
"MICRONESIA, FEDERATED STATES OF",Overnights visitors (tourists),Thousands,2011,
"MICRONESIA, FEDERATED STATES OF",Same-day visitors (excursionists),Thousands,2011,
"MOLDOVA, REPUBLIC OF",Total trips,Thousands,2011,38.0
"MOLDOVA, REPUBLIC OF",Overnights visitors (tourists),Thousands,2011,28.0
"MOLDOVA, REPUBLIC OF",Same-day visitors (excursionists),Thousands,2011,10.0
MONACO,Total trips,Thousands,2011,
MONACO,Overnights visitors (tourists),Thousands,2011,
MONACO,Same-day visitors (excursionists),Thousands,2011,
MONGOLIA,Total trips,Thousands,2011,
MONGOLIA,Overnights visitors (tourists),Thousands,2011,
MONGOLIA,Same-day visitors (excursionists),Thousands,2011,
MONTENEGRO,Total trips,Thousands,2011,
MONTENEGRO,Overnights visitors (tourists),Thousands,2011,
MONTENEGRO,Same-day visitors (excursionists),Thousands,2011,
MONTSERRAT,Total trips,Thousands,2011,
MONTSERRAT,Overnights visitors (tourists),Thousands,2011,
MONTSERRAT,Same-day visitors (excursionists),Thousands,2011,
MOROCCO,Total trips,Thousands,2011,
MOROCCO,Overnights visitors (tourists),Thousands,2011,
MOROCCO,Same-day visitors (excursionists),Thousands,2011,
MOZAMBIQUE,Total trips,Thousands,2011,
MOZAMBIQUE,Overnights visitors (tourists),Thousands,2011,
MOZAMBIQUE,Same-day visitors (excursionists),Thousands,2011,
MYANMAR,Total trips,Thousands,2011,
MYANMAR,Overnights visitors (tourists),Thousands,2011,
MYANMAR,Same-day visitors (excursionists),Thousands,2011,
NAMIBIA,Total trips,Thousands,2011,
NAMIBIA,Overnights visitors (tourists),Thousands,2011,
NAMIBIA,Same-day visitors (excursionists),Thousands,2011,
NAURU,Total trips,Thousands,2011,
NAURU,Overnights visitors (tourists),Thousands,2011,
NAURU,Same-day visitors (excursionists),Thousands,2011,
NEPAL,Total trips,Thousands,2011,
NEPAL,Overnights visitors (tourists),Thousands,2011,
NEPAL,Same-day visitors (excursionists),Thousands,2011,
NETHERLANDS,Total trips,Thousands,2011,
NETHERLANDS,Overnights visitors (tourists),Thousands,2011,
NETHERLANDS,Same-day visitors (excursionists),Thousands,2011,
NEW CALEDONIA,Total trips,Thousands,2011,
NEW CALEDONIA,Overnights visitors (tourists),Thousands,2011,
NEW CALEDONIA,Same-day visitors (excursionists),Thousands,2011,
NEW ZEALAND,Total trips,Thousands,2011,
NEW ZEALAND,Overnights visitors (tourists),Thousands,2011,
NEW ZEALAND,Same-day visitors (excursionists),Thousands,2011,
NICARAGUA,Total trips,Thousands,2011,
NICARAGUA,Overnights visitors (tourists),Thousands,2011,
NICARAGUA,Same-day visitors (excursionists),Thousands,2011,
NIGER,Total trips,Thousands,2011,
NIGER,Overnights visitors (tourists),Thousands,2011,
NIGER,Same-day visitors (excursionists),Thousands,2011,
NIGERIA,Total trips,Thousands,2011,
NIGERIA,Overnights visitors (tourists),Thousands,2011,
NIGERIA,Same-day visitors (excursionists),Thousands,2011,
NIUE,Total trips,Thousands,2011,
NIUE,Overnights visitors (tourists),Thousands,2011,
NIUE,Same-day visitors (excursionists),Thousands,2011,
NORTH MACEDONIA,Total trips,Thousands,2011,
NORTH MACEDONIA,Overnights visitors (tourists),Thousands,2011,
NORTH MACEDONIA,Same-day visitors (excursionists),Thousands,2011,
NORTHERN MARIANA ISLANDS,Total trips,Thousands,2011,
NORTHERN MARIANA ISLANDS,Overnights visitors (tourists),Thousands,2011,
NORTHERN MARIANA ISLANDS,Same-day visitors (excursionists),Thousands,2011,
NORWAY,Total trips,Thousands,2011,
NORWAY,Overnights visitors (tourists),Thousands,2011,
NORWAY,Same-day visitors (excursionists),Thousands,2011,
OMAN,Total trips,Thousands,2011,
OMAN,Overnights visitors (tourists),Thousands,2011,
OMAN,Same-day visitors (excursionists),Thousands,2011,
PAKISTAN,Total trips,Thousands,2011,
PAKISTAN,Overnights visitors (tourists),Thousands,2011,
PAKISTAN,Same-day visitors (excursionists),Thousands,2011,
PALAU,Total trips,Thousands,2011,
PALAU,Overnights visitors (tourists),Thousands,2011,
PALAU,Same-day visitors (excursionists),Thousands,2011,
PANAMA,Total trips,Thousands,2011,
PANAMA,Overnights visitors (tourists),Thousands,2011,
PANAMA,Same-day visitors (excursionists),Thousands,2011,
PAPUA NEW GUINEA,Total trips,Thousands,2011,
PAPUA NEW GUINEA,Overnights visitors (tourists),Thousands,2011,
PAPUA NEW GUINEA,Same-day visitors (excursionists),Thousands,2011,
PARAGUAY,Total trips,Thousands,2011,
PARAGUAY,Overnights visitors (tourists),Thousands,2011,
PARAGUAY,Same-day visitors (excursionists),Thousands,2011,
PERU,Total trips,Thousands,2011,
PERU,Overnights visitors (tourists),Thousands,2011,
PERU,Same-day visitors (excursionists),Thousands,2011,
PHILIPPINES,Total trips,Thousands,2011,
PHILIPPINES,Overnights visitors (tourists),Thousands,2011,
PHILIPPINES,Same-day visitors (excursionists),Thousands,2011,
POLAND,Total trips,Thousands,2011,
POLAND,Overnights visitors (tourists),Thousands,2011,
POLAND,Same-day visitors (excursionists),Thousands,2011,
PORTUGAL,Total trips,Thousands,2011,
PORTUGAL,Overnights visitors (tourists),Thousands,2011,
PORTUGAL,Same-day visitors (excursionists),Thousands,2011,
PUERTO RICO,Total trips,Thousands,2011,
PUERTO RICO,Overnights visitors (tourists),Thousands,2011,
PUERTO RICO,Same-day visitors (excursionists),Thousands,2011,
QATAR,Total trips,Thousands,2011,
QATAR,Overnights visitors (tourists),Thousands,2011,
QATAR,Same-day visitors (excursionists),Thousands,2011,
REUNION,Total trips,Thousands,2011,
REUNION,Overnights visitors (tourists),Thousands,2011,
REUNION,Same-day visitors (excursionists),Thousands,2011,
ROMANIA,Total trips,Thousands,2011,
ROMANIA,Overnights visitors (tourists),Thousands,2011,
ROMANIA,Same-day visitors (excursionists),Thousands,2011,
RUSSIAN FEDERATION,Total trips,Thousands,2011,
RUSSIAN FEDERATION,Overnights visitors (tourists),Thousands,2011,
RUSSIAN FEDERATION,Same-day visitors (excursionists),Thousands,2011,
RWANDA,Total trips,Thousands,2011,
RWANDA,Overnights visitors (tourists),Thousands,2011,
RWANDA,Same-day visitors (excursionists),Thousands,2011,
SABA,Total trips,Thousands,2011,
SABA,Overnights visitors (tourists),Thousands,2011,
SABA,Same-day visitors (excursionists),Thousands,2011,
SAINT KITTS AND NEVIS,Total trips,Thousands,2011,
SAINT KITTS AND NEVIS,Overnights visitors (tourists),Thousands,2011,
SAINT KITTS AND NEVIS,Same-day visitors (excursionists),Thousands,2011,
SAINT LUCIA,Total trips,Thousands,2011,
SAINT LUCIA,Overnights visitors (tourists),Thousands,2011,
SAINT LUCIA,Same-day visitors (excursionists),Thousands,2011,
SAINT VINCENT AND THE GRENADINES,Total trips,Thousands,2011,
SAINT VINCENT AND THE GRENADINES,Overnights visitors (tourists),Thousands,2011,
SAINT VINCENT AND THE GRENADINES,Same-day visitors (excursionists),Thousands,2011,
SAMOA,Total trips,Thousands,2011,
SAMOA,Overnights visitors (tourists),Thousands,2011,
SAMOA,Same-day visitors (excursionists),Thousands,2011,
SAN MARINO,Total trips,Thousands,2011,
SAN MARINO,Overnights visitors (tourists),Thousands,2011,
SAN MARINO,Same-day visitors (excursionists),Thousands,2011,
SAO TOME AND PRINCIPE,Total trips,Thousands,2011,
SAO TOME AND PRINCIPE,Overnights visitors (tourists),Thousands,2011,
SAO TOME AND PRINCIPE,Same-day visitors (excursionists),Thousands,2011,
SAUDI ARABIA,Total trips,Thousands,2011,
SAUDI ARABIA,Overnights visitors (tourists),Thousands,2011,
SAUDI ARABIA,Same-day visitors (excursionists),Thousands,2011,
SENEGAL,Total trips,Thousands,2011,
SENEGAL,Overnights visitors (tourists),Thousands,2011,
SENEGAL,Same-day visitors (excursionists),Thousands,2011,
SERBIA,Total trips,Thousands,2011,
SERBIA,Overnights visitors (tourists),Thousands,2011,
SERBIA,Same-day visitors (excursionists),Thousands,2011,
SERBIA AND MONTENEGRO,Total trips,Thousands,2011,
SERBIA AND MONTENEGRO,Overnights visitors (tourists),Thousands,2011,
SERBIA AND MONTENEGRO,Same-day visitors (excursionists),Thousands,2011,
SEYCHELLES,Total trips,Thousands,2011,
SEYCHELLES,Overnights visitors (tourists),Thousands,2011,
SEYCHELLES,Same-day visitors (excursionists),Thousands,2011,
SIERRA LEONE,Total trips,Thousands,2011,
SIERRA LEONE,Overnights visitors (tourists),Thousands,2011,
SIERRA LEONE,Same-day visitors (excursionists),Thousands,2011,
SINGAPORE,Total trips,Thousands,2011,
SINGAPORE,Overnights visitors (tourists),Thousands,2011,
SINGAPORE,Same-day visitors (excursionists),Thousands,2011,
SINT EUSTATIUS,Total trips,Thousands,2011,
SINT EUSTATIUS,Overnights visitors (tourists),Thousands,2011,
SINT EUSTATIUS,Same-day visitors (excursionists),Thousands,2011,
SINT MAARTEN (DUTCH PART),Total trips,Thousands,2011,
SINT MAARTEN (DUTCH PART),Overnights visitors (tourists),Thousands,2011,
SINT MAARTEN (DUTCH PART),Same-day visitors (excursionists),Thousands,2011,
SLOVAKIA,Total trips,Thousands,2011,
SLOVAKIA,Overnights visitors (tourists),Thousands,2011,
SLOVAKIA,Same-day visitors (excursionists),Thousands,2011,
SLOVENIA,Total trips,Thousands,2011,
SLOVENIA,Overnights visitors (tourists),Thousands,2011,
SLOVENIA,Same-day visitors (excursionists),Thousands,2011,
SOLOMON ISLANDS,Total trips,Thousands,2011,
SOLOMON ISLANDS,Overnights visitors (tourists),Thousands,2011,
SOLOMON ISLANDS,Same-day visitors (excursionists),Thousands,2011,
SOMALIA,Total trips,Thousands,2011,
SOMALIA,Overnights visitors (tourists),Thousands,2011,
SOMALIA,Same-day visitors (excursionists),Thousands,2011,
SOUTH AFRICA,Total trips,Thousands,2011,
SOUTH AFRICA,Overnights visitors (tourists),Thousands,2011,
SOUTH AFRICA,Same-day visitors (excursionists),Thousands,2011,
SOUTH SUDAN,Total trips,Thousands,2011,
SOUTH SUDAN,Overnights visitors (tourists),Thousands,2011,
SOUTH SUDAN,Same-day visitors (excursionists),Thousands,2011,
SPAIN,Total trips,Thousands,2011,
SPAIN,Overnights visitors (tourists),Thousands,2011,
SPAIN,Same-day visitors (excursionists),Thousands,2011,
SRI LANKA,Total trips,Thousands,2011,
SRI LANKA,Overnights visitors (tourists),Thousands,2011,
SRI LANKA,Same-day visitors (excursionists),Thousands,2011,
STATE OF PALESTINE,Total trips,Thousands,2011,
STATE OF PALESTINE,Overnights visitors (tourists),Thousands,2011,
STATE OF PALESTINE,Same-day visitors (excursionists),Thousands,2011,
SUDAN,Total trips,Thousands,2011,
SUDAN,Overnights visitors (tourists),Thousands,2011,
SUDAN,Same-day visitors (excursionists),Thousands,2011,
SURINAME,Total trips,Thousands,2011,
SURINAME,Overnights visitors (tourists),Thousands,2011,
SURINAME,Same-day visitors (excursionists),Thousands,2011,
SWEDEN,Total trips,Thousands,2011,
SWEDEN,Overnights visitors (tourists),Thousands,2011,
SWEDEN,Same-day visitors (excursionists),Thousands,2011,
SWITZERLAND,Total trips,Thousands,2011,
SWITZERLAND,Overnights visitors (tourists),Thousands,2011,
SWITZERLAND,Same-day visitors (excursionists),Thousands,2011,
SYRIAN ARAB REPUBLIC,Total trips,Thousands,2011,
SYRIAN ARAB REPUBLIC,Overnights visitors (tourists),Thousands,2011,
SYRIAN ARAB REPUBLIC,Same-day visitors (excursionists),Thousands,2011,
TAIWAN PROVINCE OF CHINA,Total trips,Thousands,2011,
TAIWAN PROVINCE OF CHINA,Overnights visitors (tourists),Thousands,2011,
TAIWAN PROVINCE OF CHINA,Same-day visitors (excursionists),Thousands,2011,
TAJIKISTAN,Total trips,Thousands,2011,
TAJIKISTAN,Overnights visitors (tourists),Thousands,2011,
TAJIKISTAN,Same-day visitors (excursionists),Thousands,2011,
"TANZANIA, UNITED REPUBLIC OF",Total trips,Thousands,2011,
"TANZANIA, UNITED REPUBLIC OF",Overnights visitors (tourists),Thousands,2011,
"TANZANIA, UNITED REPUBLIC OF",Same-day visitors (excursionists),Thousands,2011,
THAILAND,Total trips,Thousands,2011,
THAILAND,Overnights visitors (tourists),Thousands,2011,
THAILAND,Same-day visitors (excursionists),Thousands,2011,
TIMOR-LESTE,Total trips,Thousands,2011,
TIMOR-LESTE,Overnights visitors (tourists),Thousands,2011,
TIMOR-LESTE,Same-day visitors (excursionists),Thousands,2011,
TOGO,Total trips,Thousands,2011,
TOGO,Overnights visitors (tourists),Thousands,2011,
TOGO,Same-day visitors (excursionists),Thousands,2011,
TONGA,Total trips,Thousands,2011,
TONGA,Overnights visitors (tourists),Thousands,2011,
TONGA,Same-day visitors (excursionists),Thousands,2011,
TRINIDAD AND TOBAGO,Total trips,Thousands,2011,
TRINIDAD AND TOBAGO,Overnights visitors (tourists),Thousands,2011,546.0
TRINIDAD AND TOBAGO,Same-day visitors (excursionists),Thousands,2011,
TUNISIA,Total trips,Thousands,2011,
TUNISIA,Overnights visitors (tourists),Thousands,2011,
TUNISIA,Same-day visitors (excursionists),Thousands,2011,
TÜRKIYE,Total trips,Thousands,2011,
TÜRKIYE,Overnights visitors (tourists),Thousands,2011,
TÜRKIYE,Same-day visitors (excursionists),Thousands,2011,
TURKMENISTAN,Total trips,Thousands,2011,
TURKMENISTAN,Overnights visitors (tourists),Thousands,2011,
TURKMENISTAN,Same-day visitors (excursionists),Thousands,2011,
TURKS AND CAICOS ISLANDS,Total trips,Thousands,2011,
TURKS AND CAICOS ISLANDS,Overnights visitors (tourists),Thousands,2011,
TURKS AND CAICOS ISLANDS,Same-day visitors (excursionists),Thousands,2011,
TUVALU,Total trips,Thousands,2011,
TUVALU,Overnights visitors (tourists),Thousands,2011,
TUVALU,Same-day visitors (excursionists),Thousands,2011,
UGANDA,Total trips,Thousands,2011,
UGANDA,Overnights visitors (tourists),Thousands,2011,
UGANDA,Same-day visitors (excursionists),Thousands,2011,
UKRAINE,Total trips,Thousands,2011,
UKRAINE,Overnights visitors (tourists),Thousands,2011,
UKRAINE,Same-day visitors (excursionists),Thousands,2011,
UNITED ARAB EMIRATES,Total trips,Thousands,2011,
UNITED ARAB EMIRATES,Overnights visitors (tourists),Thousands,2011,
UNITED ARAB EMIRATES,Same-day visitors (excursionists),Thousands,2011,
UNITED KINGDOM,Total trips,Thousands,2011,
UNITED KINGDOM,Overnights visitors (tourists),Thousands,2011,
UNITED KINGDOM,Same-day visitors (excursionists),Thousands,2011,
UNITED STATES OF AMERICA,Total trips,Thousands,2011,
UNITED STATES OF AMERICA,Overnights visitors (tourists),Thousands,2011,
UNITED STATES OF AMERICA,Same-day visitors (excursionists),Thousands,2011,
UNITED STATES VIRGIN ISLANDS,Total trips,Thousands,2011,
UNITED STATES VIRGIN ISLANDS,Overnights visitors (tourists),Thousands,2011,
UNITED STATES VIRGIN ISLANDS,Same-day visitors (excursionists),Thousands,2011,
URUGUAY,Total trips,Thousands,2011,
URUGUAY,Overnights visitors (tourists),Thousands,2011,
URUGUAY,Same-day visitors (excursionists),Thousands,2011,
UZBEKISTAN,Total trips,Thousands,2011,
UZBEKISTAN,Overnights visitors (tourists),Thousands,2011,
UZBEKISTAN,Same-day visitors (excursionists),Thousands,2011,
VANUATU,Total trips,Thousands,2011,
VANUATU,Overnights visitors (tourists),Thousands,2011,
VANUATU,Same-day visitors (excursionists),Thousands,2011,
"VENEZUELA, BOLIVARIAN REPUBLIC OF",Total trips,Thousands,2011,
"VENEZUELA, BOLIVARIAN REPUBLIC OF",Overnights visitors (tourists),Thousands,2011,
"VENEZUELA, BOLIVARIAN REPUBLIC OF",Same-day visitors (excursionists),Thousands,2011,
VIET NAM,Total trips,Thousands,2011,
VIET NAM,Overnights visitors (tourists),Thousands,2011,
VIET NAM,Same-day visitors (excursionists),Thousands,2011,
YEMEN,Total trips,Thousands,2011,
YEMEN,Overnights visitors (tourists),Thousands,2011,
YEMEN,Same-day visitors (excursionists),Thousands,2011,
ZAMBIA,Total trips,Thousands,2011,
ZAMBIA,Overnights visitors (tourists),Thousands,2011,
ZAMBIA,Same-day visitors (excursionists),Thousands,2011,
ZIMBABWE,Total trips,Thousands,2011,
ZIMBABWE,Overnights visitors (tourists),Thousands,2011,
ZIMBABWE,Same-day visitors (excursionists),Thousands,2011,
AFGHANISTAN,Total trips,Thousands,2012,
AFGHANISTAN,Overnights visitors (tourists),Thousands,2012,
AFGHANISTAN,Same-day visitors (excursionists),Thousands,2012,
ALBANIA,Total trips,Thousands,2012,
ALBANIA,Overnights visitors (tourists),Thousands,2012,
ALBANIA,Same-day visitors (excursionists),Thousands,2012,
ALGERIA,Total trips,Thousands,2012,
ALGERIA,Overnights visitors (tourists),Thousands,2012,
ALGERIA,Same-day visitors (excursionists),Thousands,2012,
AMERICAN SAMOA,Total trips,Thousands,2012,
AMERICAN SAMOA,Overnights visitors (tourists),Thousands,2012,
AMERICAN SAMOA,Same-day visitors (excursionists),Thousands,2012,
ANDORRA,Total trips,Thousands,2012,
ANDORRA,Overnights visitors (tourists),Thousands,2012,
ANDORRA,Same-day visitors (excursionists),Thousands,2012,
ANGOLA,Total trips,Thousands,2012,
ANGOLA,Overnights visitors (tourists),Thousands,2012,
ANGOLA,Same-day visitors (excursionists),Thousands,2012,
ANGUILLA,Total trips,Thousands,2012,
ANGUILLA,Overnights visitors (tourists),Thousands,2012,
ANGUILLA,Same-day visitors (excursionists),Thousands,2012,
ANTIGUA AND BARBUDA,Total trips,Thousands,2012,
ANTIGUA AND BARBUDA,Overnights visitors (tourists),Thousands,2012,
ANTIGUA AND BARBUDA,Same-day visitors (excursionists),Thousands,2012,
ARGENTINA,Total trips,Thousands,2012,
ARGENTINA,Overnights visitors (tourists),Thousands,2012,
ARGENTINA,Same-day visitors (excursionists),Thousands,2012,
ARMENIA,Total trips,Thousands,2012,
ARMENIA,Overnights visitors (tourists),Thousands,2012,515.0
ARMENIA,Same-day visitors (excursionists),Thousands,2012,
ARUBA,Total trips,Thousands,2012,
ARUBA,Overnights visitors (tourists),Thousands,2012,
ARUBA,Same-day visitors (excursionists),Thousands,2012,
AUSTRALIA,Total trips,Thousands,2012,
AUSTRALIA,Overnights visitors (tourists),Thousands,2012,
AUSTRALIA,Same-day visitors (excursionists),Thousands,2012,
AUSTRIA,Total trips,Thousands,2012,
AUSTRIA,Overnights visitors (tourists),Thousands,2012,
AUSTRIA,Same-day visitors (excursionists),Thousands,2012,
AZERBAIJAN,Total trips,Thousands,2012,
AZERBAIJAN,Overnights visitors (tourists),Thousands,2012,
AZERBAIJAN,Same-day visitors (excursionists),Thousands,2012,
BAHAMAS,Total trips,Thousands,2012,
BAHAMAS,Overnights visitors (tourists),Thousands,2012,
BAHAMAS,Same-day visitors (excursionists),Thousands,2012,
BAHRAIN,Total trips,Thousands,2012,
BAHRAIN,Overnights visitors (tourists),Thousands,2012,
BAHRAIN,Same-day visitors (excursionists),Thousands,2012,
BANGLADESH,Total trips,Thousands,2012,
BANGLADESH,Overnights visitors (tourists),Thousands,2012,
BANGLADESH,Same-day visitors (excursionists),Thousands,2012,
BARBADOS,Total trips,Thousands,2012,
BARBADOS,Overnights visitors (tourists),Thousands,2012,
BARBADOS,Same-day visitors (excursionists),Thousands,2012,
BELARUS,Total trips,Thousands,2012,
BELARUS,Overnights visitors (tourists),Thousands,2012,
BELARUS,Same-day visitors (excursionists),Thousands,2012,602.0
BELGIUM,Total trips,Thousands,2012,
BELGIUM,Overnights visitors (tourists),Thousands,2012,
BELGIUM,Same-day visitors (excursionists),Thousands,2012,
BELIZE,Total trips,Thousands,2012,
BELIZE,Overnights visitors (tourists),Thousands,2012,
BELIZE,Same-day visitors (excursionists),Thousands,2012,
BENIN,Total trips,Thousands,2012,
BENIN,Overnights visitors (tourists),Thousands,2012,
BENIN,Same-day visitors (excursionists),Thousands,2012,
BERMUDA,Total trips,Thousands,2012,
BERMUDA,Overnights visitors (tourists),Thousands,2012,
BERMUDA,Same-day visitors (excursionists),Thousands,2012,
BHUTAN,Total trips,Thousands,2012,
BHUTAN,Overnights visitors (tourists),Thousands,2012,
BHUTAN,Same-day visitors (excursionists),Thousands,2012,
"BOLIVIA, PLURINATIONAL STATE OF",Total trips,Thousands,2012,
"BOLIVIA, PLURINATIONAL STATE OF",Overnights visitors (tourists),Thousands,2012,
"BOLIVIA, PLURINATIONAL STATE OF",Same-day visitors (excursionists),Thousands,2012,
BONAIRE,Total trips,Thousands,2012,
BONAIRE,Overnights visitors (tourists),Thousands,2012,
BONAIRE,Same-day visitors (excursionists),Thousands,2012,
BOSNIA AND HERZEGOVINA,Total trips,Thousands,2012,
BOSNIA AND HERZEGOVINA,Overnights visitors (tourists),Thousands,2012,
BOSNIA AND HERZEGOVINA,Same-day visitors (excursionists),Thousands,2012,
BOTSWANA,Total trips,Thousands,2012,
BOTSWANA,Overnights visitors (tourists),Thousands,2012,
BOTSWANA,Same-day visitors (excursionists),Thousands,2012,
BRAZIL,Total trips,Thousands,2012,
BRAZIL,Overnights visitors (tourists),Thousands,2012,
BRAZIL,Same-day visitors (excursionists),Thousands,2012,
BRITISH VIRGIN ISLANDS,Total trips,Thousands,2012,
BRITISH VIRGIN ISLANDS,Overnights visitors (tourists),Thousands,2012,
BRITISH VIRGIN ISLANDS,Same-day visitors (excursionists),Thousands,2012,
BRUNEI DARUSSALAM,Total trips,Thousands,2012,
BRUNEI DARUSSALAM,Overnights visitors (tourists),Thousands,2012,
BRUNEI DARUSSALAM,Same-day visitors (excursionists),Thousands,2012,
BULGARIA,Total trips,Thousands,2012,
BULGARIA,Overnights visitors (tourists),Thousands,2012,
BULGARIA,Same-day visitors (excursionists),Thousands,2012,
BURKINA FASO,Total trips,Thousands,2012,
BURKINA FASO,Overnights visitors (tourists),Thousands,2012,
BURKINA FASO,Same-day visitors (excursionists),Thousands,2012,
BURUNDI,Total trips,Thousands,2012,
BURUNDI,Overnights visitors (tourists),Thousands,2012,
BURUNDI,Same-day visitors (excursionists),Thousands,2012,
CABO VERDE,Total trips,Thousands,2012,
CABO VERDE,Overnights visitors (tourists),Thousands,2012,
CABO VERDE,Same-day visitors (excursionists),Thousands,2012,
CAMBODIA,Total trips,Thousands,2012,
CAMBODIA,Overnights visitors (tourists),Thousands,2012,
CAMBODIA,Same-day visitors (excursionists),Thousands,2012,
CAMEROON,Total trips,Thousands,2012,
CAMEROON,Overnights visitors (tourists),Thousands,2012,
CAMEROON,Same-day visitors (excursionists),Thousands,2012,
CANADA,Total trips,Thousands,2012,
CANADA,Overnights visitors (tourists),Thousands,2012,
CANADA,Same-day visitors (excursionists),Thousands,2012,
CAYMAN ISLANDS,Total trips,Thousands,2012,
CAYMAN ISLANDS,Overnights visitors (tourists),Thousands,2012,
CAYMAN ISLANDS,Same-day visitors (excursionists),Thousands,2012,
CENTRAL AFRICAN REPUBLIC,Total trips,Thousands,2012,
CENTRAL AFRICAN REPUBLIC,Overnights visitors (tourists),Thousands,2012,
CENTRAL AFRICAN REPUBLIC,Same-day visitors (excursionists),Thousands,2012,
CHAD,Total trips,Thousands,2012,
CHAD,Overnights visitors (tourists),Thousands,2012,
CHAD,Same-day visitors (excursionists),Thousands,2012,
CHILE,Total trips,Thousands,2012,
CHILE,Overnights visitors (tourists),Thousands,2012,
CHILE,Same-day visitors (excursionists),Thousands,2012,
CHINA,Total trips,Thousands,2012,
CHINA,Overnights visitors (tourists),Thousands,2012,
CHINA,Same-day visitors (excursionists),Thousands,2012,
COLOMBIA,Total trips,Thousands,2012,
COLOMBIA,Overnights visitors (tourists),Thousands,2012,
COLOMBIA,Same-day visitors (excursionists),Thousands,2012,
COMOROS,Total trips,Thousands,2012,
COMOROS,Overnights visitors (tourists),Thousands,2012,
COMOROS,Same-day visitors (excursionists),Thousands,2012,
CONGO,Total trips,Thousands,2012,
CONGO,Overnights visitors (tourists),Thousands,2012,
CONGO,Same-day visitors (excursionists),Thousands,2012,
"CONGO, DEMOCRATIC REPUBLIC OF THE",Total trips,Thousands,2012,
"CONGO, DEMOCRATIC REPUBLIC OF THE",Overnights visitors (tourists),Thousands,2012,
"CONGO, DEMOCRATIC REPUBLIC OF THE",Same-day visitors (excursionists),Thousands,2012,
COOK ISLANDS,Total trips,Thousands,2012,
COOK ISLANDS,Overnights visitors (tourists),Thousands,2012,
COOK ISLANDS,Same-day visitors (excursionists),Thousands,2012,
COSTA RICA,Total trips,Thousands,2012,
COSTA RICA,Overnights visitors (tourists),Thousands,2012,
COSTA RICA,Same-day visitors (excursionists),Thousands,2012,
COTE D´IVOIRE,Total trips,Thousands,2012,
COTE D´IVOIRE,Overnights visitors (tourists),Thousands,2012,
COTE D´IVOIRE,Same-day visitors (excursionists),Thousands,2012,
CROATIA,Total trips,Thousands,2012,
CROATIA,Overnights visitors (tourists),Thousands,2012,
CROATIA,Same-day visitors (excursionists),Thousands,2012,
CUBA,Total trips,Thousands,2012,
CUBA,Overnights visitors (tourists),Thousands,2012,
CUBA,Same-day visitors (excursionists),Thousands,2012,
CURAÇAO,Total trips,Thousands,2012,
CURAÇAO,Overnights visitors (tourists),Thousands,2012,
CURAÇAO,Same-day visitors (excursionists),Thousands,2012,
CYPRUS,Total trips,Thousands,2012,
CYPRUS,Overnights visitors (tourists),Thousands,2012,
CYPRUS,Same-day visitors (excursionists),Thousands,2012,
CZECH REPUBLIC (CZECHIA),Total trips,Thousands,2012,
CZECH REPUBLIC (CZECHIA),Overnights visitors (tourists),Thousands,2012,
CZECH REPUBLIC (CZECHIA),Same-day visitors (excursionists),Thousands,2012,
DENMARK,Total trips,Thousands,2012,
DENMARK,Overnights visitors (tourists),Thousands,2012,
DENMARK,Same-day visitors (excursionists),Thousands,2012,
DJIBOUTI,Total trips,Thousands,2012,
DJIBOUTI,Overnights visitors (tourists),Thousands,2012,
DJIBOUTI,Same-day visitors (excursionists),Thousands,2012,
DOMINICA,Total trips,Thousands,2012,
DOMINICA,Overnights visitors (tourists),Thousands,2012,
DOMINICA,Same-day visitors (excursionists),Thousands,2012,
DOMINICAN REPUBLIC,Total trips,Thousands,2012,
DOMINICAN REPUBLIC,Overnights visitors (tourists),Thousands,2012,
DOMINICAN REPUBLIC,Same-day visitors (excursionists),Thousands,2012,
ECUADOR,Total trips,Thousands,2012,
ECUADOR,Overnights visitors (tourists),Thousands,2012,
ECUADOR,Same-day visitors (excursionists),Thousands,2012,
EGYPT,Total trips,Thousands,2012,
EGYPT,Overnights visitors (tourists),Thousands,2012,
EGYPT,Same-day visitors (excursionists),Thousands,2012,
EL SALVADOR,Total trips,Thousands,2012,
EL SALVADOR,Overnights visitors (tourists),Thousands,2012,
EL SALVADOR,Same-day visitors (excursionists),Thousands,2012,
EQUATORIAL GUINEA,Total trips,Thousands,2012,
EQUATORIAL GUINEA,Overnights visitors (tourists),Thousands,2012,
EQUATORIAL GUINEA,Same-day visitors (excursionists),Thousands,2012,
ERITREA,Total trips,Thousands,2012,
ERITREA,Overnights visitors (tourists),Thousands,2012,
ERITREA,Same-day visitors (excursionists),Thousands,2012,
ESTONIA,Total trips,Thousands,2012,
ESTONIA,Overnights visitors (tourists),Thousands,2012,
ESTONIA,Same-day visitors (excursionists),Thousands,2012,
ESWATINI,Total trips,Thousands,2012,185.0
ESWATINI,Overnights visitors (tourists),Thousands,2012,102.0
ESWATINI,Same-day visitors (excursionists),Thousands,2012,83.0
ETHIOPIA,Total trips,Thousands,2012,
ETHIOPIA,Overnights visitors (tourists),Thousands,2012,
ETHIOPIA,Same-day visitors (excursionists),Thousands,2012,
FIJI,Total trips,Thousands,2012,
FIJI,Overnights visitors (tourists),Thousands,2012,
FIJI,Same-day visitors (excursionists),Thousands,2012,
FINLAND,Total trips,Thousands,2012,
FINLAND,Overnights visitors (tourists),Thousands,2012,
FINLAND,Same-day visitors (excursionists),Thousands,2012,
FRANCE,Total trips,Thousands,2012,
FRANCE,Overnights visitors (tourists),Thousands,2012,
FRANCE,Same-day visitors (excursionists),Thousands,2012,
FRENCH GUIANA,Total trips,Thousands,2012,
FRENCH GUIANA,Overnights visitors (tourists),Thousands,2012,
FRENCH GUIANA,Same-day visitors (excursionists),Thousands,2012,
FRENCH POLYNESIA,Total trips,Thousands,2012,
FRENCH POLYNESIA,Overnights visitors (tourists),Thousands,2012,
FRENCH POLYNESIA,Same-day visitors (excursionists),Thousands,2012,
GABON,Total trips,Thousands,2012,
GABON,Overnights visitors (tourists),Thousands,2012,
GABON,Same-day visitors (excursionists),Thousands,2012,
GAMBIA,Total trips,Thousands,2012,
GAMBIA,Overnights visitors (tourists),Thousands,2012,
GAMBIA,Same-day visitors (excursionists),Thousands,2012,
GEORGIA,Total trips,Thousands,2012,
GEORGIA,Overnights visitors (tourists),Thousands,2012,
GEORGIA,Same-day visitors (excursionists),Thousands,2012,
GERMANY,Total trips,Thousands,2012,
GERMANY,Overnights visitors (tourists),Thousands,2012,
GERMANY,Same-day visitors (excursionists),Thousands,2012,
GHANA,Total trips,Thousands,2012,
GHANA,Overnights visitors (tourists),Thousands,2012,
GHANA,Same-day visitors (excursionists),Thousands,2012,
GREECE,Total trips,Thousands,2012,
GREECE,Overnights visitors (tourists),Thousands,2012,
GREECE,Same-day visitors (excursionists),Thousands,2012,
GRENADA,Total trips,Thousands,2012,
GRENADA,Overnights visitors (tourists),Thousands,2012,
GRENADA,Same-day visitors (excursionists),Thousands,2012,
GUADELOUPE,Total trips,Thousands,2012,
GUADELOUPE,Overnights visitors (tourists),Thousands,2012,
GUADELOUPE,Same-day visitors (excursionists),Thousands,2012,
GUAM,Total trips,Thousands,2012,
GUAM,Overnights visitors (tourists),Thousands,2012,
GUAM,Same-day visitors (excursionists),Thousands,2012,
GUATEMALA,Total trips,Thousands,2012,
GUATEMALA,Overnights visitors (tourists),Thousands,2012,
GUATEMALA,Same-day visitors (excursionists),Thousands,2012,
GUINEA,Total trips,Thousands,2012,
GUINEA,Overnights visitors (tourists),Thousands,2012,
GUINEA,Same-day visitors (excursionists),Thousands,2012,
GUINEA-BISSAU,Total trips,Thousands,2012,
GUINEA-BISSAU,Overnights visitors (tourists),Thousands,2012,
GUINEA-BISSAU,Same-day visitors (excursionists),Thousands,2012,
GUYANA,Total trips,Thousands,2012,
GUYANA,Overnights visitors (tourists),Thousands,2012,
GUYANA,Same-day visitors (excursionists),Thousands,2012,
HAITI,Total trips,Thousands,2012,
HAITI,Overnights visitors (tourists),Thousands,2012,
HAITI,Same-day visitors (excursionists),Thousands,2012,
HONDURAS,Total trips,Thousands,2012,
HONDURAS,Overnights visitors (tourists),Thousands,2012,
HONDURAS,Same-day visitors (excursionists),Thousands,2012,
"HONG KONG, CHINA",Total trips,Thousands,2012,
"HONG KONG, CHINA",Overnights visitors (tourists),Thousands,2012,
"HONG KONG, CHINA",Same-day visitors (excursionists),Thousands,2012,
HUNGARY,Total trips,Thousands,2012,
HUNGARY,Overnights visitors (tourists),Thousands,2012,
HUNGARY,Same-day visitors (excursionists),Thousands,2012,
ICELAND,Total trips,Thousands,2012,
ICELAND,Overnights visitors (tourists),Thousands,2012,
ICELAND,Same-day visitors (excursionists),Thousands,2012,
INDIA,Total trips,Thousands,2012,
INDIA,Overnights visitors (tourists),Thousands,2012,
INDIA,Same-day visitors (excursionists),Thousands,2012,
INDONESIA,Total trips,Thousands,2012,
INDONESIA,Overnights visitors (tourists),Thousands,2012,
INDONESIA,Same-day visitors (excursionists),Thousands,2012,
"IRAN, ISLAMIC REPUBLIC OF",Total trips,Thousands,2012,
"IRAN, ISLAMIC REPUBLIC OF",Overnights visitors (tourists),Thousands,2012,
"IRAN, ISLAMIC REPUBLIC OF",Same-day visitors (excursionists),Thousands,2012,
IRAQ,Total trips,Thousands,2012,
IRAQ,Overnights visitors (tourists),Thousands,2012,
IRAQ,Same-day visitors (excursionists),Thousands,2012,
IRELAND,Total trips,Thousands,2012,
IRELAND,Overnights visitors (tourists),Thousands,2012,
IRELAND,Same-day visitors (excursionists),Thousands,2012,
ISRAEL,Total trips,Thousands,2012,
ISRAEL,Overnights visitors (tourists),Thousands,2012,
ISRAEL,Same-day visitors (excursionists),Thousands,2012,
ITALY,Total trips,Thousands,2012,
ITALY,Overnights visitors (tourists),Thousands,2012,
ITALY,Same-day visitors (excursionists),Thousands,2012,
JAMAICA,Total trips,Thousands,2012,
JAMAICA,Overnights visitors (tourists),Thousands,2012,
JAMAICA,Same-day visitors (excursionists),Thousands,2012,
JAPAN,Total trips,Thousands,2012,
JAPAN,Overnights visitors (tourists),Thousands,2012,
JAPAN,Same-day visitors (excursionists),Thousands,2012,
JORDAN,Total trips,Thousands,2012,
JORDAN,Overnights visitors (tourists),Thousands,2012,
JORDAN,Same-day visitors (excursionists),Thousands,2012,
KAZAKHSTAN,Total trips,Thousands,2012,
KAZAKHSTAN,Overnights visitors (tourists),Thousands,2012,
KAZAKHSTAN,Same-day visitors (excursionists),Thousands,2012,
KENYA,Total trips,Thousands,2012,
KENYA,Overnights visitors (tourists),Thousands,2012,
KENYA,Same-day visitors (excursionists),Thousands,2012,
KIRIBATI,Total trips,Thousands,2012,
KIRIBATI,Overnights visitors (tourists),Thousands,2012,
KIRIBATI,Same-day visitors (excursionists),Thousands,2012,
"KOREA, DEMOCRATIC PEOPLE´S REPUBLIC OF",Total trips,Thousands,2012,
"KOREA, DEMOCRATIC PEOPLE´S REPUBLIC OF",Overnights visitors (tourists),Thousands,2012,
"KOREA, DEMOCRATIC PEOPLE´S REPUBLIC OF",Same-day visitors (excursionists),Thousands,2012,
"KOREA, REPUBLIC OF",Total trips,Thousands,2012,
"KOREA, REPUBLIC OF",Overnights visitors (tourists),Thousands,2012,
"KOREA, REPUBLIC OF",Same-day visitors (excursionists),Thousands,2012,
KUWAIT,Total trips,Thousands,2012,
KUWAIT,Overnights visitors (tourists),Thousands,2012,
KUWAIT,Same-day visitors (excursionists),Thousands,2012,
KYRGYZSTAN,Total trips,Thousands,2012,
KYRGYZSTAN,Overnights visitors (tourists),Thousands,2012,
KYRGYZSTAN,Same-day visitors (excursionists),Thousands,2012,
LAO PEOPLE´S DEMOCRATIC REPUBLIC,Total trips,Thousands,2012,
LAO PEOPLE´S DEMOCRATIC REPUBLIC,Overnights visitors (tourists),Thousands,2012,
LAO PEOPLE´S DEMOCRATIC REPUBLIC,Same-day visitors (excursionists),Thousands,2012,
LATVIA,Total trips,Thousands,2012,
LATVIA,Overnights visitors (tourists),Thousands,2012,
LATVIA,Same-day visitors (excursionists),Thousands,2012,
LEBANON,Total trips,Thousands,2012,
LEBANON,Overnights visitors (tourists),Thousands,2012,
LEBANON,Same-day visitors (excursionists),Thousands,2012,
LESOTHO,Total trips,Thousands,2012,
LESOTHO,Overnights visitors (tourists),Thousands,2012,
LESOTHO,Same-day visitors (excursionists),Thousands,2012,
LIBERIA,Total trips,Thousands,2012,
LIBERIA,Overnights visitors (tourists),Thousands,2012,
LIBERIA,Same-day visitors (excursionists),Thousands,2012,
LIBYA,Total trips,Thousands,2012,
LIBYA,Overnights visitors (tourists),Thousands,2012,
LIBYA,Same-day visitors (excursionists),Thousands,2012,
LIECHTENSTEIN,Total trips,Thousands,2012,
LIECHTENSTEIN,Overnights visitors (tourists),Thousands,2012,
LIECHTENSTEIN,Same-day visitors (excursionists),Thousands,2012,
LITHUANIA,Total trips,Thousands,2012,
LITHUANIA,Overnights visitors (tourists),Thousands,2012,
LITHUANIA,Same-day visitors (excursionists),Thousands,2012,
LUXEMBOURG,Total trips,Thousands,2012,
LUXEMBOURG,Overnights visitors (tourists),Thousands,2012,71.0
LUXEMBOURG,Same-day visitors (excursionists),Thousands,2012,
"MACAO, CHINA",Total trips,Thousands,2012,
"MACAO, CHINA",Overnights visitors (tourists),Thousands,2012,
"MACAO, CHINA",Same-day visitors (excursionists),Thousands,2012,
MADAGASCAR,Total trips,Thousands,2012,
MADAGASCAR,Overnights visitors (tourists),Thousands,2012,
MADAGASCAR,Same-day visitors (excursionists),Thousands,2012,
MALAWI,Total trips,Thousands,2012,
MALAWI,Overnights visitors (tourists),Thousands,2012,
MALAWI,Same-day visitors (excursionists),Thousands,2012,
MALAYSIA,Total trips,Thousands,2012,
MALAYSIA,Overnights visitors (tourists),Thousands,2012,
MALAYSIA,Same-day visitors (excursionists),Thousands,2012,
MALDIVES,Total trips,Thousands,2012,
MALDIVES,Overnights visitors (tourists),Thousands,2012,
MALDIVES,Same-day visitors (excursionists),Thousands,2012,
MALI,Total trips,Thousands,2012,
MALI,Overnights visitors (tourists),Thousands,2012,30.0
MALI,Same-day visitors (excursionists),Thousands,2012,
MALTA,Total trips,Thousands,2012,
MALTA,Overnights visitors (tourists),Thousands,2012,205.0
MALTA,Same-day visitors (excursionists),Thousands,2012,
MARSHALL ISLANDS,Total trips,Thousands,2012,
MARSHALL ISLANDS,Overnights visitors (tourists),Thousands,2012,
MARSHALL ISLANDS,Same-day visitors (excursionists),Thousands,2012,
MARTINIQUE,Total trips,Thousands,2012,
MARTINIQUE,Overnights visitors (tourists),Thousands,2012,
MARTINIQUE,Same-day visitors (excursionists),Thousands,2012,
MAURITANIA,Total trips,Thousands,2012,
MAURITANIA,Overnights visitors (tourists),Thousands,2012,
MAURITANIA,Same-day visitors (excursionists),Thousands,2012,
MAURITIUS,Total trips,Thousands,2012,
MAURITIUS,Overnights visitors (tourists),Thousands,2012,
MAURITIUS,Same-day visitors (excursionists),Thousands,2012,
MEXICO,Total trips,Thousands,2012,
MEXICO,Overnights visitors (tourists),Thousands,2012,
MEXICO,Same-day visitors (excursionists),Thousands,2012,
"MICRONESIA, FEDERATED STATES OF",Total trips,Thousands,2012,
"MICRONESIA, FEDERATED STATES OF",Overnights visitors (tourists),Thousands,2012,
"MICRONESIA, FEDERATED STATES OF",Same-day visitors (excursionists),Thousands,2012,
"MOLDOVA, REPUBLIC OF",Total trips,Thousands,2012,34.0
"MOLDOVA, REPUBLIC OF",Overnights visitors (tourists),Thousands,2012,28.0
"MOLDOVA, REPUBLIC OF",Same-day visitors (excursionists),Thousands,2012,6.0
MONACO,Total trips,Thousands,2012,
MONACO,Overnights visitors (tourists),Thousands,2012,
MONACO,Same-day visitors (excursionists),Thousands,2012,
MONGOLIA,Total trips,Thousands,2012,
MONGOLIA,Overnights visitors (tourists),Thousands,2012,
MONGOLIA,Same-day visitors (excursionists),Thousands,2012,
MONTENEGRO,Total trips,Thousands,2012,
MONTENEGRO,Overnights visitors (tourists),Thousands,2012,
MONTENEGRO,Same-day visitors (excursionists),Thousands,2012,
MONTSERRAT,Total trips,Thousands,2012,
MONTSERRAT,Overnights visitors (tourists),Thousands,2012,
MONTSERRAT,Same-day visitors (excursionists),Thousands,2012,
MOROCCO,Total trips,Thousands,2012,
MOROCCO,Overnights visitors (tourists),Thousands,2012,
MOROCCO,Same-day visitors (excursionists),Thousands,2012,
MOZAMBIQUE,Total trips,Thousands,2012,
MOZAMBIQUE,Overnights visitors (tourists),Thousands,2012,
MOZAMBIQUE,Same-day visitors (excursionists),Thousands,2012,
MYANMAR,Total trips,Thousands,2012,
MYANMAR,Overnights visitors (tourists),Thousands,2012,
MYANMAR,Same-day visitors (excursionists),Thousands,2012,
NAMIBIA,Total trips,Thousands,2012,
NAMIBIA,Overnights visitors (tourists),Thousands,2012,
NAMIBIA,Same-day visitors (excursionists),Thousands,2012,
NAURU,Total trips,Thousands,2012,
NAURU,Overnights visitors (tourists),Thousands,2012,
NAURU,Same-day visitors (excursionists),Thousands,2012,
NEPAL,Total trips,Thousands,2012,
NEPAL,Overnights visitors (tourists),Thousands,2012,
NEPAL,Same-day visitors (excursionists),Thousands,2012,
NETHERLANDS,Total trips,Thousands,2012,
NETHERLANDS,Overnights visitors (tourists),Thousands,2012,
NETHERLANDS,Same-day visitors (excursionists),Thousands,2012,
NEW CALEDONIA,Total trips,Thousands,2012,
NEW CALEDONIA,Overnights visitors (tourists),Thousands,2012,
NEW CALEDONIA,Same-day visitors (excursionists),Thousands,2012,
NEW ZEALAND,Total trips,Thousands,2012,
NEW ZEALAND,Overnights visitors (tourists),Thousands,2012,
NEW ZEALAND,Same-day visitors (excursionists),Thousands,2012,
NICARAGUA,Total trips,Thousands,2012,
NICARAGUA,Overnights visitors (tourists),Thousands,2012,
NICARAGUA,Same-day visitors (excursionists),Thousands,2012,
NIGER,Total trips,Thousands,2012,
NIGER,Overnights visitors (tourists),Thousands,2012,
NIGER,Same-day visitors (excursionists),Thousands,2012,
NIGERIA,Total trips,Thousands,2012,
NIGERIA,Overnights visitors (tourists),Thousands,2012,
NIGERIA,Same-day visitors (excursionists),Thousands,2012,
NIUE,Total trips,Thousands,2012,
NIUE,Overnights visitors (tourists),Thousands,2012,
NIUE,Same-day visitors (excursionists),Thousands,2012,
NORTH MACEDONIA,Total trips,Thousands,2012,
NORTH MACEDONIA,Overnights visitors (tourists),Thousands,2012,
NORTH MACEDONIA,Same-day visitors (excursionists),Thousands,2012,
NORTHERN MARIANA ISLANDS,Total trips,Thousands,2012,
NORTHERN MARIANA ISLANDS,Overnights visitors (tourists),Thousands,2012,
NORTHERN MARIANA ISLANDS,Same-day visitors (excursionists),Thousands,2012,
NORWAY,Total trips,Thousands,2012,
NORWAY,Overnights visitors (tourists),Thousands,2012,
NORWAY,Same-day visitors (excursionists),Thousands,2012,
OMAN,Total trips,Thousands,2012,
OMAN,Overnights visitors (tourists),Thousands,2012,
OMAN,Same-day visitors (excursionists),Thousands,2012,
PAKISTAN,Total trips,Thousands,2012,
PAKISTAN,Overnights visitors (tourists),Thousands,2012,
PAKISTAN,Same-day visitors (excursionists),Thousands,2012,
PALAU,Total trips,Thousands,2012,
PALAU,Overnights visitors (tourists),Thousands,2012,
PALAU,Same-day visitors (excursionists),Thousands,2012,
PANAMA,Total trips,Thousands,2012,
PANAMA,Overnights visitors (tourists),Thousands,2012,
PANAMA,Same-day visitors (excursionists),Thousands,2012,
PAPUA NEW GUINEA,Total trips,Thousands,2012,
PAPUA NEW GUINEA,Overnights visitors (tourists),Thousands,2012,
PAPUA NEW GUINEA,Same-day visitors (excursionists),Thousands,2012,
PARAGUAY,Total trips,Thousands,2012,
PARAGUAY,Overnights visitors (tourists),Thousands,2012,
PARAGUAY,Same-day visitors (excursionists),Thousands,2012,
PERU,Total trips,Thousands,2012,
PERU,Overnights visitors (tourists),Thousands,2012,
PERU,Same-day visitors (excursionists),Thousands,2012,
PHILIPPINES,Total trips,Thousands,2012,
PHILIPPINES,Overnights visitors (tourists),Thousands,2012,
PHILIPPINES,Same-day visitors (excursionists),Thousands,2012,
POLAND,Total trips,Thousands,2012,
POLAND,Overnights visitors (tourists),Thousands,2012,
POLAND,Same-day visitors (excursionists),Thousands,2012,
PORTUGAL,Total trips,Thousands,2012,
PORTUGAL,Overnights visitors (tourists),Thousands,2012,
PORTUGAL,Same-day visitors (excursionists),Thousands,2012,
PUERTO RICO,Total trips,Thousands,2012,
PUERTO RICO,Overnights visitors (tourists),Thousands,2012,
PUERTO RICO,Same-day visitors (excursionists),Thousands,2012,
QATAR,Total trips,Thousands,2012,
QATAR,Overnights visitors (tourists),Thousands,2012,
QATAR,Same-day visitors (excursionists),Thousands,2012,
REUNION,Total trips,Thousands,2012,
REUNION,Overnights visitors (tourists),Thousands,2012,
REUNION,Same-day visitors (excursionists),Thousands,2012,
ROMANIA,Total trips,Thousands,2012,
ROMANIA,Overnights visitors (tourists),Thousands,2012,
ROMANIA,Same-day visitors (excursionists),Thousands,2012,
RUSSIAN FEDERATION,Total trips,Thousands,2012,
RUSSIAN FEDERATION,Overnights visitors (tourists),Thousands,2012,
RUSSIAN FEDERATION,Same-day visitors (excursionists),Thousands,2012,
RWANDA,Total trips,Thousands,2012,
RWANDA,Overnights visitors (tourists),Thousands,2012,
RWANDA,Same-day visitors (excursionists),Thousands,2012,
SABA,Total trips,Thousands,2012,
SABA,Overnights visitors (tourists),Thousands,2012,
SABA,Same-day visitors (excursionists),Thousands,2012,
SAINT KITTS AND NEVIS,Total trips,Thousands,2012,
SAINT KITTS AND NEVIS,Overnights visitors (tourists),Thousands,2012,
SAINT KITTS AND NEVIS,Same-day visitors (excursionists),Thousands,2012,
SAINT LUCIA,Total trips,Thousands,2012,
SAINT LUCIA,Overnights visitors (tourists),Thousands,2012,
SAINT LUCIA,Same-day visitors (excursionists),Thousands,2012,
SAINT VINCENT AND THE GRENADINES,Total trips,Thousands,2012,
SAINT VINCENT AND THE GRENADINES,Overnights visitors (tourists),Thousands,2012,
SAINT VINCENT AND THE GRENADINES,Same-day visitors (excursionists),Thousands,2012,
SAMOA,Total trips,Thousands,2012,
SAMOA,Overnights visitors (tourists),Thousands,2012,
SAMOA,Same-day visitors (excursionists),Thousands,2012,
SAN MARINO,Total trips,Thousands,2012,
SAN MARINO,Overnights visitors (tourists),Thousands,2012,
SAN MARINO,Same-day visitors (excursionists),Thousands,2012,
SAO TOME AND PRINCIPE,Total trips,Thousands,2012,
SAO TOME AND PRINCIPE,Overnights visitors (tourists),Thousands,2012,
SAO TOME AND PRINCIPE,Same-day visitors (excursionists),Thousands,2012,
SAUDI ARABIA,Total trips,Thousands,2012,
SAUDI ARABIA,Overnights visitors (tourists),Thousands,2012,
SAUDI ARABIA,Same-day visitors (excursionists),Thousands,2012,
SENEGAL,Total trips,Thousands,2012,
SENEGAL,Overnights visitors (tourists),Thousands,2012,
SENEGAL,Same-day visitors (excursionists),Thousands,2012,
SERBIA,Total trips,Thousands,2012,
SERBIA,Overnights visitors (tourists),Thousands,2012,
SERBIA,Same-day visitors (excursionists),Thousands,2012,
SERBIA AND MONTENEGRO,Total trips,Thousands,2012,
SERBIA AND MONTENEGRO,Overnights visitors (tourists),Thousands,2012,
SERBIA AND MONTENEGRO,Same-day visitors (excursionists),Thousands,2012,
SEYCHELLES,Total trips,Thousands,2012,
SEYCHELLES,Overnights visitors (tourists),Thousands,2012,
SEYCHELLES,Same-day visitors (excursionists),Thousands,2012,
SIERRA LEONE,Total trips,Thousands,2012,
SIERRA LEONE,Overnights visitors (tourists),Thousands,2012,
SIERRA LEONE,Same-day visitors (excursionists),Thousands,2012,
SINGAPORE,Total trips,Thousands,2012,
SINGAPORE,Overnights visitors (tourists),Thousands,2012,
SINGAPORE,Same-day visitors (excursionists),Thousands,2012,
SINT EUSTATIUS,Total trips,Thousands,2012,
SINT EUSTATIUS,Overnights visitors (tourists),Thousands,2012,
SINT EUSTATIUS,Same-day visitors (excursionists),Thousands,2012,
SINT MAARTEN (DUTCH PART),Total trips,Thousands,2012,
SINT MAARTEN (DUTCH PART),Overnights visitors (tourists),Thousands,2012,
SINT MAARTEN (DUTCH PART),Same-day visitors (excursionists),Thousands,2012,
SLOVAKIA,Total trips,Thousands,2012,
SLOVAKIA,Overnights visitors (tourists),Thousands,2012,
SLOVAKIA,Same-day visitors (excursionists),Thousands,2012,
SLOVENIA,Total trips,Thousands,2012,
SLOVENIA,Overnights visitors (tourists),Thousands,2012,
SLOVENIA,Same-day visitors (excursionists),Thousands,2012,
SOLOMON ISLANDS,Total trips,Thousands,2012,
SOLOMON ISLANDS,Overnights visitors (tourists),Thousands,2012,
SOLOMON ISLANDS,Same-day visitors (excursionists),Thousands,2012,
SOMALIA,Total trips,Thousands,2012,
SOMALIA,Overnights visitors (tourists),Thousands,2012,
SOMALIA,Same-day visitors (excursionists),Thousands,2012,
SOUTH AFRICA,Total trips,Thousands,2012,
SOUTH AFRICA,Overnights visitors (tourists),Thousands,2012,
SOUTH AFRICA,Same-day visitors (excursionists),Thousands,2012,
SOUTH SUDAN,Total trips,Thousands,2012,
SOUTH SUDAN,Overnights visitors (tourists),Thousands,2012,
SOUTH SUDAN,Same-day visitors (excursionists),Thousands,2012,
SPAIN,Total trips,Thousands,2012,
SPAIN,Overnights visitors (tourists),Thousands,2012,
SPAIN,Same-day visitors (excursionists),Thousands,2012,
SRI LANKA,Total trips,Thousands,2012,
SRI LANKA,Overnights visitors (tourists),Thousands,2012,
SRI LANKA,Same-day visitors (excursionists),Thousands,2012,
STATE OF PALESTINE,Total trips,Thousands,2012,
STATE OF PALESTINE,Overnights visitors (tourists),Thousands,2012,
STATE OF PALESTINE,Same-day visitors (excursionists),Thousands,2012,
SUDAN,Total trips,Thousands,2012,
SUDAN,Overnights visitors (tourists),Thousands,2012,
SUDAN,Same-day visitors (excursionists),Thousands,2012,
SURINAME,Total trips,Thousands,2012,
SURINAME,Overnights visitors (tourists),Thousands,2012,
SURINAME,Same-day visitors (excursionists),Thousands,2012,
SWEDEN,Total trips,Thousands,2012,
SWEDEN,Overnights visitors (tourists),Thousands,2012,
SWEDEN,Same-day visitors (excursionists),Thousands,2012,
SWITZERLAND,Total trips,Thousands,2012,
SWITZERLAND,Overnights visitors (tourists),Thousands,2012,
SWITZERLAND,Same-day visitors (excursionists),Thousands,2012,
SYRIAN ARAB REPUBLIC,Total trips,Thousands,2012,
SYRIAN ARAB REPUBLIC,Overnights visitors (tourists),Thousands,2012,
SYRIAN ARAB REPUBLIC,Same-day visitors (excursionists),Thousands,2012,
TAIWAN PROVINCE OF CHINA,Total trips,Thousands,2012,
TAIWAN PROVINCE OF CHINA,Overnights visitors (tourists),Thousands,2012,
TAIWAN PROVINCE OF CHINA,Same-day visitors (excursionists),Thousands,2012,
TAJIKISTAN,Total trips,Thousands,2012,30.0
TAJIKISTAN,Overnights visitors (tourists),Thousands,2012,24.0
TAJIKISTAN,Same-day visitors (excursionists),Thousands,2012,6.0
"TANZANIA, UNITED REPUBLIC OF",Total trips,Thousands,2012,
"TANZANIA, UNITED REPUBLIC OF",Overnights visitors (tourists),Thousands,2012,
"TANZANIA, UNITED REPUBLIC OF",Same-day visitors (excursionists),Thousands,2012,
THAILAND,Total trips,Thousands,2012,
THAILAND,Overnights visitors (tourists),Thousands,2012,
THAILAND,Same-day visitors (excursionists),Thousands,2012,
TIMOR-LESTE,Total trips,Thousands,2012,
TIMOR-LESTE,Overnights visitors (tourists),Thousands,2012,
TIMOR-LESTE,Same-day visitors (excursionists),Thousands,2012,
TOGO,Total trips,Thousands,2012,
TOGO,Overnights visitors (tourists),Thousands,2012,
TOGO,Same-day visitors (excursionists),Thousands,2012,
TONGA,Total trips,Thousands,2012,
TONGA,Overnights visitors (tourists),Thousands,2012,
TONGA,Same-day visitors (excursionists),Thousands,2012,
TRINIDAD AND TOBAGO,Total trips,Thousands,2012,
TRINIDAD AND TOBAGO,Overnights visitors (tourists),Thousands,2012,
TRINIDAD AND TOBAGO,Same-day visitors (excursionists),Thousands,2012,
TUNISIA,Total trips,Thousands,2012,
TUNISIA,Overnights visitors (tourists),Thousands,2012,
TUNISIA,Same-day visitors (excursionists),Thousands,2012,
TÜRKIYE,Total trips,Thousands,2012,
TÜRKIYE,Overnights visitors (tourists),Thousands,2012,
TÜRKIYE,Same-day visitors (excursionists),Thousands,2012,
TURKMENISTAN,Total trips,Thousands,2012,
TURKMENISTAN,Overnights visitors (tourists),Thousands,2012,
TURKMENISTAN,Same-day visitors (excursionists),Thousands,2012,
TURKS AND CAICOS ISLANDS,Total trips,Thousands,2012,
TURKS AND CAICOS ISLANDS,Overnights visitors (tourists),Thousands,2012,
TURKS AND CAICOS ISLANDS,Same-day visitors (excursionists),Thousands,2012,
TUVALU,Total trips,Thousands,2012,
TUVALU,Overnights visitors (tourists),Thousands,2012,
TUVALU,Same-day visitors (excursionists),Thousands,2012,
UGANDA,Total trips,Thousands,2012,
UGANDA,Overnights visitors (tourists),Thousands,2012,
UGANDA,Same-day visitors (excursionists),Thousands,2012,
UKRAINE,Total trips,Thousands,2012,
UKRAINE,Overnights visitors (tourists),Thousands,2012,
UKRAINE,Same-day visitors (excursionists),Thousands,2012,
UNITED ARAB EMIRATES,Total trips,Thousands,2012,
UNITED ARAB EMIRATES,Overnights visitors (tourists),Thousands,2012,
UNITED ARAB EMIRATES,Same-day visitors (excursionists),Thousands,2012,
UNITED KINGDOM,Total trips,Thousands,2012,
UNITED KINGDOM,Overnights visitors (tourists),Thousands,2012,
UNITED KINGDOM,Same-day visitors (excursionists),Thousands,2012,
UNITED STATES OF AMERICA,Total trips,Thousands,2012,
UNITED STATES OF AMERICA,Overnights visitors (tourists),Thousands,2012,
UNITED STATES OF AMERICA,Same-day visitors (excursionists),Thousands,2012,
UNITED STATES VIRGIN ISLANDS,Total trips,Thousands,2012,
UNITED STATES VIRGIN ISLANDS,Overnights visitors (tourists),Thousands,2012,
UNITED STATES VIRGIN ISLANDS,Same-day visitors (excursionists),Thousands,2012,
URUGUAY,Total trips,Thousands,2012,
URUGUAY,Overnights visitors (tourists),Thousands,2012,
URUGUAY,Same-day visitors (excursionists),Thousands,2012,
UZBEKISTAN,Total trips,Thousands,2012,
UZBEKISTAN,Overnights visitors (tourists),Thousands,2012,
UZBEKISTAN,Same-day visitors (excursionists),Thousands,2012,
VANUATU,Total trips,Thousands,2012,
VANUATU,Overnights visitors (tourists),Thousands,2012,
VANUATU,Same-day visitors (excursionists),Thousands,2012,
"VENEZUELA, BOLIVARIAN REPUBLIC OF",Total trips,Thousands,2012,
"VENEZUELA, BOLIVARIAN REPUBLIC OF",Overnights visitors (tourists),Thousands,2012,
"VENEZUELA, BOLIVARIAN REPUBLIC OF",Same-day visitors (excursionists),Thousands,2012,
VIET NAM,Total trips,Thousands,2012,
VIET NAM,Overnights visitors (tourists),Thousands,2012,
VIET NAM,Same-day visitors (excursionists),Thousands,2012,
YEMEN,Total trips,Thousands,2012,
YEMEN,Overnights visitors (tourists),Thousands,2012,
YEMEN,Same-day visitors (excursionists),Thousands,2012,
ZAMBIA,Total trips,Thousands,2012,
ZAMBIA,Overnights visitors (tourists),Thousands,2012,
ZAMBIA,Same-day visitors (excursionists),Thousands,2012,
ZIMBABWE,Total trips,Thousands,2012,
ZIMBABWE,Overnights visitors (tourists),Thousands,2012,
ZIMBABWE,Same-day visitors (excursionists),Thousands,2012,
AFGHANISTAN,Total trips,Thousands,2013,
AFGHANISTAN,Overnights visitors (tourists),Thousands,2013,
AFGHANISTAN,Same-day visitors (excursionists),Thousands,2013,
ALBANIA,Total trips,Thousands,2013,
ALBANIA,Overnights visitors (tourists),Thousands,2013,
ALBANIA,Same-day visitors (excursionists),Thousands,2013,
ALGERIA,Total trips,Thousands,2013,
ALGERIA,Overnights visitors (tourists),Thousands,2013,
ALGERIA,Same-day visitors (excursionists),Thousands,2013,
AMERICAN SAMOA,Total trips,Thousands,2013,
AMERICAN SAMOA,Overnights visitors (tourists),Thousands,2013,
AMERICAN SAMOA,Same-day visitors (excursionists),Thousands,2013,
ANDORRA,Total trips,Thousands,2013,
ANDORRA,Overnights visitors (tourists),Thousands,2013,
ANDORRA,Same-day visitors (excursionists),Thousands,2013,
ANGOLA,Total trips,Thousands,2013,
ANGOLA,Overnights visitors (tourists),Thousands,2013,
ANGOLA,Same-day visitors (excursionists),Thousands,2013,
ANGUILLA,Total trips,Thousands,2013,
ANGUILLA,Overnights visitors (tourists),Thousands,2013,
ANGUILLA,Same-day visitors (excursionists),Thousands,2013,
ANTIGUA AND BARBUDA,Total trips,Thousands,2013,
ANTIGUA AND BARBUDA,Overnights visitors (tourists),Thousands,2013,
ANTIGUA AND BARBUDA,Same-day visitors (excursionists),Thousands,2013,
ARGENTINA,Total trips,Thousands,2013,
ARGENTINA,Overnights visitors (tourists),Thousands,2013,
ARGENTINA,Same-day visitors (excursionists),Thousands,2013,
ARMENIA,Total trips,Thousands,2013,
ARMENIA,Overnights visitors (tourists),Thousands,2013,670.0
ARMENIA,Same-day visitors (excursionists),Thousands,2013,
ARUBA,Total trips,Thousands,2013,
ARUBA,Overnights visitors (tourists),Thousands,2013,
ARUBA,Same-day visitors (excursionists),Thousands,2013,
AUSTRALIA,Total trips,Thousands,2013,
AUSTRALIA,Overnights visitors (tourists),Thousands,2013,
AUSTRALIA,Same-day visitors (excursionists),Thousands,2013,
AUSTRIA,Total trips,Thousands,2013,
AUSTRIA,Overnights visitors (tourists),Thousands,2013,
AUSTRIA,Same-day visitors (excursionists),Thousands,2013,
AZERBAIJAN,Total trips,Thousands,2013,
AZERBAIJAN,Overnights visitors (tourists),Thousands,2013,
AZERBAIJAN,Same-day visitors (excursionists),Thousands,2013,
BAHAMAS,Total trips,Thousands,2013,
BAHAMAS,Overnights visitors (tourists),Thousands,2013,
BAHAMAS,Same-day visitors (excursionists),Thousands,2013,
BAHRAIN,Total trips,Thousands,2013,
BAHRAIN,Overnights visitors (tourists),Thousands,2013,
BAHRAIN,Same-day visitors (excursionists),Thousands,2013,
BANGLADESH,Total trips,Thousands,2013,
BANGLADESH,Overnights visitors (tourists),Thousands,2013,
BANGLADESH,Same-day visitors (excursionists),Thousands,2013,
BARBADOS,Total trips,Thousands,2013,
BARBADOS,Overnights visitors (tourists),Thousands,2013,
BARBADOS,Same-day visitors (excursionists),Thousands,2013,
BELARUS,Total trips,Thousands,2013,
BELARUS,Overnights visitors (tourists),Thousands,2013,
BELARUS,Same-day visitors (excursionists),Thousands,2013,579.0
BELGIUM,Total trips,Thousands,2013,
BELGIUM,Overnights visitors (tourists),Thousands,2013,
BELGIUM,Same-day visitors (excursionists),Thousands,2013,
BELIZE,Total trips,Thousands,2013,
BELIZE,Overnights visitors (tourists),Thousands,2013,
BELIZE,Same-day visitors (excursionists),Thousands,2013,
BENIN,Total trips,Thousands,2013,
BENIN,Overnights visitors (tourists),Thousands,2013,
BENIN,Same-day visitors (excursionists),Thousands,2013,
BERMUDA,Total trips,Thousands,2013,
BERMUDA,Overnights visitors (tourists),Thousands,2013,
BERMUDA,Same-day visitors (excursionists),Thousands,2013,
BHUTAN,Total trips,Thousands,2013,
BHUTAN,Overnights visitors (tourists),Thousands,2013,
BHUTAN,Same-day visitors (excursionists),Thousands,2013,
"BOLIVIA, PLURINATIONAL STATE OF",Total trips,Thousands,2013,
"BOLIVIA, PLURINATIONAL STATE OF",Overnights visitors (tourists),Thousands,2013,
"BOLIVIA, PLURINATIONAL STATE OF",Same-day visitors (excursionists),Thousands,2013,
BONAIRE,Total trips,Thousands,2013,
BONAIRE,Overnights visitors (tourists),Thousands,2013,
BONAIRE,Same-day visitors (excursionists),Thousands,2013,
BOSNIA AND HERZEGOVINA,Total trips,Thousands,2013,
BOSNIA AND HERZEGOVINA,Overnights visitors (tourists),Thousands,2013,
BOSNIA AND HERZEGOVINA,Same-day visitors (excursionists),Thousands,2013,
BOTSWANA,Total trips,Thousands,2013,
BOTSWANA,Overnights visitors (tourists),Thousands,2013,
BOTSWANA,Same-day visitors (excursionists),Thousands,2013,
BRAZIL,Total trips,Thousands,2013,
BRAZIL,Overnights visitors (tourists),Thousands,2013,
BRAZIL,Same-day visitors (excursionists),Thousands,2013,
BRITISH VIRGIN ISLANDS,Total trips,Thousands,2013,
BRITISH VIRGIN ISLANDS,Overnights visitors (tourists),Thousands,2013,
BRITISH VIRGIN ISLANDS,Same-day visitors (excursionists),Thousands,2013,
BRUNEI DARUSSALAM,Total trips,Thousands,2013,
BRUNEI DARUSSALAM,Overnights visitors (tourists),Thousands,2013,
BRUNEI DARUSSALAM,Same-day visitors (excursionists),Thousands,2013,
BULGARIA,Total trips,Thousands,2013,
BULGARIA,Overnights visitors (tourists),Thousands,2013,
BULGARIA,Same-day visitors (excursionists),Thousands,2013,
BURKINA FASO,Total trips,Thousands,2013,
BURKINA FASO,Overnights visitors (tourists),Thousands,2013,
BURKINA FASO,Same-day visitors (excursionists),Thousands,2013,
BURUNDI,Total trips,Thousands,2013,
BURUNDI,Overnights visitors (tourists),Thousands,2013,
BURUNDI,Same-day visitors (excursionists),Thousands,2013,
CABO VERDE,Total trips,Thousands,2013,
CABO VERDE,Overnights visitors (tourists),Thousands,2013,
CABO VERDE,Same-day visitors (excursionists),Thousands,2013,
CAMBODIA,Total trips,Thousands,2013,
CAMBODIA,Overnights visitors (tourists),Thousands,2013,
CAMBODIA,Same-day visitors (excursionists),Thousands,2013,
CAMEROON,Total trips,Thousands,2013,
CAMEROON,Overnights visitors (tourists),Thousands,2013,
CAMEROON,Same-day visitors (excursionists),Thousands,2013,
CANADA,Total trips,Thousands,2013,
CANADA,Overnights visitors (tourists),Thousands,2013,
CANADA,Same-day visitors (excursionists),Thousands,2013,
CAYMAN ISLANDS,Total trips,Thousands,2013,
CAYMAN ISLANDS,Overnights visitors (tourists),Thousands,2013,
CAYMAN ISLANDS,Same-day visitors (excursionists),Thousands,2013,
CENTRAL AFRICAN REPUBLIC,Total trips,Thousands,2013,
CENTRAL AFRICAN REPUBLIC,Overnights visitors (tourists),Thousands,2013,
CENTRAL AFRICAN REPUBLIC,Same-day visitors (excursionists),Thousands,2013,
CHAD,Total trips,Thousands,2013,
CHAD,Overnights visitors (tourists),Thousands,2013,
CHAD,Same-day visitors (excursionists),Thousands,2013,
CHILE,Total trips,Thousands,2013,
CHILE,Overnights visitors (tourists),Thousands,2013,
CHILE,Same-day visitors (excursionists),Thousands,2013,
CHINA,Total trips,Thousands,2013,
CHINA,Overnights visitors (tourists),Thousands,2013,
CHINA,Same-day visitors (excursionists),Thousands,2013,
COLOMBIA,Total trips,Thousands,2013,
COLOMBIA,Overnights visitors (tourists),Thousands,2013,
COLOMBIA,Same-day visitors (excursionists),Thousands,2013,
COMOROS,Total trips,Thousands,2013,
COMOROS,Overnights visitors (tourists),Thousands,2013,
COMOROS,Same-day visitors (excursionists),Thousands,2013,
CONGO,Total trips,Thousands,2013,
CONGO,Overnights visitors (tourists),Thousands,2013,
CONGO,Same-day visitors (excursionists),Thousands,2013,
"CONGO, DEMOCRATIC REPUBLIC OF THE",Total trips,Thousands,2013,
"CONGO, DEMOCRATIC REPUBLIC OF THE",Overnights visitors (tourists),Thousands,2013,
"CONGO, DEMOCRATIC REPUBLIC OF THE",Same-day visitors (excursionists),Thousands,2013,
COOK ISLANDS,Total trips,Thousands,2013,
COOK ISLANDS,Overnights visitors (tourists),Thousands,2013,
COOK ISLANDS,Same-day visitors (excursionists),Thousands,2013,
COSTA RICA,Total trips,Thousands,2013,
COSTA RICA,Overnights visitors (tourists),Thousands,2013,
COSTA RICA,Same-day visitors (excursionists),Thousands,2013,
COTE D´IVOIRE,Total trips,Thousands,2013,
COTE D´IVOIRE,Overnights visitors (tourists),Thousands,2013,
COTE D´IVOIRE,Same-day visitors (excursionists),Thousands,2013,
CROATIA,Total trips,Thousands,2013,
CROATIA,Overnights visitors (tourists),Thousands,2013,
CROATIA,Same-day visitors (excursionists),Thousands,2013,
CUBA,Total trips,Thousands,2013,
CUBA,Overnights visitors (tourists),Thousands,2013,
CUBA,Same-day visitors (excursionists),Thousands,2013,
CURAÇAO,Total trips,Thousands,2013,
CURAÇAO,Overnights visitors (tourists),Thousands,2013,
CURAÇAO,Same-day visitors (excursionists),Thousands,2013,
CYPRUS,Total trips,Thousands,2013,
CYPRUS,Overnights visitors (tourists),Thousands,2013,
CYPRUS,Same-day visitors (excursionists),Thousands,2013,
CZECH REPUBLIC (CZECHIA),Total trips,Thousands,2013,
CZECH REPUBLIC (CZECHIA),Overnights visitors (tourists),Thousands,2013,
CZECH REPUBLIC (CZECHIA),Same-day visitors (excursionists),Thousands,2013,
DENMARK,Total trips,Thousands,2013,
DENMARK,Overnights visitors (tourists),Thousands,2013,
DENMARK,Same-day visitors (excursionists),Thousands,2013,
DJIBOUTI,Total trips,Thousands,2013,
DJIBOUTI,Overnights visitors (tourists),Thousands,2013,
DJIBOUTI,Same-day visitors (excursionists),Thousands,2013,
DOMINICA,Total trips,Thousands,2013,
DOMINICA,Overnights visitors (tourists),Thousands,2013,
DOMINICA,Same-day visitors (excursionists),Thousands,2013,
DOMINICAN REPUBLIC,Total trips,Thousands,2013,
DOMINICAN REPUBLIC,Overnights visitors (tourists),Thousands,2013,
DOMINICAN REPUBLIC,Same-day visitors (excursionists),Thousands,2013,
ECUADOR,Total trips,Thousands,2013,
ECUADOR,Overnights visitors (tourists),Thousands,2013,
ECUADOR,Same-day visitors (excursionists),Thousands,2013,
EGYPT,Total trips,Thousands,2013,
EGYPT,Overnights visitors (tourists),Thousands,2013,
EGYPT,Same-day visitors (excursionists),Thousands,2013,
EL SALVADOR,Total trips,Thousands,2013,
EL SALVADOR,Overnights visitors (tourists),Thousands,2013,
EL SALVADOR,Same-day visitors (excursionists),Thousands,2013,
EQUATORIAL GUINEA,Total trips,Thousands,2013,
EQUATORIAL GUINEA,Overnights visitors (tourists),Thousands,2013,
EQUATORIAL GUINEA,Same-day visitors (excursionists),Thousands,2013,
ERITREA,Total trips,Thousands,2013,
ERITREA,Overnights visitors (tourists),Thousands,2013,
ERITREA,Same-day visitors (excursionists),Thousands,2013,
ESTONIA,Total trips,Thousands,2013,
ESTONIA,Overnights visitors (tourists),Thousands,2013,
ESTONIA,Same-day visitors (excursionists),Thousands,2013,
ESWATINI,Total trips,Thousands,2013,218.0
ESWATINI,Overnights visitors (tourists),Thousands,2013,108.0
ESWATINI,Same-day visitors (excursionists),Thousands,2013,110.0
ETHIOPIA,Total trips,Thousands,2013,
ETHIOPIA,Overnights visitors (tourists),Thousands,2013,
ETHIOPIA,Same-day visitors (excursionists),Thousands,2013,
FIJI,Total trips,Thousands,2013,
FIJI,Overnights visitors (tourists),Thousands,2013,
FIJI,Same-day visitors (excursionists),Thousands,2013,
FINLAND,Total trips,Thousands,2013,
FINLAND,Overnights visitors (tourists),Thousands,2013,
FINLAND,Same-day visitors (excursionists),Thousands,2013,
FRANCE,Total trips,Thousands,2013,
FRANCE,Overnights visitors (tourists),Thousands,2013,
FRANCE,Same-day visitors (excursionists),Thousands,2013,
FRENCH GUIANA,Total trips,Thousands,2013,
FRENCH GUIANA,Overnights visitors (tourists),Thousands,2013,
FRENCH GUIANA,Same-day visitors (excursionists),Thousands,2013,
FRENCH POLYNESIA,Total trips,Thousands,2013,
FRENCH POLYNESIA,Overnights visitors (tourists),Thousands,2013,
FRENCH POLYNESIA,Same-day visitors (excursionists),Thousands,2013,
GABON,Total trips,Thousands,2013,
GABON,Overnights visitors (tourists),Thousands,2013,
GABON,Same-day visitors (excursionists),Thousands,2013,
GAMBIA,Total trips,Thousands,2013,
GAMBIA,Overnights visitors (tourists),Thousands,2013,
GAMBIA,Same-day visitors (excursionists),Thousands,2013,
GEORGIA,Total trips,Thousands,2013,
GEORGIA,Overnights visitors (tourists),Thousands,2013,
GEORGIA,Same-day visitors (excursionists),Thousands,2013,
GERMANY,Total trips,Thousands,2013,
GERMANY,Overnights visitors (tourists),Thousands,2013,
GERMANY,Same-day visitors (excursionists),Thousands,2013,
GHANA,Total trips,Thousands,2013,
GHANA,Overnights visitors (tourists),Thousands,2013,
GHANA,Same-day visitors (excursionists),Thousands,2013,
GREECE,Total trips,Thousands,2013,
GREECE,Overnights visitors (tourists),Thousands,2013,
GREECE,Same-day visitors (excursionists),Thousands,2013,
GRENADA,Total trips,Thousands,2013,
GRENADA,Overnights visitors (tourists),Thousands,2013,
GRENADA,Same-day visitors (excursionists),Thousands,2013,
GUADELOUPE,Total trips,Thousands,2013,
GUADELOUPE,Overnights visitors (tourists),Thousands,2013,
GUADELOUPE,Same-day visitors (excursionists),Thousands,2013,
GUAM,Total trips,Thousands,2013,
GUAM,Overnights visitors (tourists),Thousands,2013,
GUAM,Same-day visitors (excursionists),Thousands,2013,
GUATEMALA,Total trips,Thousands,2013,
GUATEMALA,Overnights visitors (tourists),Thousands,2013,
GUATEMALA,Same-day visitors (excursionists),Thousands,2013,
GUINEA,Total trips,Thousands,2013,
GUINEA,Overnights visitors (tourists),Thousands,2013,
GUINEA,Same-day visitors (excursionists),Thousands,2013,
GUINEA-BISSAU,Total trips,Thousands,2013,
GUINEA-BISSAU,Overnights visitors (tourists),Thousands,2013,
GUINEA-BISSAU,Same-day visitors (excursionists),Thousands,2013,
GUYANA,Total trips,Thousands,2013,
GUYANA,Overnights visitors (tourists),Thousands,2013,
GUYANA,Same-day visitors (excursionists),Thousands,2013,
HAITI,Total trips,Thousands,2013,
HAITI,Overnights visitors (tourists),Thousands,2013,
HAITI,Same-day visitors (excursionists),Thousands,2013,
HONDURAS,Total trips,Thousands,2013,
HONDURAS,Overnights visitors (tourists),Thousands,2013,
HONDURAS,Same-day visitors (excursionists),Thousands,2013,
"HONG KONG, CHINA",Total trips,Thousands,2013,
"HONG KONG, CHINA",Overnights visitors (tourists),Thousands,2013,
"HONG KONG, CHINA",Same-day visitors (excursionists),Thousands,2013,
HUNGARY,Total trips,Thousands,2013,
HUNGARY,Overnights visitors (tourists),Thousands,2013,
HUNGARY,Same-day visitors (excursionists),Thousands,2013,
ICELAND,Total trips,Thousands,2013,
ICELAND,Overnights visitors (tourists),Thousands,2013,
ICELAND,Same-day visitors (excursionists),Thousands,2013,
INDIA,Total trips,Thousands,2013,
INDIA,Overnights visitors (tourists),Thousands,2013,
INDIA,Same-day visitors (excursionists),Thousands,2013,
INDONESIA,Total trips,Thousands,2013,
INDONESIA,Overnights visitors (tourists),Thousands,2013,
INDONESIA,Same-day visitors (excursionists),Thousands,2013,
"IRAN, ISLAMIC REPUBLIC OF",Total trips,Thousands,2013,
"IRAN, ISLAMIC REPUBLIC OF",Overnights visitors (tourists),Thousands,2013,
"IRAN, ISLAMIC REPUBLIC OF",Same-day visitors (excursionists),Thousands,2013,
IRAQ,Total trips,Thousands,2013,
IRAQ,Overnights visitors (tourists),Thousands,2013,
IRAQ,Same-day visitors (excursionists),Thousands,2013,
IRELAND,Total trips,Thousands,2013,
IRELAND,Overnights visitors (tourists),Thousands,2013,
IRELAND,Same-day visitors (excursionists),Thousands,2013,
ISRAEL,Total trips,Thousands,2013,
ISRAEL,Overnights visitors (tourists),Thousands,2013,
ISRAEL,Same-day visitors (excursionists),Thousands,2013,
ITALY,Total trips,Thousands,2013,
ITALY,Overnights visitors (tourists),Thousands,2013,
ITALY,Same-day visitors (excursionists),Thousands,2013,
JAMAICA,Total trips,Thousands,2013,
JAMAICA,Overnights visitors (tourists),Thousands,2013,
JAMAICA,Same-day visitors (excursionists),Thousands,2013,
JAPAN,Total trips,Thousands,2013,
JAPAN,Overnights visitors (tourists),Thousands,2013,
JAPAN,Same-day visitors (excursionists),Thousands,2013,
JORDAN,Total trips,Thousands,2013,
JORDAN,Overnights visitors (tourists),Thousands,2013,
JORDAN,Same-day visitors (excursionists),Thousands,2013,
KAZAKHSTAN,Total trips,Thousands,2013,
KAZAKHSTAN,Overnights visitors (tourists),Thousands,2013,
KAZAKHSTAN,Same-day visitors (excursionists),Thousands,2013,894.0
KENYA,Total trips,Thousands,2013,
KENYA,Overnights visitors (tourists),Thousands,2013,
KENYA,Same-day visitors (excursionists),Thousands,2013,
KIRIBATI,Total trips,Thousands,2013,
KIRIBATI,Overnights visitors (tourists),Thousands,2013,
KIRIBATI,Same-day visitors (excursionists),Thousands,2013,
"KOREA, DEMOCRATIC PEOPLE´S REPUBLIC OF",Total trips,Thousands,2013,
"KOREA, DEMOCRATIC PEOPLE´S REPUBLIC OF",Overnights visitors (tourists),Thousands,2013,
"KOREA, DEMOCRATIC PEOPLE´S REPUBLIC OF",Same-day visitors (excursionists),Thousands,2013,
"KOREA, REPUBLIC OF",Total trips,Thousands,2013,
"KOREA, REPUBLIC OF",Overnights visitors (tourists),Thousands,2013,
"KOREA, REPUBLIC OF",Same-day visitors (excursionists),Thousands,2013,
KUWAIT,Total trips,Thousands,2013,
KUWAIT,Overnights visitors (tourists),Thousands,2013,
KUWAIT,Same-day visitors (excursionists),Thousands,2013,
KYRGYZSTAN,Total trips,Thousands,2013,
KYRGYZSTAN,Overnights visitors (tourists),Thousands,2013,
KYRGYZSTAN,Same-day visitors (excursionists),Thousands,2013,
LAO PEOPLE´S DEMOCRATIC REPUBLIC,Total trips,Thousands,2013,
LAO PEOPLE´S DEMOCRATIC REPUBLIC,Overnights visitors (tourists),Thousands,2013,
LAO PEOPLE´S DEMOCRATIC REPUBLIC,Same-day visitors (excursionists),Thousands,2013,
LATVIA,Total trips,Thousands,2013,
LATVIA,Overnights visitors (tourists),Thousands,2013,
LATVIA,Same-day visitors (excursionists),Thousands,2013,
LEBANON,Total trips,Thousands,2013,
LEBANON,Overnights visitors (tourists),Thousands,2013,
LEBANON,Same-day visitors (excursionists),Thousands,2013,
LESOTHO,Total trips,Thousands,2013,
LESOTHO,Overnights visitors (tourists),Thousands,2013,
LESOTHO,Same-day visitors (excursionists),Thousands,2013,
LIBERIA,Total trips,Thousands,2013,
LIBERIA,Overnights visitors (tourists),Thousands,2013,
LIBERIA,Same-day visitors (excursionists),Thousands,2013,
LIBYA,Total trips,Thousands,2013,
LIBYA,Overnights visitors (tourists),Thousands,2013,
LIBYA,Same-day visitors (excursionists),Thousands,2013,
LIECHTENSTEIN,Total trips,Thousands,2013,
LIECHTENSTEIN,Overnights visitors (tourists),Thousands,2013,
LIECHTENSTEIN,Same-day visitors (excursionists),Thousands,2013,
LITHUANIA,Total trips,Thousands,2013,
LITHUANIA,Overnights visitors (tourists),Thousands,2013,
LITHUANIA,Same-day visitors (excursionists),Thousands,2013,
LUXEMBOURG,Total trips,Thousands,2013,
LUXEMBOURG,Overnights visitors (tourists),Thousands,2013,100.0
LUXEMBOURG,Same-day visitors (excursionists),Thousands,2013,
"MACAO, CHINA",Total trips,Thousands,2013,
"MACAO, CHINA",Overnights visitors (tourists),Thousands,2013,
"MACAO, CHINA",Same-day visitors (excursionists),Thousands,2013,
MADAGASCAR,Total trips,Thousands,2013,
MADAGASCAR,Overnights visitors (tourists),Thousands,2013,
MADAGASCAR,Same-day visitors (excursionists),Thousands,2013,
MALAWI,Total trips,Thousands,2013,
MALAWI,Overnights visitors (tourists),Thousands,2013,
MALAWI,Same-day visitors (excursionists),Thousands,2013,
MALAYSIA,Total trips,Thousands,2013,
MALAYSIA,Overnights visitors (tourists),Thousands,2013,
MALAYSIA,Same-day visitors (excursionists),Thousands,2013,
MALDIVES,Total trips,Thousands,2013,
MALDIVES,Overnights visitors (tourists),Thousands,2013,
MALDIVES,Same-day visitors (excursionists),Thousands,2013,
MALI,Total trips,Thousands,2013,
MALI,Overnights visitors (tourists),Thousands,2013,34.0
MALI,Same-day visitors (excursionists),Thousands,2013,
MALTA,Total trips,Thousands,2013,
MALTA,Overnights visitors (tourists),Thousands,2013,190.0
MALTA,Same-day visitors (excursionists),Thousands,2013,
MARSHALL ISLANDS,Total trips,Thousands,2013,
MARSHALL ISLANDS,Overnights visitors (tourists),Thousands,2013,
MARSHALL ISLANDS,Same-day visitors (excursionists),Thousands,2013,
MARTINIQUE,Total trips,Thousands,2013,
MARTINIQUE,Overnights visitors (tourists),Thousands,2013,
MARTINIQUE,Same-day visitors (excursionists),Thousands,2013,
MAURITANIA,Total trips,Thousands,2013,
MAURITANIA,Overnights visitors (tourists),Thousands,2013,
MAURITANIA,Same-day visitors (excursionists),Thousands,2013,
MAURITIUS,Total trips,Thousands,2013,
MAURITIUS,Overnights visitors (tourists),Thousands,2013,
MAURITIUS,Same-day visitors (excursionists),Thousands,2013,
MEXICO,Total trips,Thousands,2013,
MEXICO,Overnights visitors (tourists),Thousands,2013,
MEXICO,Same-day visitors (excursionists),Thousands,2013,
"MICRONESIA, FEDERATED STATES OF",Total trips,Thousands,2013,
"MICRONESIA, FEDERATED STATES OF",Overnights visitors (tourists),Thousands,2013,
"MICRONESIA, FEDERATED STATES OF",Same-day visitors (excursionists),Thousands,2013,
"MOLDOVA, REPUBLIC OF",Total trips,Thousands,2013,34.0
"MOLDOVA, REPUBLIC OF",Overnights visitors (tourists),Thousands,2013,26.0
"MOLDOVA, REPUBLIC OF",Same-day visitors (excursionists),Thousands,2013,9.0
MONACO,Total trips,Thousands,2013,
MONACO,Overnights visitors (tourists),Thousands,2013,
MONACO,Same-day visitors (excursionists),Thousands,2013,
MONGOLIA,Total trips,Thousands,2013,
MONGOLIA,Overnights visitors (tourists),Thousands,2013,
MONGOLIA,Same-day visitors (excursionists),Thousands,2013,
MONTENEGRO,Total trips,Thousands,2013,
MONTENEGRO,Overnights visitors (tourists),Thousands,2013,
MONTENEGRO,Same-day visitors (excursionists),Thousands,2013,
MONTSERRAT,Total trips,Thousands,2013,
MONTSERRAT,Overnights visitors (tourists),Thousands,2013,
MONTSERRAT,Same-day visitors (excursionists),Thousands,2013,
MOROCCO,Total trips,Thousands,2013,
MOROCCO,Overnights visitors (tourists),Thousands,2013,
MOROCCO,Same-day visitors (excursionists),Thousands,2013,
MOZAMBIQUE,Total trips,Thousands,2013,
MOZAMBIQUE,Overnights visitors (tourists),Thousands,2013,
MOZAMBIQUE,Same-day visitors (excursionists),Thousands,2013,
MYANMAR,Total trips,Thousands,2013,
MYANMAR,Overnights visitors (tourists),Thousands,2013,
MYANMAR,Same-day visitors (excursionists),Thousands,2013,
NAMIBIA,Total trips,Thousands,2013,
NAMIBIA,Overnights visitors (tourists),Thousands,2013,
NAMIBIA,Same-day visitors (excursionists),Thousands,2013,
NAURU,Total trips,Thousands,2013,
NAURU,Overnights visitors (tourists),Thousands,2013,
NAURU,Same-day visitors (excursionists),Thousands,2013,
NEPAL,Total trips,Thousands,2013,
NEPAL,Overnights visitors (tourists),Thousands,2013,
NEPAL,Same-day visitors (excursionists),Thousands,2013,
NETHERLANDS,Total trips,Thousands,2013,
NETHERLANDS,Overnights visitors (tourists),Thousands,2013,
NETHERLANDS,Same-day visitors (excursionists),Thousands,2013,
NEW CALEDONIA,Total trips,Thousands,2013,
NEW CALEDONIA,Overnights visitors (tourists),Thousands,2013,
NEW CALEDONIA,Same-day visitors (excursionists),Thousands,2013,
NEW ZEALAND,Total trips,Thousands,2013,
NEW ZEALAND,Overnights visitors (tourists),Thousands,2013,
NEW ZEALAND,Same-day visitors (excursionists),Thousands,2013,
NICARAGUA,Total trips,Thousands,2013,
NICARAGUA,Overnights visitors (tourists),Thousands,2013,
NICARAGUA,Same-day visitors (excursionists),Thousands,2013,
NIGER,Total trips,Thousands,2013,
NIGER,Overnights visitors (tourists),Thousands,2013,
NIGER,Same-day visitors (excursionists),Thousands,2013,
NIGERIA,Total trips,Thousands,2013,
NIGERIA,Overnights visitors (tourists),Thousands,2013,
NIGERIA,Same-day visitors (excursionists),Thousands,2013,
NIUE,Total trips,Thousands,2013,
NIUE,Overnights visitors (tourists),Thousands,2013,
NIUE,Same-day visitors (excursionists),Thousands,2013,
NORTH MACEDONIA,Total trips,Thousands,2013,
NORTH MACEDONIA,Overnights visitors (tourists),Thousands,2013,
NORTH MACEDONIA,Same-day visitors (excursionists),Thousands,2013,
NORTHERN MARIANA ISLANDS,Total trips,Thousands,2013,
NORTHERN MARIANA ISLANDS,Overnights visitors (tourists),Thousands,2013,
NORTHERN MARIANA ISLANDS,Same-day visitors (excursionists),Thousands,2013,
NORWAY,Total trips,Thousands,2013,
NORWAY,Overnights visitors (tourists),Thousands,2013,
NORWAY,Same-day visitors (excursionists),Thousands,2013,
OMAN,Total trips,Thousands,2013,
OMAN,Overnights visitors (tourists),Thousands,2013,
OMAN,Same-day visitors (excursionists),Thousands,2013,
PAKISTAN,Total trips,Thousands,2013,
PAKISTAN,Overnights visitors (tourists),Thousands,2013,
PAKISTAN,Same-day visitors (excursionists),Thousands,2013,
PALAU,Total trips,Thousands,2013,
PALAU,Overnights visitors (tourists),Thousands,2013,
PALAU,Same-day visitors (excursionists),Thousands,2013,
PANAMA,Total trips,Thousands,2013,
PANAMA,Overnights visitors (tourists),Thousands,2013,
PANAMA,Same-day visitors (excursionists),Thousands,2013,
PAPUA NEW GUINEA,Total trips,Thousands,2013,
PAPUA NEW GUINEA,Overnights visitors (tourists),Thousands,2013,
PAPUA NEW GUINEA,Same-day visitors (excursionists),Thousands,2013,
PARAGUAY,Total trips,Thousands,2013,
PARAGUAY,Overnights visitors (tourists),Thousands,2013,
PARAGUAY,Same-day visitors (excursionists),Thousands,2013,
PERU,Total trips,Thousands,2013,
PERU,Overnights visitors (tourists),Thousands,2013,
PERU,Same-day visitors (excursionists),Thousands,2013,
PHILIPPINES,Total trips,Thousands,2013,
PHILIPPINES,Overnights visitors (tourists),Thousands,2013,
PHILIPPINES,Same-day visitors (excursionists),Thousands,2013,
POLAND,Total trips,Thousands,2013,
POLAND,Overnights visitors (tourists),Thousands,2013,
POLAND,Same-day visitors (excursionists),Thousands,2013,
PORTUGAL,Total trips,Thousands,2013,
PORTUGAL,Overnights visitors (tourists),Thousands,2013,
PORTUGAL,Same-day visitors (excursionists),Thousands,2013,
PUERTO RICO,Total trips,Thousands,2013,
PUERTO RICO,Overnights visitors (tourists),Thousands,2013,
PUERTO RICO,Same-day visitors (excursionists),Thousands,2013,
QATAR,Total trips,Thousands,2013,
QATAR,Overnights visitors (tourists),Thousands,2013,
QATAR,Same-day visitors (excursionists),Thousands,2013,
REUNION,Total trips,Thousands,2013,
REUNION,Overnights visitors (tourists),Thousands,2013,
REUNION,Same-day visitors (excursionists),Thousands,2013,
ROMANIA,Total trips,Thousands,2013,
ROMANIA,Overnights visitors (tourists),Thousands,2013,
ROMANIA,Same-day visitors (excursionists),Thousands,2013,
RUSSIAN FEDERATION,Total trips,Thousands,2013,
RUSSIAN FEDERATION,Overnights visitors (tourists),Thousands,2013,
RUSSIAN FEDERATION,Same-day visitors (excursionists),Thousands,2013,
RWANDA,Total trips,Thousands,2013,
RWANDA,Overnights visitors (tourists),Thousands,2013,
RWANDA,Same-day visitors (excursionists),Thousands,2013,
SABA,Total trips,Thousands,2013,
SABA,Overnights visitors (tourists),Thousands,2013,
SABA,Same-day visitors (excursionists),Thousands,2013,
SAINT KITTS AND NEVIS,Total trips,Thousands,2013,
SAINT KITTS AND NEVIS,Overnights visitors (tourists),Thousands,2013,
SAINT KITTS AND NEVIS,Same-day visitors (excursionists),Thousands,2013,
SAINT LUCIA,Total trips,Thousands,2013,
SAINT LUCIA,Overnights visitors (tourists),Thousands,2013,
SAINT LUCIA,Same-day visitors (excursionists),Thousands,2013,
SAINT VINCENT AND THE GRENADINES,Total trips,Thousands,2013,
SAINT VINCENT AND THE GRENADINES,Overnights visitors (tourists),Thousands,2013,
SAINT VINCENT AND THE GRENADINES,Same-day visitors (excursionists),Thousands,2013,
SAMOA,Total trips,Thousands,2013,
SAMOA,Overnights visitors (tourists),Thousands,2013,
SAMOA,Same-day visitors (excursionists),Thousands,2013,
SAN MARINO,Total trips,Thousands,2013,
SAN MARINO,Overnights visitors (tourists),Thousands,2013,
SAN MARINO,Same-day visitors (excursionists),Thousands,2013,
SAO TOME AND PRINCIPE,Total trips,Thousands,2013,
SAO TOME AND PRINCIPE,Overnights visitors (tourists),Thousands,2013,
SAO TOME AND PRINCIPE,Same-day visitors (excursionists),Thousands,2013,
SAUDI ARABIA,Total trips,Thousands,2013,
SAUDI ARABIA,Overnights visitors (tourists),Thousands,2013,
SAUDI ARABIA,Same-day visitors (excursionists),Thousands,2013,
SENEGAL,Total trips,Thousands,2013,
SENEGAL,Overnights visitors (tourists),Thousands,2013,
SENEGAL,Same-day visitors (excursionists),Thousands,2013,
SERBIA,Total trips,Thousands,2013,
SERBIA,Overnights visitors (tourists),Thousands,2013,
SERBIA,Same-day visitors (excursionists),Thousands,2013,
SERBIA AND MONTENEGRO,Total trips,Thousands,2013,
SERBIA AND MONTENEGRO,Overnights visitors (tourists),Thousands,2013,
SERBIA AND MONTENEGRO,Same-day visitors (excursionists),Thousands,2013,
SEYCHELLES,Total trips,Thousands,2013,
SEYCHELLES,Overnights visitors (tourists),Thousands,2013,
SEYCHELLES,Same-day visitors (excursionists),Thousands,2013,
SIERRA LEONE,Total trips,Thousands,2013,
SIERRA LEONE,Overnights visitors (tourists),Thousands,2013,
SIERRA LEONE,Same-day visitors (excursionists),Thousands,2013,
SINGAPORE,Total trips,Thousands,2013,
SINGAPORE,Overnights visitors (tourists),Thousands,2013,
SINGAPORE,Same-day visitors (excursionists),Thousands,2013,
SINT EUSTATIUS,Total trips,Thousands,2013,
SINT EUSTATIUS,Overnights visitors (tourists),Thousands,2013,
SINT EUSTATIUS,Same-day visitors (excursionists),Thousands,2013,
SINT MAARTEN (DUTCH PART),Total trips,Thousands,2013,
SINT MAARTEN (DUTCH PART),Overnights visitors (tourists),Thousands,2013,
SINT MAARTEN (DUTCH PART),Same-day visitors (excursionists),Thousands,2013,
SLOVAKIA,Total trips,Thousands,2013,
SLOVAKIA,Overnights visitors (tourists),Thousands,2013,
SLOVAKIA,Same-day visitors (excursionists),Thousands,2013,
SLOVENIA,Total trips,Thousands,2013,
SLOVENIA,Overnights visitors (tourists),Thousands,2013,
SLOVENIA,Same-day visitors (excursionists),Thousands,2013,
SOLOMON ISLANDS,Total trips,Thousands,2013,
SOLOMON ISLANDS,Overnights visitors (tourists),Thousands,2013,
SOLOMON ISLANDS,Same-day visitors (excursionists),Thousands,2013,
SOMALIA,Total trips,Thousands,2013,
SOMALIA,Overnights visitors (tourists),Thousands,2013,
SOMALIA,Same-day visitors (excursionists),Thousands,2013,
SOUTH AFRICA,Total trips,Thousands,2013,
SOUTH AFRICA,Overnights visitors (tourists),Thousands,2013,
SOUTH AFRICA,Same-day visitors (excursionists),Thousands,2013,
SOUTH SUDAN,Total trips,Thousands,2013,
SOUTH SUDAN,Overnights visitors (tourists),Thousands,2013,
SOUTH SUDAN,Same-day visitors (excursionists),Thousands,2013,
SPAIN,Total trips,Thousands,2013,
SPAIN,Overnights visitors (tourists),Thousands,2013,
SPAIN,Same-day visitors (excursionists),Thousands,2013,
SRI LANKA,Total trips,Thousands,2013,
SRI LANKA,Overnights visitors (tourists),Thousands,2013,
SRI LANKA,Same-day visitors (excursionists),Thousands,2013,
STATE OF PALESTINE,Total trips,Thousands,2013,
STATE OF PALESTINE,Overnights visitors (tourists),Thousands,2013,
STATE OF PALESTINE,Same-day visitors (excursionists),Thousands,2013,
SUDAN,Total trips,Thousands,2013,
SUDAN,Overnights visitors (tourists),Thousands,2013,
SUDAN,Same-day visitors (excursionists),Thousands,2013,
SURINAME,Total trips,Thousands,2013,
SURINAME,Overnights visitors (tourists),Thousands,2013,
SURINAME,Same-day visitors (excursionists),Thousands,2013,
SWEDEN,Total trips,Thousands,2013,
SWEDEN,Overnights visitors (tourists),Thousands,2013,
SWEDEN,Same-day visitors (excursionists),Thousands,2013,
SWITZERLAND,Total trips,Thousands,2013,
SWITZERLAND,Overnights visitors (tourists),Thousands,2013,
SWITZERLAND,Same-day visitors (excursionists),Thousands,2013,
SYRIAN ARAB REPUBLIC,Total trips,Thousands,2013,
SYRIAN ARAB REPUBLIC,Overnights visitors (tourists),Thousands,2013,
SYRIAN ARAB REPUBLIC,Same-day visitors (excursionists),Thousands,2013,
TAIWAN PROVINCE OF CHINA,Total trips,Thousands,2013,
TAIWAN PROVINCE OF CHINA,Overnights visitors (tourists),Thousands,2013,
TAIWAN PROVINCE OF CHINA,Same-day visitors (excursionists),Thousands,2013,
TAJIKISTAN,Total trips,Thousands,2013,38.0
TAJIKISTAN,Overnights visitors (tourists),Thousands,2013,28.0
TAJIKISTAN,Same-day visitors (excursionists),Thousands,2013,10.0
"TANZANIA, UNITED REPUBLIC OF",Total trips,Thousands,2013,
"TANZANIA, UNITED REPUBLIC OF",Overnights visitors (tourists),Thousands,2013,
"TANZANIA, UNITED REPUBLIC OF",Same-day visitors (excursionists),Thousands,2013,
THAILAND,Total trips,Thousands,2013,
THAILAND,Overnights visitors (tourists),Thousands,2013,
THAILAND,Same-day visitors (excursionists),Thousands,2013,
TIMOR-LESTE,Total trips,Thousands,2013,
TIMOR-LESTE,Overnights visitors (tourists),Thousands,2013,
TIMOR-LESTE,Same-day visitors (excursionists),Thousands,2013,
TOGO,Total trips,Thousands,2013,
TOGO,Overnights visitors (tourists),Thousands,2013,
TOGO,Same-day visitors (excursionists),Thousands,2013,
TONGA,Total trips,Thousands,2013,
TONGA,Overnights visitors (tourists),Thousands,2013,
TONGA,Same-day visitors (excursionists),Thousands,2013,
TRINIDAD AND TOBAGO,Total trips,Thousands,2013,
TRINIDAD AND TOBAGO,Overnights visitors (tourists),Thousands,2013,627.0
TRINIDAD AND TOBAGO,Same-day visitors (excursionists),Thousands,2013,
TUNISIA,Total trips,Thousands,2013,
TUNISIA,Overnights visitors (tourists),Thousands,2013,
TUNISIA,Same-day visitors (excursionists),Thousands,2013,
TÜRKIYE,Total trips,Thousands,2013,
TÜRKIYE,Overnights visitors (tourists),Thousands,2013,
TÜRKIYE,Same-day visitors (excursionists),Thousands,2013,
TURKMENISTAN,Total trips,Thousands,2013,
TURKMENISTAN,Overnights visitors (tourists),Thousands,2013,
TURKMENISTAN,Same-day visitors (excursionists),Thousands,2013,
TURKS AND CAICOS ISLANDS,Total trips,Thousands,2013,
TURKS AND CAICOS ISLANDS,Overnights visitors (tourists),Thousands,2013,
TURKS AND CAICOS ISLANDS,Same-day visitors (excursionists),Thousands,2013,
TUVALU,Total trips,Thousands,2013,
TUVALU,Overnights visitors (tourists),Thousands,2013,
TUVALU,Same-day visitors (excursionists),Thousands,2013,
UGANDA,Total trips,Thousands,2013,
UGANDA,Overnights visitors (tourists),Thousands,2013,
UGANDA,Same-day visitors (excursionists),Thousands,2013,
UKRAINE,Total trips,Thousands,2013,
UKRAINE,Overnights visitors (tourists),Thousands,2013,
UKRAINE,Same-day visitors (excursionists),Thousands,2013,
UNITED ARAB EMIRATES,Total trips,Thousands,2013,
UNITED ARAB EMIRATES,Overnights visitors (tourists),Thousands,2013,
UNITED ARAB EMIRATES,Same-day visitors (excursionists),Thousands,2013,
UNITED KINGDOM,Total trips,Thousands,2013,
UNITED KINGDOM,Overnights visitors (tourists),Thousands,2013,
UNITED KINGDOM,Same-day visitors (excursionists),Thousands,2013,
UNITED STATES OF AMERICA,Total trips,Thousands,2013,
UNITED STATES OF AMERICA,Overnights visitors (tourists),Thousands,2013,
UNITED STATES OF AMERICA,Same-day visitors (excursionists),Thousands,2013,
UNITED STATES VIRGIN ISLANDS,Total trips,Thousands,2013,
UNITED STATES VIRGIN ISLANDS,Overnights visitors (tourists),Thousands,2013,
UNITED STATES VIRGIN ISLANDS,Same-day visitors (excursionists),Thousands,2013,
URUGUAY,Total trips,Thousands,2013,
URUGUAY,Overnights visitors (tourists),Thousands,2013,
URUGUAY,Same-day visitors (excursionists),Thousands,2013,
UZBEKISTAN,Total trips,Thousands,2013,
UZBEKISTAN,Overnights visitors (tourists),Thousands,2013,
UZBEKISTAN,Same-day visitors (excursionists),Thousands,2013,
VANUATU,Total trips,Thousands,2013,
VANUATU,Overnights visitors (tourists),Thousands,2013,
VANUATU,Same-day visitors (excursionists),Thousands,2013,
"VENEZUELA, BOLIVARIAN REPUBLIC OF",Total trips,Thousands,2013,
"VENEZUELA, BOLIVARIAN REPUBLIC OF",Overnights visitors (tourists),Thousands,2013,
"VENEZUELA, BOLIVARIAN REPUBLIC OF",Same-day visitors (excursionists),Thousands,2013,
VIET NAM,Total trips,Thousands,2013,
VIET NAM,Overnights visitors (tourists),Thousands,2013,
VIET NAM,Same-day visitors (excursionists),Thousands,2013,
YEMEN,Total trips,Thousands,2013,
YEMEN,Overnights visitors (tourists),Thousands,2013,
YEMEN,Same-day visitors (excursionists),Thousands,2013,
ZAMBIA,Total trips,Thousands,2013,
ZAMBIA,Overnights visitors (tourists),Thousands,2013,
ZAMBIA,Same-day visitors (excursionists),Thousands,2013,
ZIMBABWE,Total trips,Thousands,2013,
ZIMBABWE,Overnights visitors (tourists),Thousands,2013,
ZIMBABWE,Same-day visitors (excursionists),Thousands,2013,
AFGHANISTAN,Total trips,Thousands,2014,
AFGHANISTAN,Overnights visitors (tourists),Thousands,2014,
AFGHANISTAN,Same-day visitors (excursionists),Thousands,2014,
ALBANIA,Total trips,Thousands,2014,
ALBANIA,Overnights visitors (tourists),Thousands,2014,
ALBANIA,Same-day visitors (excursionists),Thousands,2014,
ALGERIA,Total trips,Thousands,2014,
ALGERIA,Overnights visitors (tourists),Thousands,2014,
ALGERIA,Same-day visitors (excursionists),Thousands,2014,
AMERICAN SAMOA,Total trips,Thousands,2014,
AMERICAN SAMOA,Overnights visitors (tourists),Thousands,2014,
AMERICAN SAMOA,Same-day visitors (excursionists),Thousands,2014,
ANDORRA,Total trips,Thousands,2014,
ANDORRA,Overnights visitors (tourists),Thousands,2014,
ANDORRA,Same-day visitors (excursionists),Thousands,2014,
ANGOLA,Total trips,Thousands,2014,
ANGOLA,Overnights visitors (tourists),Thousands,2014,
ANGOLA,Same-day visitors (excursionists),Thousands,2014,
ANGUILLA,Total trips,Thousands,2014,
ANGUILLA,Overnights visitors (tourists),Thousands,2014,
ANGUILLA,Same-day visitors (excursionists),Thousands,2014,
ANTIGUA AND BARBUDA,Total trips,Thousands,2014,
ANTIGUA AND BARBUDA,Overnights visitors (tourists),Thousands,2014,
ANTIGUA AND BARBUDA,Same-day visitors (excursionists),Thousands,2014,
ARGENTINA,Total trips,Thousands,2014,
ARGENTINA,Overnights visitors (tourists),Thousands,2014,
ARGENTINA,Same-day visitors (excursionists),Thousands,2014,
ARMENIA,Total trips,Thousands,2014,
ARMENIA,Overnights visitors (tourists),Thousands,2014,860.0
ARMENIA,Same-day visitors (excursionists),Thousands,2014,
ARUBA,Total trips,Thousands,2014,
ARUBA,Overnights visitors (tourists),Thousands,2014,
ARUBA,Same-day visitors (excursionists),Thousands,2014,
AUSTRALIA,Total trips,Thousands,2014,
AUSTRALIA,Overnights visitors (tourists),Thousands,2014,
AUSTRALIA,Same-day visitors (excursionists),Thousands,2014,
AUSTRIA,Total trips,Thousands,2014,
AUSTRIA,Overnights visitors (tourists),Thousands,2014,
AUSTRIA,Same-day visitors (excursionists),Thousands,2014,
AZERBAIJAN,Total trips,Thousands,2014,
AZERBAIJAN,Overnights visitors (tourists),Thousands,2014,
AZERBAIJAN,Same-day visitors (excursionists),Thousands,2014,
BAHAMAS,Total trips,Thousands,2014,
BAHAMAS,Overnights visitors (tourists),Thousands,2014,
BAHAMAS,Same-day visitors (excursionists),Thousands,2014,
BAHRAIN,Total trips,Thousands,2014,
BAHRAIN,Overnights visitors (tourists),Thousands,2014,
BAHRAIN,Same-day visitors (excursionists),Thousands,2014,
BANGLADESH,Total trips,Thousands,2014,
BANGLADESH,Overnights visitors (tourists),Thousands,2014,
BANGLADESH,Same-day visitors (excursionists),Thousands,2014,
BARBADOS,Total trips,Thousands,2014,
BARBADOS,Overnights visitors (tourists),Thousands,2014,
BARBADOS,Same-day visitors (excursionists),Thousands,2014,
BELARUS,Total trips,Thousands,2014,
BELARUS,Overnights visitors (tourists),Thousands,2014,
BELARUS,Same-day visitors (excursionists),Thousands,2014,647.0
BELGIUM,Total trips,Thousands,2014,
BELGIUM,Overnights visitors (tourists),Thousands,2014,
BELGIUM,Same-day visitors (excursionists),Thousands,2014,
BELIZE,Total trips,Thousands,2014,
BELIZE,Overnights visitors (tourists),Thousands,2014,
BELIZE,Same-day visitors (excursionists),Thousands,2014,
BENIN,Total trips,Thousands,2014,
BENIN,Overnights visitors (tourists),Thousands,2014,
BENIN,Same-day visitors (excursionists),Thousands,2014,
BERMUDA,Total trips,Thousands,2014,
BERMUDA,Overnights visitors (tourists),Thousands,2014,
BERMUDA,Same-day visitors (excursionists),Thousands,2014,
BHUTAN,Total trips,Thousands,2014,
BHUTAN,Overnights visitors (tourists),Thousands,2014,
BHUTAN,Same-day visitors (excursionists),Thousands,2014,
"BOLIVIA, PLURINATIONAL STATE OF",Total trips,Thousands,2014,
"BOLIVIA, PLURINATIONAL STATE OF",Overnights visitors (tourists),Thousands,2014,
"BOLIVIA, PLURINATIONAL STATE OF",Same-day visitors (excursionists),Thousands,2014,
BONAIRE,Total trips,Thousands,2014,
BONAIRE,Overnights visitors (tourists),Thousands,2014,
BONAIRE,Same-day visitors (excursionists),Thousands,2014,
BOSNIA AND HERZEGOVINA,Total trips,Thousands,2014,
BOSNIA AND HERZEGOVINA,Overnights visitors (tourists),Thousands,2014,
BOSNIA AND HERZEGOVINA,Same-day visitors (excursionists),Thousands,2014,
BOTSWANA,Total trips,Thousands,2014,
BOTSWANA,Overnights visitors (tourists),Thousands,2014,
BOTSWANA,Same-day visitors (excursionists),Thousands,2014,
BRAZIL,Total trips,Thousands,2014,
BRAZIL,Overnights visitors (tourists),Thousands,2014,
BRAZIL,Same-day visitors (excursionists),Thousands,2014,
BRITISH VIRGIN ISLANDS,Total trips,Thousands,2014,
BRITISH VIRGIN ISLANDS,Overnights visitors (tourists),Thousands,2014,
BRITISH VIRGIN ISLANDS,Same-day visitors (excursionists),Thousands,2014,
BRUNEI DARUSSALAM,Total trips,Thousands,2014,
BRUNEI DARUSSALAM,Overnights visitors (tourists),Thousands,2014,
BRUNEI DARUSSALAM,Same-day visitors (excursionists),Thousands,2014,
BULGARIA,Total trips,Thousands,2014,
BULGARIA,Overnights visitors (tourists),Thousands,2014,
BULGARIA,Same-day visitors (excursionists),Thousands,2014,
BURKINA FASO,Total trips,Thousands,2014,
BURKINA FASO,Overnights visitors (tourists),Thousands,2014,
BURKINA FASO,Same-day visitors (excursionists),Thousands,2014,
BURUNDI,Total trips,Thousands,2014,
BURUNDI,Overnights visitors (tourists),Thousands,2014,
BURUNDI,Same-day visitors (excursionists),Thousands,2014,
CABO VERDE,Total trips,Thousands,2014,
CABO VERDE,Overnights visitors (tourists),Thousands,2014,
CABO VERDE,Same-day visitors (excursionists),Thousands,2014,
CAMBODIA,Total trips,Thousands,2014,
CAMBODIA,Overnights visitors (tourists),Thousands,2014,
CAMBODIA,Same-day visitors (excursionists),Thousands,2014,
CAMEROON,Total trips,Thousands,2014,
CAMEROON,Overnights visitors (tourists),Thousands,2014,
CAMEROON,Same-day visitors (excursionists),Thousands,2014,
CANADA,Total trips,Thousands,2014,
CANADA,Overnights visitors (tourists),Thousands,2014,
CANADA,Same-day visitors (excursionists),Thousands,2014,
CAYMAN ISLANDS,Total trips,Thousands,2014,
CAYMAN ISLANDS,Overnights visitors (tourists),Thousands,2014,
CAYMAN ISLANDS,Same-day visitors (excursionists),Thousands,2014,
CENTRAL AFRICAN REPUBLIC,Total trips,Thousands,2014,
CENTRAL AFRICAN REPUBLIC,Overnights visitors (tourists),Thousands,2014,
CENTRAL AFRICAN REPUBLIC,Same-day visitors (excursionists),Thousands,2014,
CHAD,Total trips,Thousands,2014,
CHAD,Overnights visitors (tourists),Thousands,2014,
CHAD,Same-day visitors (excursionists),Thousands,2014,
CHILE,Total trips,Thousands,2014,
CHILE,Overnights visitors (tourists),Thousands,2014,
CHILE,Same-day visitors (excursionists),Thousands,2014,
CHINA,Total trips,Thousands,2014,
CHINA,Overnights visitors (tourists),Thousands,2014,
CHINA,Same-day visitors (excursionists),Thousands,2014,
COLOMBIA,Total trips,Thousands,2014,
COLOMBIA,Overnights visitors (tourists),Thousands,2014,
COLOMBIA,Same-day visitors (excursionists),Thousands,2014,
COMOROS,Total trips,Thousands,2014,
COMOROS,Overnights visitors (tourists),Thousands,2014,
COMOROS,Same-day visitors (excursionists),Thousands,2014,
CONGO,Total trips,Thousands,2014,
CONGO,Overnights visitors (tourists),Thousands,2014,
CONGO,Same-day visitors (excursionists),Thousands,2014,
"CONGO, DEMOCRATIC REPUBLIC OF THE",Total trips,Thousands,2014,
"CONGO, DEMOCRATIC REPUBLIC OF THE",Overnights visitors (tourists),Thousands,2014,574.0
"CONGO, DEMOCRATIC REPUBLIC OF THE",Same-day visitors (excursionists),Thousands,2014,
COOK ISLANDS,Total trips,Thousands,2014,
COOK ISLANDS,Overnights visitors (tourists),Thousands,2014,
COOK ISLANDS,Same-day visitors (excursionists),Thousands,2014,
COSTA RICA,Total trips,Thousands,2014,
COSTA RICA,Overnights visitors (tourists),Thousands,2014,
COSTA RICA,Same-day visitors (excursionists),Thousands,2014,
COTE D´IVOIRE,Total trips,Thousands,2014,
COTE D´IVOIRE,Overnights visitors (tourists),Thousands,2014,
COTE D´IVOIRE,Same-day visitors (excursionists),Thousands,2014,
CROATIA,Total trips,Thousands,2014,
CROATIA,Overnights visitors (tourists),Thousands,2014,
CROATIA,Same-day visitors (excursionists),Thousands,2014,
CUBA,Total trips,Thousands,2014,
CUBA,Overnights visitors (tourists),Thousands,2014,
CUBA,Same-day visitors (excursionists),Thousands,2014,
CURAÇAO,Total trips,Thousands,2014,
CURAÇAO,Overnights visitors (tourists),Thousands,2014,
CURAÇAO,Same-day visitors (excursionists),Thousands,2014,
CYPRUS,Total trips,Thousands,2014,
CYPRUS,Overnights visitors (tourists),Thousands,2014,
CYPRUS,Same-day visitors (excursionists),Thousands,2014,
CZECH REPUBLIC (CZECHIA),Total trips,Thousands,2014,
CZECH REPUBLIC (CZECHIA),Overnights visitors (tourists),Thousands,2014,
CZECH REPUBLIC (CZECHIA),Same-day visitors (excursionists),Thousands,2014,
DENMARK,Total trips,Thousands,2014,
DENMARK,Overnights visitors (tourists),Thousands,2014,
DENMARK,Same-day visitors (excursionists),Thousands,2014,
DJIBOUTI,Total trips,Thousands,2014,
DJIBOUTI,Overnights visitors (tourists),Thousands,2014,
DJIBOUTI,Same-day visitors (excursionists),Thousands,2014,
DOMINICA,Total trips,Thousands,2014,
DOMINICA,Overnights visitors (tourists),Thousands,2014,
DOMINICA,Same-day visitors (excursionists),Thousands,2014,
DOMINICAN REPUBLIC,Total trips,Thousands,2014,
DOMINICAN REPUBLIC,Overnights visitors (tourists),Thousands,2014,
DOMINICAN REPUBLIC,Same-day visitors (excursionists),Thousands,2014,
ECUADOR,Total trips,Thousands,2014,
ECUADOR,Overnights visitors (tourists),Thousands,2014,
ECUADOR,Same-day visitors (excursionists),Thousands,2014,
EGYPT,Total trips,Thousands,2014,
EGYPT,Overnights visitors (tourists),Thousands,2014,
EGYPT,Same-day visitors (excursionists),Thousands,2014,
EL SALVADOR,Total trips,Thousands,2014,
EL SALVADOR,Overnights visitors (tourists),Thousands,2014,
EL SALVADOR,Same-day visitors (excursionists),Thousands,2014,
EQUATORIAL GUINEA,Total trips,Thousands,2014,
EQUATORIAL GUINEA,Overnights visitors (tourists),Thousands,2014,
EQUATORIAL GUINEA,Same-day visitors (excursionists),Thousands,2014,
ERITREA,Total trips,Thousands,2014,
ERITREA,Overnights visitors (tourists),Thousands,2014,
ERITREA,Same-day visitors (excursionists),Thousands,2014,
ESTONIA,Total trips,Thousands,2014,
ESTONIA,Overnights visitors (tourists),Thousands,2014,
ESTONIA,Same-day visitors (excursionists),Thousands,2014,
ESWATINI,Total trips,Thousands,2014,222.0
ESWATINI,Overnights visitors (tourists),Thousands,2014,111.0
ESWATINI,Same-day visitors (excursionists),Thousands,2014,111.0
ETHIOPIA,Total trips,Thousands,2014,
ETHIOPIA,Overnights visitors (tourists),Thousands,2014,
ETHIOPIA,Same-day visitors (excursionists),Thousands,2014,
FIJI,Total trips,Thousands,2014,
FIJI,Overnights visitors (tourists),Thousands,2014,
FIJI,Same-day visitors (excursionists),Thousands,2014,
FINLAND,Total trips,Thousands,2014,
FINLAND,Overnights visitors (tourists),Thousands,2014,
FINLAND,Same-day visitors (excursionists),Thousands,2014,
FRANCE,Total trips,Thousands,2014,
FRANCE,Overnights visitors (tourists),Thousands,2014,
FRANCE,Same-day visitors (excursionists),Thousands,2014,
FRENCH GUIANA,Total trips,Thousands,2014,
FRENCH GUIANA,Overnights visitors (tourists),Thousands,2014,
FRENCH GUIANA,Same-day visitors (excursionists),Thousands,2014,
FRENCH POLYNESIA,Total trips,Thousands,2014,
FRENCH POLYNESIA,Overnights visitors (tourists),Thousands,2014,
FRENCH POLYNESIA,Same-day visitors (excursionists),Thousands,2014,
GABON,Total trips,Thousands,2014,
GABON,Overnights visitors (tourists),Thousands,2014,
GABON,Same-day visitors (excursionists),Thousands,2014,
GAMBIA,Total trips,Thousands,2014,
GAMBIA,Overnights visitors (tourists),Thousands,2014,
GAMBIA,Same-day visitors (excursionists),Thousands,2014,
GEORGIA,Total trips,Thousands,2014,
GEORGIA,Overnights visitors (tourists),Thousands,2014,
GEORGIA,Same-day visitors (excursionists),Thousands,2014,
GERMANY,Total trips,Thousands,2014,
GERMANY,Overnights visitors (tourists),Thousands,2014,
GERMANY,Same-day visitors (excursionists),Thousands,2014,
GHANA,Total trips,Thousands,2014,
GHANA,Overnights visitors (tourists),Thousands,2014,
GHANA,Same-day visitors (excursionists),Thousands,2014,
GREECE,Total trips,Thousands,2014,
GREECE,Overnights visitors (tourists),Thousands,2014,
GREECE,Same-day visitors (excursionists),Thousands,2014,
GRENADA,Total trips,Thousands,2014,
GRENADA,Overnights visitors (tourists),Thousands,2014,
GRENADA,Same-day visitors (excursionists),Thousands,2014,
GUADELOUPE,Total trips,Thousands,2014,
GUADELOUPE,Overnights visitors (tourists),Thousands,2014,
GUADELOUPE,Same-day visitors (excursionists),Thousands,2014,
GUAM,Total trips,Thousands,2014,
GUAM,Overnights visitors (tourists),Thousands,2014,
GUAM,Same-day visitors (excursionists),Thousands,2014,
GUATEMALA,Total trips,Thousands,2014,
GUATEMALA,Overnights visitors (tourists),Thousands,2014,
GUATEMALA,Same-day visitors (excursionists),Thousands,2014,
GUINEA,Total trips,Thousands,2014,
GUINEA,Overnights visitors (tourists),Thousands,2014,
GUINEA,Same-day visitors (excursionists),Thousands,2014,
GUINEA-BISSAU,Total trips,Thousands,2014,
GUINEA-BISSAU,Overnights visitors (tourists),Thousands,2014,
GUINEA-BISSAU,Same-day visitors (excursionists),Thousands,2014,
GUYANA,Total trips,Thousands,2014,
GUYANA,Overnights visitors (tourists),Thousands,2014,
GUYANA,Same-day visitors (excursionists),Thousands,2014,
HAITI,Total trips,Thousands,2014,
HAITI,Overnights visitors (tourists),Thousands,2014,
HAITI,Same-day visitors (excursionists),Thousands,2014,
HONDURAS,Total trips,Thousands,2014,
HONDURAS,Overnights visitors (tourists),Thousands,2014,
HONDURAS,Same-day visitors (excursionists),Thousands,2014,
"HONG KONG, CHINA",Total trips,Thousands,2014,
"HONG KONG, CHINA",Overnights visitors (tourists),Thousands,2014,
"HONG KONG, CHINA",Same-day visitors (excursionists),Thousands,2014,
HUNGARY,Total trips,Thousands,2014,
HUNGARY,Overnights visitors (tourists),Thousands,2014,
HUNGARY,Same-day visitors (excursionists),Thousands,2014,
ICELAND,Total trips,Thousands,2014,
ICELAND,Overnights visitors (tourists),Thousands,2014,
ICELAND,Same-day visitors (excursionists),Thousands,2014,
INDIA,Total trips,Thousands,2014,
INDIA,Overnights visitors (tourists),Thousands,2014,
INDIA,Same-day visitors (excursionists),Thousands,2014,
INDONESIA,Total trips,Thousands,2014,
INDONESIA,Overnights visitors (tourists),Thousands,2014,
INDONESIA,Same-day visitors (excursionists),Thousands,2014,
"IRAN, ISLAMIC REPUBLIC OF",Total trips,Thousands,2014,
"IRAN, ISLAMIC REPUBLIC OF",Overnights visitors (tourists),Thousands,2014,
"IRAN, ISLAMIC REPUBLIC OF",Same-day visitors (excursionists),Thousands,2014,
IRAQ,Total trips,Thousands,2014,
IRAQ,Overnights visitors (tourists),Thousands,2014,
IRAQ,Same-day visitors (excursionists),Thousands,2014,
IRELAND,Total trips,Thousands,2014,
IRELAND,Overnights visitors (tourists),Thousands,2014,
IRELAND,Same-day visitors (excursionists),Thousands,2014,
ISRAEL,Total trips,Thousands,2014,
ISRAEL,Overnights visitors (tourists),Thousands,2014,
ISRAEL,Same-day visitors (excursionists),Thousands,2014,
ITALY,Total trips,Thousands,2014,
ITALY,Overnights visitors (tourists),Thousands,2014,
ITALY,Same-day visitors (excursionists),Thousands,2014,
JAMAICA,Total trips,Thousands,2014,
JAMAICA,Overnights visitors (tourists),Thousands,2014,
JAMAICA,Same-day visitors (excursionists),Thousands,2014,
JAPAN,Total trips,Thousands,2014,
JAPAN,Overnights visitors (tourists),Thousands,2014,
JAPAN,Same-day visitors (excursionists),Thousands,2014,
JORDAN,Total trips,Thousands,2014,
JORDAN,Overnights visitors (tourists),Thousands,2014,
JORDAN,Same-day visitors (excursionists),Thousands,2014,
KAZAKHSTAN,Total trips,Thousands,2014,
KAZAKHSTAN,Overnights visitors (tourists),Thousands,2014,
KAZAKHSTAN,Same-day visitors (excursionists),Thousands,2014,828.0
KENYA,Total trips,Thousands,2014,
KENYA,Overnights visitors (tourists),Thousands,2014,
KENYA,Same-day visitors (excursionists),Thousands,2014,
KIRIBATI,Total trips,Thousands,2014,
KIRIBATI,Overnights visitors (tourists),Thousands,2014,
KIRIBATI,Same-day visitors (excursionists),Thousands,2014,
"KOREA, DEMOCRATIC PEOPLE´S REPUBLIC OF",Total trips,Thousands,2014,
"KOREA, DEMOCRATIC PEOPLE´S REPUBLIC OF",Overnights visitors (tourists),Thousands,2014,
"KOREA, DEMOCRATIC PEOPLE´S REPUBLIC OF",Same-day visitors (excursionists),Thousands,2014,
"KOREA, REPUBLIC OF",Total trips,Thousands,2014,
"KOREA, REPUBLIC OF",Overnights visitors (tourists),Thousands,2014,
"KOREA, REPUBLIC OF",Same-day visitors (excursionists),Thousands,2014,
KUWAIT,Total trips,Thousands,2014,
KUWAIT,Overnights visitors (tourists),Thousands,2014,
KUWAIT,Same-day visitors (excursionists),Thousands,2014,
KYRGYZSTAN,Total trips,Thousands,2014,
KYRGYZSTAN,Overnights visitors (tourists),Thousands,2014,
KYRGYZSTAN,Same-day visitors (excursionists),Thousands,2014,
LAO PEOPLE´S DEMOCRATIC REPUBLIC,Total trips,Thousands,2014,
LAO PEOPLE´S DEMOCRATIC REPUBLIC,Overnights visitors (tourists),Thousands,2014,
LAO PEOPLE´S DEMOCRATIC REPUBLIC,Same-day visitors (excursionists),Thousands,2014,
LATVIA,Total trips,Thousands,2014,
LATVIA,Overnights visitors (tourists),Thousands,2014,
LATVIA,Same-day visitors (excursionists),Thousands,2014,
LEBANON,Total trips,Thousands,2014,
LEBANON,Overnights visitors (tourists),Thousands,2014,
LEBANON,Same-day visitors (excursionists),Thousands,2014,
LESOTHO,Total trips,Thousands,2014,
LESOTHO,Overnights visitors (tourists),Thousands,2014,
LESOTHO,Same-day visitors (excursionists),Thousands,2014,
LIBERIA,Total trips,Thousands,2014,
LIBERIA,Overnights visitors (tourists),Thousands,2014,
LIBERIA,Same-day visitors (excursionists),Thousands,2014,
LIBYA,Total trips,Thousands,2014,
LIBYA,Overnights visitors (tourists),Thousands,2014,
LIBYA,Same-day visitors (excursionists),Thousands,2014,
LIECHTENSTEIN,Total trips,Thousands,2014,
LIECHTENSTEIN,Overnights visitors (tourists),Thousands,2014,
LIECHTENSTEIN,Same-day visitors (excursionists),Thousands,2014,
LITHUANIA,Total trips,Thousands,2014,
LITHUANIA,Overnights visitors (tourists),Thousands,2014,
LITHUANIA,Same-day visitors (excursionists),Thousands,2014,
LUXEMBOURG,Total trips,Thousands,2014,
LUXEMBOURG,Overnights visitors (tourists),Thousands,2014,104.0
LUXEMBOURG,Same-day visitors (excursionists),Thousands,2014,
"MACAO, CHINA",Total trips,Thousands,2014,
"MACAO, CHINA",Overnights visitors (tourists),Thousands,2014,
"MACAO, CHINA",Same-day visitors (excursionists),Thousands,2014,
MADAGASCAR,Total trips,Thousands,2014,
MADAGASCAR,Overnights visitors (tourists),Thousands,2014,
MADAGASCAR,Same-day visitors (excursionists),Thousands,2014,
MALAWI,Total trips,Thousands,2014,
MALAWI,Overnights visitors (tourists),Thousands,2014,
MALAWI,Same-day visitors (excursionists),Thousands,2014,
MALAYSIA,Total trips,Thousands,2014,
MALAYSIA,Overnights visitors (tourists),Thousands,2014,
MALAYSIA,Same-day visitors (excursionists),Thousands,2014,
MALDIVES,Total trips,Thousands,2014,
MALDIVES,Overnights visitors (tourists),Thousands,2014,
MALDIVES,Same-day visitors (excursionists),Thousands,2014,
MALI,Total trips,Thousands,2014,
MALI,Overnights visitors (tourists),Thousands,2014,23.0
MALI,Same-day visitors (excursionists),Thousands,2014,
MALTA,Total trips,Thousands,2014,
MALTA,Overnights visitors (tourists),Thousands,2014,200.0
MALTA,Same-day visitors (excursionists),Thousands,2014,
MARSHALL ISLANDS,Total trips,Thousands,2014,
MARSHALL ISLANDS,Overnights visitors (tourists),Thousands,2014,
MARSHALL ISLANDS,Same-day visitors (excursionists),Thousands,2014,
MARTINIQUE,Total trips,Thousands,2014,
MARTINIQUE,Overnights visitors (tourists),Thousands,2014,
MARTINIQUE,Same-day visitors (excursionists),Thousands,2014,
MAURITANIA,Total trips,Thousands,2014,
MAURITANIA,Overnights visitors (tourists),Thousands,2014,
MAURITANIA,Same-day visitors (excursionists),Thousands,2014,
MAURITIUS,Total trips,Thousands,2014,
MAURITIUS,Overnights visitors (tourists),Thousands,2014,
MAURITIUS,Same-day visitors (excursionists),Thousands,2014,
MEXICO,Total trips,Thousands,2014,
MEXICO,Overnights visitors (tourists),Thousands,2014,
MEXICO,Same-day visitors (excursionists),Thousands,2014,
"MICRONESIA, FEDERATED STATES OF",Total trips,Thousands,2014,
"MICRONESIA, FEDERATED STATES OF",Overnights visitors (tourists),Thousands,2014,
"MICRONESIA, FEDERATED STATES OF",Same-day visitors (excursionists),Thousands,2014,
"MOLDOVA, REPUBLIC OF",Total trips,Thousands,2014,43.0
"MOLDOVA, REPUBLIC OF",Overnights visitors (tourists),Thousands,2014,27.0
"MOLDOVA, REPUBLIC OF",Same-day visitors (excursionists),Thousands,2014,16.0
MONACO,Total trips,Thousands,2014,
MONACO,Overnights visitors (tourists),Thousands,2014,
MONACO,Same-day visitors (excursionists),Thousands,2014,
MONGOLIA,Total trips,Thousands,2014,
MONGOLIA,Overnights visitors (tourists),Thousands,2014,
MONGOLIA,Same-day visitors (excursionists),Thousands,2014,
MONTENEGRO,Total trips,Thousands,2014,
MONTENEGRO,Overnights visitors (tourists),Thousands,2014,
MONTENEGRO,Same-day visitors (excursionists),Thousands,2014,
MONTSERRAT,Total trips,Thousands,2014,
MONTSERRAT,Overnights visitors (tourists),Thousands,2014,
MONTSERRAT,Same-day visitors (excursionists),Thousands,2014,
MOROCCO,Total trips,Thousands,2014,
MOROCCO,Overnights visitors (tourists),Thousands,2014,
MOROCCO,Same-day visitors (excursionists),Thousands,2014,
MOZAMBIQUE,Total trips,Thousands,2014,
MOZAMBIQUE,Overnights visitors (tourists),Thousands,2014,
MOZAMBIQUE,Same-day visitors (excursionists),Thousands,2014,
MYANMAR,Total trips,Thousands,2014,
MYANMAR,Overnights visitors (tourists),Thousands,2014,
MYANMAR,Same-day visitors (excursionists),Thousands,2014,
NAMIBIA,Total trips,Thousands,2014,
NAMIBIA,Overnights visitors (tourists),Thousands,2014,
NAMIBIA,Same-day visitors (excursionists),Thousands,2014,
NAURU,Total trips,Thousands,2014,
NAURU,Overnights visitors (tourists),Thousands,2014,
NAURU,Same-day visitors (excursionists),Thousands,2014,
NEPAL,Total trips,Thousands,2014,
NEPAL,Overnights visitors (tourists),Thousands,2014,
NEPAL,Same-day visitors (excursionists),Thousands,2014,
NETHERLANDS,Total trips,Thousands,2014,
NETHERLANDS,Overnights visitors (tourists),Thousands,2014,
NETHERLANDS,Same-day visitors (excursionists),Thousands,2014,
NEW CALEDONIA,Total trips,Thousands,2014,
NEW CALEDONIA,Overnights visitors (tourists),Thousands,2014,
NEW CALEDONIA,Same-day visitors (excursionists),Thousands,2014,
NEW ZEALAND,Total trips,Thousands,2014,
NEW ZEALAND,Overnights visitors (tourists),Thousands,2014,
NEW ZEALAND,Same-day visitors (excursionists),Thousands,2014,
NICARAGUA,Total trips,Thousands,2014,
NICARAGUA,Overnights visitors (tourists),Thousands,2014,
NICARAGUA,Same-day visitors (excursionists),Thousands,2014,
NIGER,Total trips,Thousands,2014,
NIGER,Overnights visitors (tourists),Thousands,2014,
NIGER,Same-day visitors (excursionists),Thousands,2014,
NIGERIA,Total trips,Thousands,2014,
NIGERIA,Overnights visitors (tourists),Thousands,2014,
NIGERIA,Same-day visitors (excursionists),Thousands,2014,
NIUE,Total trips,Thousands,2014,
NIUE,Overnights visitors (tourists),Thousands,2014,
NIUE,Same-day visitors (excursionists),Thousands,2014,
NORTH MACEDONIA,Total trips,Thousands,2014,
NORTH MACEDONIA,Overnights visitors (tourists),Thousands,2014,
NORTH MACEDONIA,Same-day visitors (excursionists),Thousands,2014,
NORTHERN MARIANA ISLANDS,Total trips,Thousands,2014,
NORTHERN MARIANA ISLANDS,Overnights visitors (tourists),Thousands,2014,
NORTHERN MARIANA ISLANDS,Same-day visitors (excursionists),Thousands,2014,
NORWAY,Total trips,Thousands,2014,
NORWAY,Overnights visitors (tourists),Thousands,2014,
NORWAY,Same-day visitors (excursionists),Thousands,2014,
OMAN,Total trips,Thousands,2014,
OMAN,Overnights visitors (tourists),Thousands,2014,
OMAN,Same-day visitors (excursionists),Thousands,2014,
PAKISTAN,Total trips,Thousands,2014,
PAKISTAN,Overnights visitors (tourists),Thousands,2014,
PAKISTAN,Same-day visitors (excursionists),Thousands,2014,
PALAU,Total trips,Thousands,2014,
PALAU,Overnights visitors (tourists),Thousands,2014,
PALAU,Same-day visitors (excursionists),Thousands,2014,
PANAMA,Total trips,Thousands,2014,
PANAMA,Overnights visitors (tourists),Thousands,2014,
PANAMA,Same-day visitors (excursionists),Thousands,2014,
PAPUA NEW GUINEA,Total trips,Thousands,2014,
PAPUA NEW GUINEA,Overnights visitors (tourists),Thousands,2014,
PAPUA NEW GUINEA,Same-day visitors (excursionists),Thousands,2014,
PARAGUAY,Total trips,Thousands,2014,
PARAGUAY,Overnights visitors (tourists),Thousands,2014,
PARAGUAY,Same-day visitors (excursionists),Thousands,2014,
PERU,Total trips,Thousands,2014,
PERU,Overnights visitors (tourists),Thousands,2014,
PERU,Same-day visitors (excursionists),Thousands,2014,
PHILIPPINES,Total trips,Thousands,2014,
PHILIPPINES,Overnights visitors (tourists),Thousands,2014,
PHILIPPINES,Same-day visitors (excursionists),Thousands,2014,
POLAND,Total trips,Thousands,2014,
POLAND,Overnights visitors (tourists),Thousands,2014,
POLAND,Same-day visitors (excursionists),Thousands,2014,
PORTUGAL,Total trips,Thousands,2014,
PORTUGAL,Overnights visitors (tourists),Thousands,2014,
PORTUGAL,Same-day visitors (excursionists),Thousands,2014,
PUERTO RICO,Total trips,Thousands,2014,
PUERTO RICO,Overnights visitors (tourists),Thousands,2014,
PUERTO RICO,Same-day visitors (excursionists),Thousands,2014,
QATAR,Total trips,Thousands,2014,
QATAR,Overnights visitors (tourists),Thousands,2014,
QATAR,Same-day visitors (excursionists),Thousands,2014,
REUNION,Total trips,Thousands,2014,
REUNION,Overnights visitors (tourists),Thousands,2014,
REUNION,Same-day visitors (excursionists),Thousands,2014,
ROMANIA,Total trips,Thousands,2014,
ROMANIA,Overnights visitors (tourists),Thousands,2014,
ROMANIA,Same-day visitors (excursionists),Thousands,2014,
RUSSIAN FEDERATION,Total trips,Thousands,2014,
RUSSIAN FEDERATION,Overnights visitors (tourists),Thousands,2014,
RUSSIAN FEDERATION,Same-day visitors (excursionists),Thousands,2014,
RWANDA,Total trips,Thousands,2014,
RWANDA,Overnights visitors (tourists),Thousands,2014,
RWANDA,Same-day visitors (excursionists),Thousands,2014,
SABA,Total trips,Thousands,2014,
SABA,Overnights visitors (tourists),Thousands,2014,
SABA,Same-day visitors (excursionists),Thousands,2014,
SAINT KITTS AND NEVIS,Total trips,Thousands,2014,
SAINT KITTS AND NEVIS,Overnights visitors (tourists),Thousands,2014,
SAINT KITTS AND NEVIS,Same-day visitors (excursionists),Thousands,2014,
SAINT LUCIA,Total trips,Thousands,2014,
SAINT LUCIA,Overnights visitors (tourists),Thousands,2014,
SAINT LUCIA,Same-day visitors (excursionists),Thousands,2014,
SAINT VINCENT AND THE GRENADINES,Total trips,Thousands,2014,
SAINT VINCENT AND THE GRENADINES,Overnights visitors (tourists),Thousands,2014,
SAINT VINCENT AND THE GRENADINES,Same-day visitors (excursionists),Thousands,2014,
SAMOA,Total trips,Thousands,2014,
SAMOA,Overnights visitors (tourists),Thousands,2014,
SAMOA,Same-day visitors (excursionists),Thousands,2014,
SAN MARINO,Total trips,Thousands,2014,
SAN MARINO,Overnights visitors (tourists),Thousands,2014,
SAN MARINO,Same-day visitors (excursionists),Thousands,2014,
SAO TOME AND PRINCIPE,Total trips,Thousands,2014,
SAO TOME AND PRINCIPE,Overnights visitors (tourists),Thousands,2014,
SAO TOME AND PRINCIPE,Same-day visitors (excursionists),Thousands,2014,
SAUDI ARABIA,Total trips,Thousands,2014,
SAUDI ARABIA,Overnights visitors (tourists),Thousands,2014,
SAUDI ARABIA,Same-day visitors (excursionists),Thousands,2014,
SENEGAL,Total trips,Thousands,2014,
SENEGAL,Overnights visitors (tourists),Thousands,2014,308.0
SENEGAL,Same-day visitors (excursionists),Thousands,2014,
SERBIA,Total trips,Thousands,2014,
SERBIA,Overnights visitors (tourists),Thousands,2014,
SERBIA,Same-day visitors (excursionists),Thousands,2014,
SERBIA AND MONTENEGRO,Total trips,Thousands,2014,
SERBIA AND MONTENEGRO,Overnights visitors (tourists),Thousands,2014,
SERBIA AND MONTENEGRO,Same-day visitors (excursionists),Thousands,2014,
SEYCHELLES,Total trips,Thousands,2014,
SEYCHELLES,Overnights visitors (tourists),Thousands,2014,
SEYCHELLES,Same-day visitors (excursionists),Thousands,2014,
SIERRA LEONE,Total trips,Thousands,2014,
SIERRA LEONE,Overnights visitors (tourists),Thousands,2014,
SIERRA LEONE,Same-day visitors (excursionists),Thousands,2014,
SINGAPORE,Total trips,Thousands,2014,
SINGAPORE,Overnights visitors (tourists),Thousands,2014,
SINGAPORE,Same-day visitors (excursionists),Thousands,2014,
SINT EUSTATIUS,Total trips,Thousands,2014,
SINT EUSTATIUS,Overnights visitors (tourists),Thousands,2014,
SINT EUSTATIUS,Same-day visitors (excursionists),Thousands,2014,
SINT MAARTEN (DUTCH PART),Total trips,Thousands,2014,
SINT MAARTEN (DUTCH PART),Overnights visitors (tourists),Thousands,2014,
SINT MAARTEN (DUTCH PART),Same-day visitors (excursionists),Thousands,2014,
SLOVAKIA,Total trips,Thousands,2014,
SLOVAKIA,Overnights visitors (tourists),Thousands,2014,
SLOVAKIA,Same-day visitors (excursionists),Thousands,2014,
SLOVENIA,Total trips,Thousands,2014,
SLOVENIA,Overnights visitors (tourists),Thousands,2014,
SLOVENIA,Same-day visitors (excursionists),Thousands,2014,
SOLOMON ISLANDS,Total trips,Thousands,2014,
SOLOMON ISLANDS,Overnights visitors (tourists),Thousands,2014,
SOLOMON ISLANDS,Same-day visitors (excursionists),Thousands,2014,
SOMALIA,Total trips,Thousands,2014,
SOMALIA,Overnights visitors (tourists),Thousands,2014,
SOMALIA,Same-day visitors (excursionists),Thousands,2014,
SOUTH AFRICA,Total trips,Thousands,2014,
SOUTH AFRICA,Overnights visitors (tourists),Thousands,2014,
SOUTH AFRICA,Same-day visitors (excursionists),Thousands,2014,
SOUTH SUDAN,Total trips,Thousands,2014,
SOUTH SUDAN,Overnights visitors (tourists),Thousands,2014,
SOUTH SUDAN,Same-day visitors (excursionists),Thousands,2014,
SPAIN,Total trips,Thousands,2014,
SPAIN,Overnights visitors (tourists),Thousands,2014,
SPAIN,Same-day visitors (excursionists),Thousands,2014,
SRI LANKA,Total trips,Thousands,2014,
SRI LANKA,Overnights visitors (tourists),Thousands,2014,
SRI LANKA,Same-day visitors (excursionists),Thousands,2014,
STATE OF PALESTINE,Total trips,Thousands,2014,
STATE OF PALESTINE,Overnights visitors (tourists),Thousands,2014,
STATE OF PALESTINE,Same-day visitors (excursionists),Thousands,2014,
SUDAN,Total trips,Thousands,2014,
SUDAN,Overnights visitors (tourists),Thousands,2014,
SUDAN,Same-day visitors (excursionists),Thousands,2014,
SURINAME,Total trips,Thousands,2014,
SURINAME,Overnights visitors (tourists),Thousands,2014,
SURINAME,Same-day visitors (excursionists),Thousands,2014,
SWEDEN,Total trips,Thousands,2014,
SWEDEN,Overnights visitors (tourists),Thousands,2014,
SWEDEN,Same-day visitors (excursionists),Thousands,2014,
SWITZERLAND,Total trips,Thousands,2014,
SWITZERLAND,Overnights visitors (tourists),Thousands,2014,
SWITZERLAND,Same-day visitors (excursionists),Thousands,2014,
SYRIAN ARAB REPUBLIC,Total trips,Thousands,2014,
SYRIAN ARAB REPUBLIC,Overnights visitors (tourists),Thousands,2014,
SYRIAN ARAB REPUBLIC,Same-day visitors (excursionists),Thousands,2014,
TAIWAN PROVINCE OF CHINA,Total trips,Thousands,2014,
TAIWAN PROVINCE OF CHINA,Overnights visitors (tourists),Thousands,2014,
TAIWAN PROVINCE OF CHINA,Same-day visitors (excursionists),Thousands,2014,
TAJIKISTAN,Total trips,Thousands,2014,36.0
TAJIKISTAN,Overnights visitors (tourists),Thousands,2014,24.0
TAJIKISTAN,Same-day visitors (excursionists),Thousands,2014,12.0
"TANZANIA, UNITED REPUBLIC OF",Total trips,Thousands,2014,
"TANZANIA, UNITED REPUBLIC OF",Overnights visitors (tourists),Thousands,2014,
"TANZANIA, UNITED REPUBLIC OF",Same-day visitors (excursionists),Thousands,2014,
THAILAND,Total trips,Thousands,2014,
THAILAND,Overnights visitors (tourists),Thousands,2014,
THAILAND,Same-day visitors (excursionists),Thousands,2014,
TIMOR-LESTE,Total trips,Thousands,2014,
TIMOR-LESTE,Overnights visitors (tourists),Thousands,2014,
TIMOR-LESTE,Same-day visitors (excursionists),Thousands,2014,
TOGO,Total trips,Thousands,2014,
TOGO,Overnights visitors (tourists),Thousands,2014,
TOGO,Same-day visitors (excursionists),Thousands,2014,
TONGA,Total trips,Thousands,2014,
TONGA,Overnights visitors (tourists),Thousands,2014,
TONGA,Same-day visitors (excursionists),Thousands,2014,
TRINIDAD AND TOBAGO,Total trips,Thousands,2014,
TRINIDAD AND TOBAGO,Overnights visitors (tourists),Thousands,2014,
TRINIDAD AND TOBAGO,Same-day visitors (excursionists),Thousands,2014,
TUNISIA,Total trips,Thousands,2014,
TUNISIA,Overnights visitors (tourists),Thousands,2014,
TUNISIA,Same-day visitors (excursionists),Thousands,2014,
TÜRKIYE,Total trips,Thousands,2014,
TÜRKIYE,Overnights visitors (tourists),Thousands,2014,
TÜRKIYE,Same-day visitors (excursionists),Thousands,2014,
TURKMENISTAN,Total trips,Thousands,2014,
TURKMENISTAN,Overnights visitors (tourists),Thousands,2014,
TURKMENISTAN,Same-day visitors (excursionists),Thousands,2014,
TURKS AND CAICOS ISLANDS,Total trips,Thousands,2014,
TURKS AND CAICOS ISLANDS,Overnights visitors (tourists),Thousands,2014,
TURKS AND CAICOS ISLANDS,Same-day visitors (excursionists),Thousands,2014,
TUVALU,Total trips,Thousands,2014,
TUVALU,Overnights visitors (tourists),Thousands,2014,
TUVALU,Same-day visitors (excursionists),Thousands,2014,
UGANDA,Total trips,Thousands,2014,
UGANDA,Overnights visitors (tourists),Thousands,2014,
UGANDA,Same-day visitors (excursionists),Thousands,2014,
UKRAINE,Total trips,Thousands,2014,
UKRAINE,Overnights visitors (tourists),Thousands,2014,
UKRAINE,Same-day visitors (excursionists),Thousands,2014,
UNITED ARAB EMIRATES,Total trips,Thousands,2014,
UNITED ARAB EMIRATES,Overnights visitors (tourists),Thousands,2014,
UNITED ARAB EMIRATES,Same-day visitors (excursionists),Thousands,2014,
UNITED KINGDOM,Total trips,Thousands,2014,
UNITED KINGDOM,Overnights visitors (tourists),Thousands,2014,
UNITED KINGDOM,Same-day visitors (excursionists),Thousands,2014,
UNITED STATES OF AMERICA,Total trips,Thousands,2014,
UNITED STATES OF AMERICA,Overnights visitors (tourists),Thousands,2014,
UNITED STATES OF AMERICA,Same-day visitors (excursionists),Thousands,2014,
UNITED STATES VIRGIN ISLANDS,Total trips,Thousands,2014,
UNITED STATES VIRGIN ISLANDS,Overnights visitors (tourists),Thousands,2014,
UNITED STATES VIRGIN ISLANDS,Same-day visitors (excursionists),Thousands,2014,
URUGUAY,Total trips,Thousands,2014,
URUGUAY,Overnights visitors (tourists),Thousands,2014,
URUGUAY,Same-day visitors (excursionists),Thousands,2014,
UZBEKISTAN,Total trips,Thousands,2014,
UZBEKISTAN,Overnights visitors (tourists),Thousands,2014,
UZBEKISTAN,Same-day visitors (excursionists),Thousands,2014,
VANUATU,Total trips,Thousands,2014,
VANUATU,Overnights visitors (tourists),Thousands,2014,
VANUATU,Same-day visitors (excursionists),Thousands,2014,
"VENEZUELA, BOLIVARIAN REPUBLIC OF",Total trips,Thousands,2014,
"VENEZUELA, BOLIVARIAN REPUBLIC OF",Overnights visitors (tourists),Thousands,2014,
"VENEZUELA, BOLIVARIAN REPUBLIC OF",Same-day visitors (excursionists),Thousands,2014,
VIET NAM,Total trips,Thousands,2014,
VIET NAM,Overnights visitors (tourists),Thousands,2014,
VIET NAM,Same-day visitors (excursionists),Thousands,2014,
YEMEN,Total trips,Thousands,2014,
YEMEN,Overnights visitors (tourists),Thousands,2014,
YEMEN,Same-day visitors (excursionists),Thousands,2014,
ZAMBIA,Total trips,Thousands,2014,
ZAMBIA,Overnights visitors (tourists),Thousands,2014,
ZAMBIA,Same-day visitors (excursionists),Thousands,2014,
ZIMBABWE,Total trips,Thousands,2014,
ZIMBABWE,Overnights visitors (tourists),Thousands,2014,
ZIMBABWE,Same-day visitors (excursionists),Thousands,2014,
AFGHANISTAN,Total trips,Thousands,2015,
AFGHANISTAN,Overnights visitors (tourists),Thousands,2015,
AFGHANISTAN,Same-day visitors (excursionists),Thousands,2015,
ALBANIA,Total trips,Thousands,2015,
ALBANIA,Overnights visitors (tourists),Thousands,2015,
ALBANIA,Same-day visitors (excursionists),Thousands,2015,
ALGERIA,Total trips,Thousands,2015,
ALGERIA,Overnights visitors (tourists),Thousands,2015,
ALGERIA,Same-day visitors (excursionists),Thousands,2015,
AMERICAN SAMOA,Total trips,Thousands,2015,
AMERICAN SAMOA,Overnights visitors (tourists),Thousands,2015,
AMERICAN SAMOA,Same-day visitors (excursionists),Thousands,2015,
ANDORRA,Total trips,Thousands,2015,
ANDORRA,Overnights visitors (tourists),Thousands,2015,
ANDORRA,Same-day visitors (excursionists),Thousands,2015,
ANGOLA,Total trips,Thousands,2015,
ANGOLA,Overnights visitors (tourists),Thousands,2015,
ANGOLA,Same-day visitors (excursionists),Thousands,2015,
ANGUILLA,Total trips,Thousands,2015,
ANGUILLA,Overnights visitors (tourists),Thousands,2015,
ANGUILLA,Same-day visitors (excursionists),Thousands,2015,
ANTIGUA AND BARBUDA,Total trips,Thousands,2015,
ANTIGUA AND BARBUDA,Overnights visitors (tourists),Thousands,2015,
ANTIGUA AND BARBUDA,Same-day visitors (excursionists),Thousands,2015,
ARGENTINA,Total trips,Thousands,2015,
ARGENTINA,Overnights visitors (tourists),Thousands,2015,
ARGENTINA,Same-day visitors (excursionists),Thousands,2015,
ARMENIA,Total trips,Thousands,2015,
ARMENIA,Overnights visitors (tourists),Thousands,2015,871.0
ARMENIA,Same-day visitors (excursionists),Thousands,2015,
ARUBA,Total trips,Thousands,2015,
ARUBA,Overnights visitors (tourists),Thousands,2015,
ARUBA,Same-day visitors (excursionists),Thousands,2015,
AUSTRALIA,Total trips,Thousands,2015,
AUSTRALIA,Overnights visitors (tourists),Thousands,2015,
AUSTRALIA,Same-day visitors (excursionists),Thousands,2015,
AUSTRIA,Total trips,Thousands,2015,
AUSTRIA,Overnights visitors (tourists),Thousands,2015,
AUSTRIA,Same-day visitors (excursionists),Thousands,2015,
AZERBAIJAN,Total trips,Thousands,2015,
AZERBAIJAN,Overnights visitors (tourists),Thousands,2015,
AZERBAIJAN,Same-day visitors (excursionists),Thousands,2015,
BAHAMAS,Total trips,Thousands,2015,
BAHAMAS,Overnights visitors (tourists),Thousands,2015,
BAHAMAS,Same-day visitors (excursionists),Thousands,2015,
BAHRAIN,Total trips,Thousands,2015,
BAHRAIN,Overnights visitors (tourists),Thousands,2015,
BAHRAIN,Same-day visitors (excursionists),Thousands,2015,
BANGLADESH,Total trips,Thousands,2015,
BANGLADESH,Overnights visitors (tourists),Thousands,2015,
BANGLADESH,Same-day visitors (excursionists),Thousands,2015,
BARBADOS,Total trips,Thousands,2015,
BARBADOS,Overnights visitors (tourists),Thousands,2015,
BARBADOS,Same-day visitors (excursionists),Thousands,2015,
BELARUS,Total trips,Thousands,2015,
BELARUS,Overnights visitors (tourists),Thousands,2015,
BELARUS,Same-day visitors (excursionists),Thousands,2015,745.0
BELGIUM,Total trips,Thousands,2015,
BELGIUM,Overnights visitors (tourists),Thousands,2015,
BELGIUM,Same-day visitors (excursionists),Thousands,2015,
BELIZE,Total trips,Thousands,2015,
BELIZE,Overnights visitors (tourists),Thousands,2015,
BELIZE,Same-day visitors (excursionists),Thousands,2015,
BENIN,Total trips,Thousands,2015,
BENIN,Overnights visitors (tourists),Thousands,2015,
BENIN,Same-day visitors (excursionists),Thousands,2015,
BERMUDA,Total trips,Thousands,2015,
BERMUDA,Overnights visitors (tourists),Thousands,2015,
BERMUDA,Same-day visitors (excursionists),Thousands,2015,
BHUTAN,Total trips,Thousands,2015,
BHUTAN,Overnights visitors (tourists),Thousands,2015,
BHUTAN,Same-day visitors (excursionists),Thousands,2015,
"BOLIVIA, PLURINATIONAL STATE OF",Total trips,Thousands,2015,
"BOLIVIA, PLURINATIONAL STATE OF",Overnights visitors (tourists),Thousands,2015,
"BOLIVIA, PLURINATIONAL STATE OF",Same-day visitors (excursionists),Thousands,2015,
BONAIRE,Total trips,Thousands,2015,
BONAIRE,Overnights visitors (tourists),Thousands,2015,
BONAIRE,Same-day visitors (excursionists),Thousands,2015,
BOSNIA AND HERZEGOVINA,Total trips,Thousands,2015,
BOSNIA AND HERZEGOVINA,Overnights visitors (tourists),Thousands,2015,
BOSNIA AND HERZEGOVINA,Same-day visitors (excursionists),Thousands,2015,
BOTSWANA,Total trips,Thousands,2015,
BOTSWANA,Overnights visitors (tourists),Thousands,2015,
BOTSWANA,Same-day visitors (excursionists),Thousands,2015,
BRAZIL,Total trips,Thousands,2015,
BRAZIL,Overnights visitors (tourists),Thousands,2015,
BRAZIL,Same-day visitors (excursionists),Thousands,2015,
BRITISH VIRGIN ISLANDS,Total trips,Thousands,2015,
BRITISH VIRGIN ISLANDS,Overnights visitors (tourists),Thousands,2015,
BRITISH VIRGIN ISLANDS,Same-day visitors (excursionists),Thousands,2015,
BRUNEI DARUSSALAM,Total trips,Thousands,2015,
BRUNEI DARUSSALAM,Overnights visitors (tourists),Thousands,2015,
BRUNEI DARUSSALAM,Same-day visitors (excursionists),Thousands,2015,
BULGARIA,Total trips,Thousands,2015,
BULGARIA,Overnights visitors (tourists),Thousands,2015,
BULGARIA,Same-day visitors (excursionists),Thousands,2015,
BURKINA FASO,Total trips,Thousands,2015,
BURKINA FASO,Overnights visitors (tourists),Thousands,2015,
BURKINA FASO,Same-day visitors (excursionists),Thousands,2015,
BURUNDI,Total trips,Thousands,2015,
BURUNDI,Overnights visitors (tourists),Thousands,2015,
BURUNDI,Same-day visitors (excursionists),Thousands,2015,
CABO VERDE,Total trips,Thousands,2015,
CABO VERDE,Overnights visitors (tourists),Thousands,2015,
CABO VERDE,Same-day visitors (excursionists),Thousands,2015,
CAMBODIA,Total trips,Thousands,2015,
CAMBODIA,Overnights visitors (tourists),Thousands,2015,
CAMBODIA,Same-day visitors (excursionists),Thousands,2015,
CAMEROON,Total trips,Thousands,2015,
CAMEROON,Overnights visitors (tourists),Thousands,2015,
CAMEROON,Same-day visitors (excursionists),Thousands,2015,
CANADA,Total trips,Thousands,2015,
CANADA,Overnights visitors (tourists),Thousands,2015,
CANADA,Same-day visitors (excursionists),Thousands,2015,
CAYMAN ISLANDS,Total trips,Thousands,2015,
CAYMAN ISLANDS,Overnights visitors (tourists),Thousands,2015,
CAYMAN ISLANDS,Same-day visitors (excursionists),Thousands,2015,
CENTRAL AFRICAN REPUBLIC,Total trips,Thousands,2015,
CENTRAL AFRICAN REPUBLIC,Overnights visitors (tourists),Thousands,2015,
CENTRAL AFRICAN REPUBLIC,Same-day visitors (excursionists),Thousands,2015,
CHAD,Total trips,Thousands,2015,
CHAD,Overnights visitors (tourists),Thousands,2015,
CHAD,Same-day visitors (excursionists),Thousands,2015,
CHILE,Total trips,Thousands,2015,
CHILE,Overnights visitors (tourists),Thousands,2015,
CHILE,Same-day visitors (excursionists),Thousands,2015,
CHINA,Total trips,Thousands,2015,
CHINA,Overnights visitors (tourists),Thousands,2015,
CHINA,Same-day visitors (excursionists),Thousands,2015,
COLOMBIA,Total trips,Thousands,2015,
COLOMBIA,Overnights visitors (tourists),Thousands,2015,
COLOMBIA,Same-day visitors (excursionists),Thousands,2015,
COMOROS,Total trips,Thousands,2015,
COMOROS,Overnights visitors (tourists),Thousands,2015,
COMOROS,Same-day visitors (excursionists),Thousands,2015,
CONGO,Total trips,Thousands,2015,
CONGO,Overnights visitors (tourists),Thousands,2015,
CONGO,Same-day visitors (excursionists),Thousands,2015,
"CONGO, DEMOCRATIC REPUBLIC OF THE",Total trips,Thousands,2015,
"CONGO, DEMOCRATIC REPUBLIC OF THE",Overnights visitors (tourists),Thousands,2015,530.0
"CONGO, DEMOCRATIC REPUBLIC OF THE",Same-day visitors (excursionists),Thousands,2015,
COOK ISLANDS,Total trips,Thousands,2015,
COOK ISLANDS,Overnights visitors (tourists),Thousands,2015,
COOK ISLANDS,Same-day visitors (excursionists),Thousands,2015,
COSTA RICA,Total trips,Thousands,2015,
COSTA RICA,Overnights visitors (tourists),Thousands,2015,
COSTA RICA,Same-day visitors (excursionists),Thousands,2015,
COTE D´IVOIRE,Total trips,Thousands,2015,
COTE D´IVOIRE,Overnights visitors (tourists),Thousands,2015,
COTE D´IVOIRE,Same-day visitors (excursionists),Thousands,2015,
CROATIA,Total trips,Thousands,2015,
CROATIA,Overnights visitors (tourists),Thousands,2015,
CROATIA,Same-day visitors (excursionists),Thousands,2015,
CUBA,Total trips,Thousands,2015,
CUBA,Overnights visitors (tourists),Thousands,2015,
CUBA,Same-day visitors (excursionists),Thousands,2015,
CURAÇAO,Total trips,Thousands,2015,
CURAÇAO,Overnights visitors (tourists),Thousands,2015,
CURAÇAO,Same-day visitors (excursionists),Thousands,2015,
CYPRUS,Total trips,Thousands,2015,
CYPRUS,Overnights visitors (tourists),Thousands,2015,
CYPRUS,Same-day visitors (excursionists),Thousands,2015,
CZECH REPUBLIC (CZECHIA),Total trips,Thousands,2015,
CZECH REPUBLIC (CZECHIA),Overnights visitors (tourists),Thousands,2015,
CZECH REPUBLIC (CZECHIA),Same-day visitors (excursionists),Thousands,2015,
DENMARK,Total trips,Thousands,2015,
DENMARK,Overnights visitors (tourists),Thousands,2015,
DENMARK,Same-day visitors (excursionists),Thousands,2015,
DJIBOUTI,Total trips,Thousands,2015,
DJIBOUTI,Overnights visitors (tourists),Thousands,2015,
DJIBOUTI,Same-day visitors (excursionists),Thousands,2015,
DOMINICA,Total trips,Thousands,2015,
DOMINICA,Overnights visitors (tourists),Thousands,2015,
DOMINICA,Same-day visitors (excursionists),Thousands,2015,
DOMINICAN REPUBLIC,Total trips,Thousands,2015,
DOMINICAN REPUBLIC,Overnights visitors (tourists),Thousands,2015,
DOMINICAN REPUBLIC,Same-day visitors (excursionists),Thousands,2015,
ECUADOR,Total trips,Thousands,2015,
ECUADOR,Overnights visitors (tourists),Thousands,2015,
ECUADOR,Same-day visitors (excursionists),Thousands,2015,
EGYPT,Total trips,Thousands,2015,
EGYPT,Overnights visitors (tourists),Thousands,2015,
EGYPT,Same-day visitors (excursionists),Thousands,2015,
EL SALVADOR,Total trips,Thousands,2015,
EL SALVADOR,Overnights visitors (tourists),Thousands,2015,
EL SALVADOR,Same-day visitors (excursionists),Thousands,2015,
EQUATORIAL GUINEA,Total trips,Thousands,2015,
EQUATORIAL GUINEA,Overnights visitors (tourists),Thousands,2015,
EQUATORIAL GUINEA,Same-day visitors (excursionists),Thousands,2015,
ERITREA,Total trips,Thousands,2015,
ERITREA,Overnights visitors (tourists),Thousands,2015,
ERITREA,Same-day visitors (excursionists),Thousands,2015,
ESTONIA,Total trips,Thousands,2015,
ESTONIA,Overnights visitors (tourists),Thousands,2015,
ESTONIA,Same-day visitors (excursionists),Thousands,2015,
ESWATINI,Total trips,Thousands,2015,234.0
ESWATINI,Overnights visitors (tourists),Thousands,2015,115.0
ESWATINI,Same-day visitors (excursionists),Thousands,2015,119.0
ETHIOPIA,Total trips,Thousands,2015,
ETHIOPIA,Overnights visitors (tourists),Thousands,2015,
ETHIOPIA,Same-day visitors (excursionists),Thousands,2015,
FIJI,Total trips,Thousands,2015,
FIJI,Overnights visitors (tourists),Thousands,2015,
FIJI,Same-day visitors (excursionists),Thousands,2015,
FINLAND,Total trips,Thousands,2015,
FINLAND,Overnights visitors (tourists),Thousands,2015,
FINLAND,Same-day visitors (excursionists),Thousands,2015,
FRANCE,Total trips,Thousands,2015,
FRANCE,Overnights visitors (tourists),Thousands,2015,
FRANCE,Same-day visitors (excursionists),Thousands,2015,
FRENCH GUIANA,Total trips,Thousands,2015,
FRENCH GUIANA,Overnights visitors (tourists),Thousands,2015,
FRENCH GUIANA,Same-day visitors (excursionists),Thousands,2015,
FRENCH POLYNESIA,Total trips,Thousands,2015,
FRENCH POLYNESIA,Overnights visitors (tourists),Thousands,2015,
FRENCH POLYNESIA,Same-day visitors (excursionists),Thousands,2015,
GABON,Total trips,Thousands,2015,
GABON,Overnights visitors (tourists),Thousands,2015,
GABON,Same-day visitors (excursionists),Thousands,2015,
GAMBIA,Total trips,Thousands,2015,
GAMBIA,Overnights visitors (tourists),Thousands,2015,
GAMBIA,Same-day visitors (excursionists),Thousands,2015,
GEORGIA,Total trips,Thousands,2015,
GEORGIA,Overnights visitors (tourists),Thousands,2015,
GEORGIA,Same-day visitors (excursionists),Thousands,2015,
GERMANY,Total trips,Thousands,2015,
GERMANY,Overnights visitors (tourists),Thousands,2015,
GERMANY,Same-day visitors (excursionists),Thousands,2015,
GHANA,Total trips,Thousands,2015,540.0
GHANA,Overnights visitors (tourists),Thousands,2015,
GHANA,Same-day visitors (excursionists),Thousands,2015,
GREECE,Total trips,Thousands,2015,
GREECE,Overnights visitors (tourists),Thousands,2015,
GREECE,Same-day visitors (excursionists),Thousands,2015,
GRENADA,Total trips,Thousands,2015,
GRENADA,Overnights visitors (tourists),Thousands,2015,
GRENADA,Same-day visitors (excursionists),Thousands,2015,
GUADELOUPE,Total trips,Thousands,2015,
GUADELOUPE,Overnights visitors (tourists),Thousands,2015,
GUADELOUPE,Same-day visitors (excursionists),Thousands,2015,
GUAM,Total trips,Thousands,2015,
GUAM,Overnights visitors (tourists),Thousands,2015,
GUAM,Same-day visitors (excursionists),Thousands,2015,
GUATEMALA,Total trips,Thousands,2015,
GUATEMALA,Overnights visitors (tourists),Thousands,2015,
GUATEMALA,Same-day visitors (excursionists),Thousands,2015,
GUINEA,Total trips,Thousands,2015,
GUINEA,Overnights visitors (tourists),Thousands,2015,
GUINEA,Same-day visitors (excursionists),Thousands,2015,
GUINEA-BISSAU,Total trips,Thousands,2015,
GUINEA-BISSAU,Overnights visitors (tourists),Thousands,2015,
GUINEA-BISSAU,Same-day visitors (excursionists),Thousands,2015,
GUYANA,Total trips,Thousands,2015,
GUYANA,Overnights visitors (tourists),Thousands,2015,
GUYANA,Same-day visitors (excursionists),Thousands,2015,
HAITI,Total trips,Thousands,2015,
HAITI,Overnights visitors (tourists),Thousands,2015,
HAITI,Same-day visitors (excursionists),Thousands,2015,
HONDURAS,Total trips,Thousands,2015,
HONDURAS,Overnights visitors (tourists),Thousands,2015,
HONDURAS,Same-day visitors (excursionists),Thousands,2015,
"HONG KONG, CHINA",Total trips,Thousands,2015,
"HONG KONG, CHINA",Overnights visitors (tourists),Thousands,2015,
"HONG KONG, CHINA",Same-day visitors (excursionists),Thousands,2015,
HUNGARY,Total trips,Thousands,2015,
HUNGARY,Overnights visitors (tourists),Thousands,2015,
HUNGARY,Same-day visitors (excursionists),Thousands,2015,
ICELAND,Total trips,Thousands,2015,
ICELAND,Overnights visitors (tourists),Thousands,2015,
ICELAND,Same-day visitors (excursionists),Thousands,2015,
INDIA,Total trips,Thousands,2015,
INDIA,Overnights visitors (tourists),Thousands,2015,
INDIA,Same-day visitors (excursionists),Thousands,2015,
INDONESIA,Total trips,Thousands,2015,
INDONESIA,Overnights visitors (tourists),Thousands,2015,
INDONESIA,Same-day visitors (excursionists),Thousands,2015,
"IRAN, ISLAMIC REPUBLIC OF",Total trips,Thousands,2015,
"IRAN, ISLAMIC REPUBLIC OF",Overnights visitors (tourists),Thousands,2015,
"IRAN, ISLAMIC REPUBLIC OF",Same-day visitors (excursionists),Thousands,2015,
IRAQ,Total trips,Thousands,2015,
IRAQ,Overnights visitors (tourists),Thousands,2015,
IRAQ,Same-day visitors (excursionists),Thousands,2015,
IRELAND,Total trips,Thousands,2015,
IRELAND,Overnights visitors (tourists),Thousands,2015,
IRELAND,Same-day visitors (excursionists),Thousands,2015,
ISRAEL,Total trips,Thousands,2015,
ISRAEL,Overnights visitors (tourists),Thousands,2015,
ISRAEL,Same-day visitors (excursionists),Thousands,2015,
ITALY,Total trips,Thousands,2015,
ITALY,Overnights visitors (tourists),Thousands,2015,
ITALY,Same-day visitors (excursionists),Thousands,2015,
JAMAICA,Total trips,Thousands,2015,
JAMAICA,Overnights visitors (tourists),Thousands,2015,
JAMAICA,Same-day visitors (excursionists),Thousands,2015,
JAPAN,Total trips,Thousands,2015,
JAPAN,Overnights visitors (tourists),Thousands,2015,
JAPAN,Same-day visitors (excursionists),Thousands,2015,
JORDAN,Total trips,Thousands,2015,
JORDAN,Overnights visitors (tourists),Thousands,2015,
JORDAN,Same-day visitors (excursionists),Thousands,2015,
KAZAKHSTAN,Total trips,Thousands,2015,
KAZAKHSTAN,Overnights visitors (tourists),Thousands,2015,
KAZAKHSTAN,Same-day visitors (excursionists),Thousands,2015,
KENYA,Total trips,Thousands,2015,
KENYA,Overnights visitors (tourists),Thousands,2015,
KENYA,Same-day visitors (excursionists),Thousands,2015,
KIRIBATI,Total trips,Thousands,2015,
KIRIBATI,Overnights visitors (tourists),Thousands,2015,
KIRIBATI,Same-day visitors (excursionists),Thousands,2015,
"KOREA, DEMOCRATIC PEOPLE´S REPUBLIC OF",Total trips,Thousands,2015,
"KOREA, DEMOCRATIC PEOPLE´S REPUBLIC OF",Overnights visitors (tourists),Thousands,2015,
"KOREA, DEMOCRATIC PEOPLE´S REPUBLIC OF",Same-day visitors (excursionists),Thousands,2015,
"KOREA, REPUBLIC OF",Total trips,Thousands,2015,
"KOREA, REPUBLIC OF",Overnights visitors (tourists),Thousands,2015,
"KOREA, REPUBLIC OF",Same-day visitors (excursionists),Thousands,2015,
KUWAIT,Total trips,Thousands,2015,
KUWAIT,Overnights visitors (tourists),Thousands,2015,
KUWAIT,Same-day visitors (excursionists),Thousands,2015,
KYRGYZSTAN,Total trips,Thousands,2015,
KYRGYZSTAN,Overnights visitors (tourists),Thousands,2015,
KYRGYZSTAN,Same-day visitors (excursionists),Thousands,2015,
LAO PEOPLE´S DEMOCRATIC REPUBLIC,Total trips,Thousands,2015,
LAO PEOPLE´S DEMOCRATIC REPUBLIC,Overnights visitors (tourists),Thousands,2015,
LAO PEOPLE´S DEMOCRATIC REPUBLIC,Same-day visitors (excursionists),Thousands,2015,
LATVIA,Total trips,Thousands,2015,
LATVIA,Overnights visitors (tourists),Thousands,2015,
LATVIA,Same-day visitors (excursionists),Thousands,2015,
LEBANON,Total trips,Thousands,2015,
LEBANON,Overnights visitors (tourists),Thousands,2015,
LEBANON,Same-day visitors (excursionists),Thousands,2015,
LESOTHO,Total trips,Thousands,2015,
LESOTHO,Overnights visitors (tourists),Thousands,2015,
LESOTHO,Same-day visitors (excursionists),Thousands,2015,
LIBERIA,Total trips,Thousands,2015,
LIBERIA,Overnights visitors (tourists),Thousands,2015,
LIBERIA,Same-day visitors (excursionists),Thousands,2015,
LIBYA,Total trips,Thousands,2015,
LIBYA,Overnights visitors (tourists),Thousands,2015,
LIBYA,Same-day visitors (excursionists),Thousands,2015,
LIECHTENSTEIN,Total trips,Thousands,2015,
LIECHTENSTEIN,Overnights visitors (tourists),Thousands,2015,
LIECHTENSTEIN,Same-day visitors (excursionists),Thousands,2015,
LITHUANIA,Total trips,Thousands,2015,
LITHUANIA,Overnights visitors (tourists),Thousands,2015,
LITHUANIA,Same-day visitors (excursionists),Thousands,2015,
LUXEMBOURG,Total trips,Thousands,2015,
LUXEMBOURG,Overnights visitors (tourists),Thousands,2015,107.0
LUXEMBOURG,Same-day visitors (excursionists),Thousands,2015,
"MACAO, CHINA",Total trips,Thousands,2015,
"MACAO, CHINA",Overnights visitors (tourists),Thousands,2015,
"MACAO, CHINA",Same-day visitors (excursionists),Thousands,2015,
MADAGASCAR,Total trips,Thousands,2015,44.0
MADAGASCAR,Overnights visitors (tourists),Thousands,2015,7.0
MADAGASCAR,Same-day visitors (excursionists),Thousands,2015,37.0
MALAWI,Total trips,Thousands,2015,
MALAWI,Overnights visitors (tourists),Thousands,2015,
MALAWI,Same-day visitors (excursionists),Thousands,2015,
MALAYSIA,Total trips,Thousands,2015,
MALAYSIA,Overnights visitors (tourists),Thousands,2015,
MALAYSIA,Same-day visitors (excursionists),Thousands,2015,
MALDIVES,Total trips,Thousands,2015,
MALDIVES,Overnights visitors (tourists),Thousands,2015,
MALDIVES,Same-day visitors (excursionists),Thousands,2015,
MALI,Total trips,Thousands,2015,
MALI,Overnights visitors (tourists),Thousands,2015,31.0
MALI,Same-day visitors (excursionists),Thousands,2015,
MALTA,Total trips,Thousands,2015,
MALTA,Overnights visitors (tourists),Thousands,2015,204.0
MALTA,Same-day visitors (excursionists),Thousands,2015,
MARSHALL ISLANDS,Total trips,Thousands,2015,
MARSHALL ISLANDS,Overnights visitors (tourists),Thousands,2015,
MARSHALL ISLANDS,Same-day visitors (excursionists),Thousands,2015,
MARTINIQUE,Total trips,Thousands,2015,
MARTINIQUE,Overnights visitors (tourists),Thousands,2015,
MARTINIQUE,Same-day visitors (excursionists),Thousands,2015,
MAURITANIA,Total trips,Thousands,2015,
MAURITANIA,Overnights visitors (tourists),Thousands,2015,
MAURITANIA,Same-day visitors (excursionists),Thousands,2015,
MAURITIUS,Total trips,Thousands,2015,
MAURITIUS,Overnights visitors (tourists),Thousands,2015,
MAURITIUS,Same-day visitors (excursionists),Thousands,2015,
MEXICO,Total trips,Thousands,2015,
MEXICO,Overnights visitors (tourists),Thousands,2015,
MEXICO,Same-day visitors (excursionists),Thousands,2015,
"MICRONESIA, FEDERATED STATES OF",Total trips,Thousands,2015,
"MICRONESIA, FEDERATED STATES OF",Overnights visitors (tourists),Thousands,2015,
"MICRONESIA, FEDERATED STATES OF",Same-day visitors (excursionists),Thousands,2015,
"MOLDOVA, REPUBLIC OF",Total trips,Thousands,2015,37.0
"MOLDOVA, REPUBLIC OF",Overnights visitors (tourists),Thousands,2015,25.0
"MOLDOVA, REPUBLIC OF",Same-day visitors (excursionists),Thousands,2015,13.0
MONACO,Total trips,Thousands,2015,
MONACO,Overnights visitors (tourists),Thousands,2015,
MONACO,Same-day visitors (excursionists),Thousands,2015,
MONGOLIA,Total trips,Thousands,2015,
MONGOLIA,Overnights visitors (tourists),Thousands,2015,
MONGOLIA,Same-day visitors (excursionists),Thousands,2015,
MONTENEGRO,Total trips,Thousands,2015,
MONTENEGRO,Overnights visitors (tourists),Thousands,2015,
MONTENEGRO,Same-day visitors (excursionists),Thousands,2015,
MONTSERRAT,Total trips,Thousands,2015,
MONTSERRAT,Overnights visitors (tourists),Thousands,2015,
MONTSERRAT,Same-day visitors (excursionists),Thousands,2015,
MOROCCO,Total trips,Thousands,2015,
MOROCCO,Overnights visitors (tourists),Thousands,2015,
MOROCCO,Same-day visitors (excursionists),Thousands,2015,
MOZAMBIQUE,Total trips,Thousands,2015,
MOZAMBIQUE,Overnights visitors (tourists),Thousands,2015,
MOZAMBIQUE,Same-day visitors (excursionists),Thousands,2015,
MYANMAR,Total trips,Thousands,2015,
MYANMAR,Overnights visitors (tourists),Thousands,2015,
MYANMAR,Same-day visitors (excursionists),Thousands,2015,
NAMIBIA,Total trips,Thousands,2015,
NAMIBIA,Overnights visitors (tourists),Thousands,2015,
NAMIBIA,Same-day visitors (excursionists),Thousands,2015,
NAURU,Total trips,Thousands,2015,
NAURU,Overnights visitors (tourists),Thousands,2015,
NAURU,Same-day visitors (excursionists),Thousands,2015,
NEPAL,Total trips,Thousands,2015,
NEPAL,Overnights visitors (tourists),Thousands,2015,
NEPAL,Same-day visitors (excursionists),Thousands,2015,
NETHERLANDS,Total trips,Thousands,2015,
NETHERLANDS,Overnights visitors (tourists),Thousands,2015,
NETHERLANDS,Same-day visitors (excursionists),Thousands,2015,
NEW CALEDONIA,Total trips,Thousands,2015,
NEW CALEDONIA,Overnights visitors (tourists),Thousands,2015,
NEW CALEDONIA,Same-day visitors (excursionists),Thousands,2015,
NEW ZEALAND,Total trips,Thousands,2015,
NEW ZEALAND,Overnights visitors (tourists),Thousands,2015,
NEW ZEALAND,Same-day visitors (excursionists),Thousands,2015,
NICARAGUA,Total trips,Thousands,2015,
NICARAGUA,Overnights visitors (tourists),Thousands,2015,
NICARAGUA,Same-day visitors (excursionists),Thousands,2015,
NIGER,Total trips,Thousands,2015,
NIGER,Overnights visitors (tourists),Thousands,2015,
NIGER,Same-day visitors (excursionists),Thousands,2015,
NIGERIA,Total trips,Thousands,2015,
NIGERIA,Overnights visitors (tourists),Thousands,2015,
NIGERIA,Same-day visitors (excursionists),Thousands,2015,
NIUE,Total trips,Thousands,2015,
NIUE,Overnights visitors (tourists),Thousands,2015,
NIUE,Same-day visitors (excursionists),Thousands,2015,
NORTH MACEDONIA,Total trips,Thousands,2015,
NORTH MACEDONIA,Overnights visitors (tourists),Thousands,2015,
NORTH MACEDONIA,Same-day visitors (excursionists),Thousands,2015,
NORTHERN MARIANA ISLANDS,Total trips,Thousands,2015,
NORTHERN MARIANA ISLANDS,Overnights visitors (tourists),Thousands,2015,
NORTHERN MARIANA ISLANDS,Same-day visitors (excursionists),Thousands,2015,
NORWAY,Total trips,Thousands,2015,
NORWAY,Overnights visitors (tourists),Thousands,2015,
NORWAY,Same-day visitors (excursionists),Thousands,2015,
OMAN,Total trips,Thousands,2015,
OMAN,Overnights visitors (tourists),Thousands,2015,
OMAN,Same-day visitors (excursionists),Thousands,2015,
PAKISTAN,Total trips,Thousands,2015,
PAKISTAN,Overnights visitors (tourists),Thousands,2015,
PAKISTAN,Same-day visitors (excursionists),Thousands,2015,
PALAU,Total trips,Thousands,2015,
PALAU,Overnights visitors (tourists),Thousands,2015,
PALAU,Same-day visitors (excursionists),Thousands,2015,
PANAMA,Total trips,Thousands,2015,
PANAMA,Overnights visitors (tourists),Thousands,2015,
PANAMA,Same-day visitors (excursionists),Thousands,2015,
PAPUA NEW GUINEA,Total trips,Thousands,2015,
PAPUA NEW GUINEA,Overnights visitors (tourists),Thousands,2015,
PAPUA NEW GUINEA,Same-day visitors (excursionists),Thousands,2015,
PARAGUAY,Total trips,Thousands,2015,
PARAGUAY,Overnights visitors (tourists),Thousands,2015,
PARAGUAY,Same-day visitors (excursionists),Thousands,2015,
PERU,Total trips,Thousands,2015,
PERU,Overnights visitors (tourists),Thousands,2015,
PERU,Same-day visitors (excursionists),Thousands,2015,
PHILIPPINES,Total trips,Thousands,2015,
PHILIPPINES,Overnights visitors (tourists),Thousands,2015,
PHILIPPINES,Same-day visitors (excursionists),Thousands,2015,
POLAND,Total trips,Thousands,2015,
POLAND,Overnights visitors (tourists),Thousands,2015,
POLAND,Same-day visitors (excursionists),Thousands,2015,
PORTUGAL,Total trips,Thousands,2015,
PORTUGAL,Overnights visitors (tourists),Thousands,2015,
PORTUGAL,Same-day visitors (excursionists),Thousands,2015,
PUERTO RICO,Total trips,Thousands,2015,
PUERTO RICO,Overnights visitors (tourists),Thousands,2015,
PUERTO RICO,Same-day visitors (excursionists),Thousands,2015,
QATAR,Total trips,Thousands,2015,
QATAR,Overnights visitors (tourists),Thousands,2015,
QATAR,Same-day visitors (excursionists),Thousands,2015,
REUNION,Total trips,Thousands,2015,
REUNION,Overnights visitors (tourists),Thousands,2015,
REUNION,Same-day visitors (excursionists),Thousands,2015,
ROMANIA,Total trips,Thousands,2015,
ROMANIA,Overnights visitors (tourists),Thousands,2015,
ROMANIA,Same-day visitors (excursionists),Thousands,2015,
RUSSIAN FEDERATION,Total trips,Thousands,2015,
RUSSIAN FEDERATION,Overnights visitors (tourists),Thousands,2015,
RUSSIAN FEDERATION,Same-day visitors (excursionists),Thousands,2015,
RWANDA,Total trips,Thousands,2015,
RWANDA,Overnights visitors (tourists),Thousands,2015,
RWANDA,Same-day visitors (excursionists),Thousands,2015,
SABA,Total trips,Thousands,2015,
SABA,Overnights visitors (tourists),Thousands,2015,
SABA,Same-day visitors (excursionists),Thousands,2015,
SAINT KITTS AND NEVIS,Total trips,Thousands,2015,
SAINT KITTS AND NEVIS,Overnights visitors (tourists),Thousands,2015,
SAINT KITTS AND NEVIS,Same-day visitors (excursionists),Thousands,2015,
SAINT LUCIA,Total trips,Thousands,2015,
SAINT LUCIA,Overnights visitors (tourists),Thousands,2015,
SAINT LUCIA,Same-day visitors (excursionists),Thousands,2015,
SAINT VINCENT AND THE GRENADINES,Total trips,Thousands,2015,
SAINT VINCENT AND THE GRENADINES,Overnights visitors (tourists),Thousands,2015,
SAINT VINCENT AND THE GRENADINES,Same-day visitors (excursionists),Thousands,2015,
SAMOA,Total trips,Thousands,2015,
SAMOA,Overnights visitors (tourists),Thousands,2015,
SAMOA,Same-day visitors (excursionists),Thousands,2015,
SAN MARINO,Total trips,Thousands,2015,
SAN MARINO,Overnights visitors (tourists),Thousands,2015,
SAN MARINO,Same-day visitors (excursionists),Thousands,2015,
SAO TOME AND PRINCIPE,Total trips,Thousands,2015,
SAO TOME AND PRINCIPE,Overnights visitors (tourists),Thousands,2015,
SAO TOME AND PRINCIPE,Same-day visitors (excursionists),Thousands,2015,
SAUDI ARABIA,Total trips,Thousands,2015,
SAUDI ARABIA,Overnights visitors (tourists),Thousands,2015,
SAUDI ARABIA,Same-day visitors (excursionists),Thousands,2015,
SENEGAL,Total trips,Thousands,2015,
SENEGAL,Overnights visitors (tourists),Thousands,2015,396.0
SENEGAL,Same-day visitors (excursionists),Thousands,2015,
SERBIA,Total trips,Thousands,2015,
SERBIA,Overnights visitors (tourists),Thousands,2015,
SERBIA,Same-day visitors (excursionists),Thousands,2015,
SERBIA AND MONTENEGRO,Total trips,Thousands,2015,
SERBIA AND MONTENEGRO,Overnights visitors (tourists),Thousands,2015,
SERBIA AND MONTENEGRO,Same-day visitors (excursionists),Thousands,2015,
SEYCHELLES,Total trips,Thousands,2015,
SEYCHELLES,Overnights visitors (tourists),Thousands,2015,
SEYCHELLES,Same-day visitors (excursionists),Thousands,2015,
SIERRA LEONE,Total trips,Thousands,2015,
SIERRA LEONE,Overnights visitors (tourists),Thousands,2015,
SIERRA LEONE,Same-day visitors (excursionists),Thousands,2015,
SINGAPORE,Total trips,Thousands,2015,
SINGAPORE,Overnights visitors (tourists),Thousands,2015,
SINGAPORE,Same-day visitors (excursionists),Thousands,2015,
SINT EUSTATIUS,Total trips,Thousands,2015,
SINT EUSTATIUS,Overnights visitors (tourists),Thousands,2015,
SINT EUSTATIUS,Same-day visitors (excursionists),Thousands,2015,
SINT MAARTEN (DUTCH PART),Total trips,Thousands,2015,
SINT MAARTEN (DUTCH PART),Overnights visitors (tourists),Thousands,2015,
SINT MAARTEN (DUTCH PART),Same-day visitors (excursionists),Thousands,2015,
SLOVAKIA,Total trips,Thousands,2015,
SLOVAKIA,Overnights visitors (tourists),Thousands,2015,
SLOVAKIA,Same-day visitors (excursionists),Thousands,2015,
SLOVENIA,Total trips,Thousands,2015,
SLOVENIA,Overnights visitors (tourists),Thousands,2015,
SLOVENIA,Same-day visitors (excursionists),Thousands,2015,
SOLOMON ISLANDS,Total trips,Thousands,2015,
SOLOMON ISLANDS,Overnights visitors (tourists),Thousands,2015,
SOLOMON ISLANDS,Same-day visitors (excursionists),Thousands,2015,
SOMALIA,Total trips,Thousands,2015,
SOMALIA,Overnights visitors (tourists),Thousands,2015,
SOMALIA,Same-day visitors (excursionists),Thousands,2015,
SOUTH AFRICA,Total trips,Thousands,2015,
SOUTH AFRICA,Overnights visitors (tourists),Thousands,2015,
SOUTH AFRICA,Same-day visitors (excursionists),Thousands,2015,
SOUTH SUDAN,Total trips,Thousands,2015,
SOUTH SUDAN,Overnights visitors (tourists),Thousands,2015,
SOUTH SUDAN,Same-day visitors (excursionists),Thousands,2015,
SPAIN,Total trips,Thousands,2015,
SPAIN,Overnights visitors (tourists),Thousands,2015,
SPAIN,Same-day visitors (excursionists),Thousands,2015,
SRI LANKA,Total trips,Thousands,2015,
SRI LANKA,Overnights visitors (tourists),Thousands,2015,
SRI LANKA,Same-day visitors (excursionists),Thousands,2015,
STATE OF PALESTINE,Total trips,Thousands,2015,
STATE OF PALESTINE,Overnights visitors (tourists),Thousands,2015,
STATE OF PALESTINE,Same-day visitors (excursionists),Thousands,2015,
SUDAN,Total trips,Thousands,2015,
SUDAN,Overnights visitors (tourists),Thousands,2015,
SUDAN,Same-day visitors (excursionists),Thousands,2015,
SURINAME,Total trips,Thousands,2015,
SURINAME,Overnights visitors (tourists),Thousands,2015,
SURINAME,Same-day visitors (excursionists),Thousands,2015,
SWEDEN,Total trips,Thousands,2015,
SWEDEN,Overnights visitors (tourists),Thousands,2015,
SWEDEN,Same-day visitors (excursionists),Thousands,2015,
SWITZERLAND,Total trips,Thousands,2015,
SWITZERLAND,Overnights visitors (tourists),Thousands,2015,
SWITZERLAND,Same-day visitors (excursionists),Thousands,2015,
SYRIAN ARAB REPUBLIC,Total trips,Thousands,2015,
SYRIAN ARAB REPUBLIC,Overnights visitors (tourists),Thousands,2015,
SYRIAN ARAB REPUBLIC,Same-day visitors (excursionists),Thousands,2015,
TAIWAN PROVINCE OF CHINA,Total trips,Thousands,2015,
TAIWAN PROVINCE OF CHINA,Overnights visitors (tourists),Thousands,2015,
TAIWAN PROVINCE OF CHINA,Same-day visitors (excursionists),Thousands,2015,
TAJIKISTAN,Total trips,Thousands,2015,54.0
TAJIKISTAN,Overnights visitors (tourists),Thousands,2015,40.0
TAJIKISTAN,Same-day visitors (excursionists),Thousands,2015,14.0
"TANZANIA, UNITED REPUBLIC OF",Total trips,Thousands,2015,
"TANZANIA, UNITED REPUBLIC OF",Overnights visitors (tourists),Thousands,2015,
"TANZANIA, UNITED REPUBLIC OF",Same-day visitors (excursionists),Thousands,2015,
THAILAND,Total trips,Thousands,2015,
THAILAND,Overnights visitors (tourists),Thousands,2015,
THAILAND,Same-day visitors (excursionists),Thousands,2015,
TIMOR-LESTE,Total trips,Thousands,2015,
TIMOR-LESTE,Overnights visitors (tourists),Thousands,2015,
TIMOR-LESTE,Same-day visitors (excursionists),Thousands,2015,
TOGO,Total trips,Thousands,2015,
TOGO,Overnights visitors (tourists),Thousands,2015,
TOGO,Same-day visitors (excursionists),Thousands,2015,
TONGA,Total trips,Thousands,2015,
TONGA,Overnights visitors (tourists),Thousands,2015,
TONGA,Same-day visitors (excursionists),Thousands,2015,
TRINIDAD AND TOBAGO,Total trips,Thousands,2015,
TRINIDAD AND TOBAGO,Overnights visitors (tourists),Thousands,2015,
TRINIDAD AND TOBAGO,Same-day visitors (excursionists),Thousands,2015,
TUNISIA,Total trips,Thousands,2015,
TUNISIA,Overnights visitors (tourists),Thousands,2015,
TUNISIA,Same-day visitors (excursionists),Thousands,2015,
TÜRKIYE,Total trips,Thousands,2015,
TÜRKIYE,Overnights visitors (tourists),Thousands,2015,
TÜRKIYE,Same-day visitors (excursionists),Thousands,2015,
TURKMENISTAN,Total trips,Thousands,2015,
TURKMENISTAN,Overnights visitors (tourists),Thousands,2015,
TURKMENISTAN,Same-day visitors (excursionists),Thousands,2015,
TURKS AND CAICOS ISLANDS,Total trips,Thousands,2015,
TURKS AND CAICOS ISLANDS,Overnights visitors (tourists),Thousands,2015,
TURKS AND CAICOS ISLANDS,Same-day visitors (excursionists),Thousands,2015,
TUVALU,Total trips,Thousands,2015,
TUVALU,Overnights visitors (tourists),Thousands,2015,
TUVALU,Same-day visitors (excursionists),Thousands,2015,
UGANDA,Total trips,Thousands,2015,
UGANDA,Overnights visitors (tourists),Thousands,2015,
UGANDA,Same-day visitors (excursionists),Thousands,2015,
UKRAINE,Total trips,Thousands,2015,
UKRAINE,Overnights visitors (tourists),Thousands,2015,
UKRAINE,Same-day visitors (excursionists),Thousands,2015,
UNITED ARAB EMIRATES,Total trips,Thousands,2015,
UNITED ARAB EMIRATES,Overnights visitors (tourists),Thousands,2015,
UNITED ARAB EMIRATES,Same-day visitors (excursionists),Thousands,2015,
UNITED KINGDOM,Total trips,Thousands,2015,
UNITED KINGDOM,Overnights visitors (tourists),Thousands,2015,
UNITED KINGDOM,Same-day visitors (excursionists),Thousands,2015,
UNITED STATES OF AMERICA,Total trips,Thousands,2015,
UNITED STATES OF AMERICA,Overnights visitors (tourists),Thousands,2015,
UNITED STATES OF AMERICA,Same-day visitors (excursionists),Thousands,2015,
UNITED STATES VIRGIN ISLANDS,Total trips,Thousands,2015,
UNITED STATES VIRGIN ISLANDS,Overnights visitors (tourists),Thousands,2015,
UNITED STATES VIRGIN ISLANDS,Same-day visitors (excursionists),Thousands,2015,
URUGUAY,Total trips,Thousands,2015,
URUGUAY,Overnights visitors (tourists),Thousands,2015,
URUGUAY,Same-day visitors (excursionists),Thousands,2015,
UZBEKISTAN,Total trips,Thousands,2015,
UZBEKISTAN,Overnights visitors (tourists),Thousands,2015,
UZBEKISTAN,Same-day visitors (excursionists),Thousands,2015,
VANUATU,Total trips,Thousands,2015,
VANUATU,Overnights visitors (tourists),Thousands,2015,
VANUATU,Same-day visitors (excursionists),Thousands,2015,
"VENEZUELA, BOLIVARIAN REPUBLIC OF",Total trips,Thousands,2015,
"VENEZUELA, BOLIVARIAN REPUBLIC OF",Overnights visitors (tourists),Thousands,2015,
"VENEZUELA, BOLIVARIAN REPUBLIC OF",Same-day visitors (excursionists),Thousands,2015,
VIET NAM,Total trips,Thousands,2015,
VIET NAM,Overnights visitors (tourists),Thousands,2015,
VIET NAM,Same-day visitors (excursionists),Thousands,2015,
YEMEN,Total trips,Thousands,2015,
YEMEN,Overnights visitors (tourists),Thousands,2015,
YEMEN,Same-day visitors (excursionists),Thousands,2015,
ZAMBIA,Total trips,Thousands,2015,
ZAMBIA,Overnights visitors (tourists),Thousands,2015,
ZAMBIA,Same-day visitors (excursionists),Thousands,2015,
ZIMBABWE,Total trips,Thousands,2015,
ZIMBABWE,Overnights visitors (tourists),Thousands,2015,
ZIMBABWE,Same-day visitors (excursionists),Thousands,2015,
AFGHANISTAN,Total trips,Thousands,2016,
AFGHANISTAN,Overnights visitors (tourists),Thousands,2016,
AFGHANISTAN,Same-day visitors (excursionists),Thousands,2016,
ALBANIA,Total trips,Thousands,2016,
ALBANIA,Overnights visitors (tourists),Thousands,2016,
ALBANIA,Same-day visitors (excursionists),Thousands,2016,
ALGERIA,Total trips,Thousands,2016,
ALGERIA,Overnights visitors (tourists),Thousands,2016,
ALGERIA,Same-day visitors (excursionists),Thousands,2016,
AMERICAN SAMOA,Total trips,Thousands,2016,
AMERICAN SAMOA,Overnights visitors (tourists),Thousands,2016,
AMERICAN SAMOA,Same-day visitors (excursionists),Thousands,2016,
ANDORRA,Total trips,Thousands,2016,
ANDORRA,Overnights visitors (tourists),Thousands,2016,
ANDORRA,Same-day visitors (excursionists),Thousands,2016,
ANGOLA,Total trips,Thousands,2016,
ANGOLA,Overnights visitors (tourists),Thousands,2016,
ANGOLA,Same-day visitors (excursionists),Thousands,2016,
ANGUILLA,Total trips,Thousands,2016,
ANGUILLA,Overnights visitors (tourists),Thousands,2016,
ANGUILLA,Same-day visitors (excursionists),Thousands,2016,
ANTIGUA AND BARBUDA,Total trips,Thousands,2016,
ANTIGUA AND BARBUDA,Overnights visitors (tourists),Thousands,2016,
ANTIGUA AND BARBUDA,Same-day visitors (excursionists),Thousands,2016,
ARGENTINA,Total trips,Thousands,2016,
ARGENTINA,Overnights visitors (tourists),Thousands,2016,
ARGENTINA,Same-day visitors (excursionists),Thousands,2016,
ARMENIA,Total trips,Thousands,2016,
ARMENIA,Overnights visitors (tourists),Thousands,2016,980.0
ARMENIA,Same-day visitors (excursionists),Thousands,2016,
ARUBA,Total trips,Thousands,2016,
ARUBA,Overnights visitors (tourists),Thousands,2016,
ARUBA,Same-day visitors (excursionists),Thousands,2016,
AUSTRALIA,Total trips,Thousands,2016,
AUSTRALIA,Overnights visitors (tourists),Thousands,2016,
AUSTRALIA,Same-day visitors (excursionists),Thousands,2016,
AUSTRIA,Total trips,Thousands,2016,
AUSTRIA,Overnights visitors (tourists),Thousands,2016,
AUSTRIA,Same-day visitors (excursionists),Thousands,2016,
AZERBAIJAN,Total trips,Thousands,2016,
AZERBAIJAN,Overnights visitors (tourists),Thousands,2016,
AZERBAIJAN,Same-day visitors (excursionists),Thousands,2016,
BAHAMAS,Total trips,Thousands,2016,
BAHAMAS,Overnights visitors (tourists),Thousands,2016,
BAHAMAS,Same-day visitors (excursionists),Thousands,2016,
BAHRAIN,Total trips,Thousands,2016,
BAHRAIN,Overnights visitors (tourists),Thousands,2016,76.0
BAHRAIN,Same-day visitors (excursionists),Thousands,2016,
BANGLADESH,Total trips,Thousands,2016,
BANGLADESH,Overnights visitors (tourists),Thousands,2016,
BANGLADESH,Same-day visitors (excursionists),Thousands,2016,
BARBADOS,Total trips,Thousands,2016,
BARBADOS,Overnights visitors (tourists),Thousands,2016,
BARBADOS,Same-day visitors (excursionists),Thousands,2016,
BELARUS,Total trips,Thousands,2016,
BELARUS,Overnights visitors (tourists),Thousands,2016,
BELARUS,Same-day visitors (excursionists),Thousands,2016,918.0
BELGIUM,Total trips,Thousands,2016,
BELGIUM,Overnights visitors (tourists),Thousands,2016,
BELGIUM,Same-day visitors (excursionists),Thousands,2016,
BELIZE,Total trips,Thousands,2016,
BELIZE,Overnights visitors (tourists),Thousands,2016,
BELIZE,Same-day visitors (excursionists),Thousands,2016,
BENIN,Total trips,Thousands,2016,
BENIN,Overnights visitors (tourists),Thousands,2016,
BENIN,Same-day visitors (excursionists),Thousands,2016,
BERMUDA,Total trips,Thousands,2016,
BERMUDA,Overnights visitors (tourists),Thousands,2016,
BERMUDA,Same-day visitors (excursionists),Thousands,2016,
BHUTAN,Total trips,Thousands,2016,
BHUTAN,Overnights visitors (tourists),Thousands,2016,
BHUTAN,Same-day visitors (excursionists),Thousands,2016,
"BOLIVIA, PLURINATIONAL STATE OF",Total trips,Thousands,2016,
"BOLIVIA, PLURINATIONAL STATE OF",Overnights visitors (tourists),Thousands,2016,
"BOLIVIA, PLURINATIONAL STATE OF",Same-day visitors (excursionists),Thousands,2016,
BONAIRE,Total trips,Thousands,2016,
BONAIRE,Overnights visitors (tourists),Thousands,2016,
BONAIRE,Same-day visitors (excursionists),Thousands,2016,
BOSNIA AND HERZEGOVINA,Total trips,Thousands,2016,
BOSNIA AND HERZEGOVINA,Overnights visitors (tourists),Thousands,2016,
BOSNIA AND HERZEGOVINA,Same-day visitors (excursionists),Thousands,2016,
BOTSWANA,Total trips,Thousands,2016,
BOTSWANA,Overnights visitors (tourists),Thousands,2016,
BOTSWANA,Same-day visitors (excursionists),Thousands,2016,
BRAZIL,Total trips,Thousands,2016,
BRAZIL,Overnights visitors (tourists),Thousands,2016,
BRAZIL,Same-day visitors (excursionists),Thousands,2016,
BRITISH VIRGIN ISLANDS,Total trips,Thousands,2016,
BRITISH VIRGIN ISLANDS,Overnights visitors (tourists),Thousands,2016,
BRITISH VIRGIN ISLANDS,Same-day visitors (excursionists),Thousands,2016,
BRUNEI DARUSSALAM,Total trips,Thousands,2016,
BRUNEI DARUSSALAM,Overnights visitors (tourists),Thousands,2016,
BRUNEI DARUSSALAM,Same-day visitors (excursionists),Thousands,2016,
BULGARIA,Total trips,Thousands,2016,
BULGARIA,Overnights visitors (tourists),Thousands,2016,
BULGARIA,Same-day visitors (excursionists),Thousands,2016,
BURKINA FASO,Total trips,Thousands,2016,
BURKINA FASO,Overnights visitors (tourists),Thousands,2016,
BURKINA FASO,Same-day visitors (excursionists),Thousands,2016,
BURUNDI,Total trips,Thousands,2016,
BURUNDI,Overnights visitors (tourists),Thousands,2016,
BURUNDI,Same-day visitors (excursionists),Thousands,2016,
CABO VERDE,Total trips,Thousands,2016,
CABO VERDE,Overnights visitors (tourists),Thousands,2016,
CABO VERDE,Same-day visitors (excursionists),Thousands,2016,
CAMBODIA,Total trips,Thousands,2016,
CAMBODIA,Overnights visitors (tourists),Thousands,2016,
CAMBODIA,Same-day visitors (excursionists),Thousands,2016,
CAMEROON,Total trips,Thousands,2016,
CAMEROON,Overnights visitors (tourists),Thousands,2016,
CAMEROON,Same-day visitors (excursionists),Thousands,2016,
CANADA,Total trips,Thousands,2016,
CANADA,Overnights visitors (tourists),Thousands,2016,
CANADA,Same-day visitors (excursionists),Thousands,2016,
CAYMAN ISLANDS,Total trips,Thousands,2016,
CAYMAN ISLANDS,Overnights visitors (tourists),Thousands,2016,
CAYMAN ISLANDS,Same-day visitors (excursionists),Thousands,2016,
CENTRAL AFRICAN REPUBLIC,Total trips,Thousands,2016,
CENTRAL AFRICAN REPUBLIC,Overnights visitors (tourists),Thousands,2016,
CENTRAL AFRICAN REPUBLIC,Same-day visitors (excursionists),Thousands,2016,
CHAD,Total trips,Thousands,2016,
CHAD,Overnights visitors (tourists),Thousands,2016,
CHAD,Same-day visitors (excursionists),Thousands,2016,
CHILE,Total trips,Thousands,2016,
CHILE,Overnights visitors (tourists),Thousands,2016,
CHILE,Same-day visitors (excursionists),Thousands,2016,
CHINA,Total trips,Thousands,2016,
CHINA,Overnights visitors (tourists),Thousands,2016,
CHINA,Same-day visitors (excursionists),Thousands,2016,
COLOMBIA,Total trips,Thousands,2016,
COLOMBIA,Overnights visitors (tourists),Thousands,2016,
COLOMBIA,Same-day visitors (excursionists),Thousands,2016,
COMOROS,Total trips,Thousands,2016,
COMOROS,Overnights visitors (tourists),Thousands,2016,
COMOROS,Same-day visitors (excursionists),Thousands,2016,
CONGO,Total trips,Thousands,2016,
CONGO,Overnights visitors (tourists),Thousands,2016,
CONGO,Same-day visitors (excursionists),Thousands,2016,
"CONGO, DEMOCRATIC REPUBLIC OF THE",Total trips,Thousands,2016,
"CONGO, DEMOCRATIC REPUBLIC OF THE",Overnights visitors (tourists),Thousands,2016,
"CONGO, DEMOCRATIC REPUBLIC OF THE",Same-day visitors (excursionists),Thousands,2016,
COOK ISLANDS,Total trips,Thousands,2016,
COOK ISLANDS,Overnights visitors (tourists),Thousands,2016,
COOK ISLANDS,Same-day visitors (excursionists),Thousands,2016,
COSTA RICA,Total trips,Thousands,2016,
COSTA RICA,Overnights visitors (tourists),Thousands,2016,
COSTA RICA,Same-day visitors (excursionists),Thousands,2016,
COTE D´IVOIRE,Total trips,Thousands,2016,
COTE D´IVOIRE,Overnights visitors (tourists),Thousands,2016,
COTE D´IVOIRE,Same-day visitors (excursionists),Thousands,2016,
CROATIA,Total trips,Thousands,2016,
CROATIA,Overnights visitors (tourists),Thousands,2016,
CROATIA,Same-day visitors (excursionists),Thousands,2016,
CUBA,Total trips,Thousands,2016,
CUBA,Overnights visitors (tourists),Thousands,2016,
CUBA,Same-day visitors (excursionists),Thousands,2016,
CURAÇAO,Total trips,Thousands,2016,
CURAÇAO,Overnights visitors (tourists),Thousands,2016,
CURAÇAO,Same-day visitors (excursionists),Thousands,2016,
CYPRUS,Total trips,Thousands,2016,
CYPRUS,Overnights visitors (tourists),Thousands,2016,
CYPRUS,Same-day visitors (excursionists),Thousands,2016,
CZECH REPUBLIC (CZECHIA),Total trips,Thousands,2016,
CZECH REPUBLIC (CZECHIA),Overnights visitors (tourists),Thousands,2016,
CZECH REPUBLIC (CZECHIA),Same-day visitors (excursionists),Thousands,2016,
DENMARK,Total trips,Thousands,2016,
DENMARK,Overnights visitors (tourists),Thousands,2016,
DENMARK,Same-day visitors (excursionists),Thousands,2016,
DJIBOUTI,Total trips,Thousands,2016,
DJIBOUTI,Overnights visitors (tourists),Thousands,2016,
DJIBOUTI,Same-day visitors (excursionists),Thousands,2016,
DOMINICA,Total trips,Thousands,2016,
DOMINICA,Overnights visitors (tourists),Thousands,2016,
DOMINICA,Same-day visitors (excursionists),Thousands,2016,
DOMINICAN REPUBLIC,Total trips,Thousands,2016,
DOMINICAN REPUBLIC,Overnights visitors (tourists),Thousands,2016,
DOMINICAN REPUBLIC,Same-day visitors (excursionists),Thousands,2016,
ECUADOR,Total trips,Thousands,2016,
ECUADOR,Overnights visitors (tourists),Thousands,2016,
ECUADOR,Same-day visitors (excursionists),Thousands,2016,
EGYPT,Total trips,Thousands,2016,
EGYPT,Overnights visitors (tourists),Thousands,2016,
EGYPT,Same-day visitors (excursionists),Thousands,2016,
EL SALVADOR,Total trips,Thousands,2016,
EL SALVADOR,Overnights visitors (tourists),Thousands,2016,
EL SALVADOR,Same-day visitors (excursionists),Thousands,2016,
EQUATORIAL GUINEA,Total trips,Thousands,2016,
EQUATORIAL GUINEA,Overnights visitors (tourists),Thousands,2016,
EQUATORIAL GUINEA,Same-day visitors (excursionists),Thousands,2016,
ERITREA,Total trips,Thousands,2016,
ERITREA,Overnights visitors (tourists),Thousands,2016,
ERITREA,Same-day visitors (excursionists),Thousands,2016,
ESTONIA,Total trips,Thousands,2016,
ESTONIA,Overnights visitors (tourists),Thousands,2016,
ESTONIA,Same-day visitors (excursionists),Thousands,2016,
ESWATINI,Total trips,Thousands,2016,251.0
ESWATINI,Overnights visitors (tourists),Thousands,2016,139.0
ESWATINI,Same-day visitors (excursionists),Thousands,2016,112.0
ETHIOPIA,Total trips,Thousands,2016,
ETHIOPIA,Overnights visitors (tourists),Thousands,2016,
ETHIOPIA,Same-day visitors (excursionists),Thousands,2016,
FIJI,Total trips,Thousands,2016,
FIJI,Overnights visitors (tourists),Thousands,2016,
FIJI,Same-day visitors (excursionists),Thousands,2016,
FINLAND,Total trips,Thousands,2016,
FINLAND,Overnights visitors (tourists),Thousands,2016,
FINLAND,Same-day visitors (excursionists),Thousands,2016,
FRANCE,Total trips,Thousands,2016,
FRANCE,Overnights visitors (tourists),Thousands,2016,
FRANCE,Same-day visitors (excursionists),Thousands,2016,
FRENCH GUIANA,Total trips,Thousands,2016,
FRENCH GUIANA,Overnights visitors (tourists),Thousands,2016,
FRENCH GUIANA,Same-day visitors (excursionists),Thousands,2016,
FRENCH POLYNESIA,Total trips,Thousands,2016,
FRENCH POLYNESIA,Overnights visitors (tourists),Thousands,2016,
FRENCH POLYNESIA,Same-day visitors (excursionists),Thousands,2016,
GABON,Total trips,Thousands,2016,
GABON,Overnights visitors (tourists),Thousands,2016,
GABON,Same-day visitors (excursionists),Thousands,2016,
GAMBIA,Total trips,Thousands,2016,
GAMBIA,Overnights visitors (tourists),Thousands,2016,
GAMBIA,Same-day visitors (excursionists),Thousands,2016,
GEORGIA,Total trips,Thousands,2016,
GEORGIA,Overnights visitors (tourists),Thousands,2016,
GEORGIA,Same-day visitors (excursionists),Thousands,2016,
GERMANY,Total trips,Thousands,2016,
GERMANY,Overnights visitors (tourists),Thousands,2016,
GERMANY,Same-day visitors (excursionists),Thousands,2016,
GHANA,Total trips,Thousands,2016,558.0
GHANA,Overnights visitors (tourists),Thousands,2016,
GHANA,Same-day visitors (excursionists),Thousands,2016,
GREECE,Total trips,Thousands,2016,
GREECE,Overnights visitors (tourists),Thousands,2016,
GREECE,Same-day visitors (excursionists),Thousands,2016,
GRENADA,Total trips,Thousands,2016,
GRENADA,Overnights visitors (tourists),Thousands,2016,
GRENADA,Same-day visitors (excursionists),Thousands,2016,
GUADELOUPE,Total trips,Thousands,2016,
GUADELOUPE,Overnights visitors (tourists),Thousands,2016,
GUADELOUPE,Same-day visitors (excursionists),Thousands,2016,
GUAM,Total trips,Thousands,2016,
GUAM,Overnights visitors (tourists),Thousands,2016,
GUAM,Same-day visitors (excursionists),Thousands,2016,
GUATEMALA,Total trips,Thousands,2016,
GUATEMALA,Overnights visitors (tourists),Thousands,2016,
GUATEMALA,Same-day visitors (excursionists),Thousands,2016,
GUINEA,Total trips,Thousands,2016,
GUINEA,Overnights visitors (tourists),Thousands,2016,
GUINEA,Same-day visitors (excursionists),Thousands,2016,
GUINEA-BISSAU,Total trips,Thousands,2016,
GUINEA-BISSAU,Overnights visitors (tourists),Thousands,2016,
GUINEA-BISSAU,Same-day visitors (excursionists),Thousands,2016,
GUYANA,Total trips,Thousands,2016,
GUYANA,Overnights visitors (tourists),Thousands,2016,
GUYANA,Same-day visitors (excursionists),Thousands,2016,
HAITI,Total trips,Thousands,2016,
HAITI,Overnights visitors (tourists),Thousands,2016,
HAITI,Same-day visitors (excursionists),Thousands,2016,
HONDURAS,Total trips,Thousands,2016,
HONDURAS,Overnights visitors (tourists),Thousands,2016,
HONDURAS,Same-day visitors (excursionists),Thousands,2016,
"HONG KONG, CHINA",Total trips,Thousands,2016,
"HONG KONG, CHINA",Overnights visitors (tourists),Thousands,2016,
"HONG KONG, CHINA",Same-day visitors (excursionists),Thousands,2016,
HUNGARY,Total trips,Thousands,2016,
HUNGARY,Overnights visitors (tourists),Thousands,2016,
HUNGARY,Same-day visitors (excursionists),Thousands,2016,
ICELAND,Total trips,Thousands,2016,
ICELAND,Overnights visitors (tourists),Thousands,2016,
ICELAND,Same-day visitors (excursionists),Thousands,2016,
INDIA,Total trips,Thousands,2016,
INDIA,Overnights visitors (tourists),Thousands,2016,
INDIA,Same-day visitors (excursionists),Thousands,2016,
INDONESIA,Total trips,Thousands,2016,
INDONESIA,Overnights visitors (tourists),Thousands,2016,
INDONESIA,Same-day visitors (excursionists),Thousands,2016,
"IRAN, ISLAMIC REPUBLIC OF",Total trips,Thousands,2016,
"IRAN, ISLAMIC REPUBLIC OF",Overnights visitors (tourists),Thousands,2016,
"IRAN, ISLAMIC REPUBLIC OF",Same-day visitors (excursionists),Thousands,2016,
IRAQ,Total trips,Thousands,2016,
IRAQ,Overnights visitors (tourists),Thousands,2016,
IRAQ,Same-day visitors (excursionists),Thousands,2016,
IRELAND,Total trips,Thousands,2016,
IRELAND,Overnights visitors (tourists),Thousands,2016,
IRELAND,Same-day visitors (excursionists),Thousands,2016,
ISRAEL,Total trips,Thousands,2016,
ISRAEL,Overnights visitors (tourists),Thousands,2016,
ISRAEL,Same-day visitors (excursionists),Thousands,2016,
ITALY,Total trips,Thousands,2016,
ITALY,Overnights visitors (tourists),Thousands,2016,
ITALY,Same-day visitors (excursionists),Thousands,2016,
JAMAICA,Total trips,Thousands,2016,
JAMAICA,Overnights visitors (tourists),Thousands,2016,
JAMAICA,Same-day visitors (excursionists),Thousands,2016,
JAPAN,Total trips,Thousands,2016,
JAPAN,Overnights visitors (tourists),Thousands,2016,
JAPAN,Same-day visitors (excursionists),Thousands,2016,
JORDAN,Total trips,Thousands,2016,
JORDAN,Overnights visitors (tourists),Thousands,2016,
JORDAN,Same-day visitors (excursionists),Thousands,2016,
KAZAKHSTAN,Total trips,Thousands,2016,
KAZAKHSTAN,Overnights visitors (tourists),Thousands,2016,
KAZAKHSTAN,Same-day visitors (excursionists),Thousands,2016,
KENYA,Total trips,Thousands,2016,
KENYA,Overnights visitors (tourists),Thousands,2016,
KENYA,Same-day visitors (excursionists),Thousands,2016,
KIRIBATI,Total trips,Thousands,2016,
KIRIBATI,Overnights visitors (tourists),Thousands,2016,
KIRIBATI,Same-day visitors (excursionists),Thousands,2016,
"KOREA, DEMOCRATIC PEOPLE´S REPUBLIC OF",Total trips,Thousands,2016,
"KOREA, DEMOCRATIC PEOPLE´S REPUBLIC OF",Overnights visitors (tourists),Thousands,2016,
"KOREA, DEMOCRATIC PEOPLE´S REPUBLIC OF",Same-day visitors (excursionists),Thousands,2016,
"KOREA, REPUBLIC OF",Total trips,Thousands,2016,
"KOREA, REPUBLIC OF",Overnights visitors (tourists),Thousands,2016,
"KOREA, REPUBLIC OF",Same-day visitors (excursionists),Thousands,2016,
KUWAIT,Total trips,Thousands,2016,
KUWAIT,Overnights visitors (tourists),Thousands,2016,
KUWAIT,Same-day visitors (excursionists),Thousands,2016,
KYRGYZSTAN,Total trips,Thousands,2016,
KYRGYZSTAN,Overnights visitors (tourists),Thousands,2016,
KYRGYZSTAN,Same-day visitors (excursionists),Thousands,2016,
LAO PEOPLE´S DEMOCRATIC REPUBLIC,Total trips,Thousands,2016,
LAO PEOPLE´S DEMOCRATIC REPUBLIC,Overnights visitors (tourists),Thousands,2016,
LAO PEOPLE´S DEMOCRATIC REPUBLIC,Same-day visitors (excursionists),Thousands,2016,
LATVIA,Total trips,Thousands,2016,
LATVIA,Overnights visitors (tourists),Thousands,2016,
LATVIA,Same-day visitors (excursionists),Thousands,2016,
LEBANON,Total trips,Thousands,2016,
LEBANON,Overnights visitors (tourists),Thousands,2016,
LEBANON,Same-day visitors (excursionists),Thousands,2016,
LESOTHO,Total trips,Thousands,2016,
LESOTHO,Overnights visitors (tourists),Thousands,2016,
LESOTHO,Same-day visitors (excursionists),Thousands,2016,
LIBERIA,Total trips,Thousands,2016,
LIBERIA,Overnights visitors (tourists),Thousands,2016,
LIBERIA,Same-day visitors (excursionists),Thousands,2016,
LIBYA,Total trips,Thousands,2016,
LIBYA,Overnights visitors (tourists),Thousands,2016,
LIBYA,Same-day visitors (excursionists),Thousands,2016,
LIECHTENSTEIN,Total trips,Thousands,2016,
LIECHTENSTEIN,Overnights visitors (tourists),Thousands,2016,
LIECHTENSTEIN,Same-day visitors (excursionists),Thousands,2016,
LITHUANIA,Total trips,Thousands,2016,
LITHUANIA,Overnights visitors (tourists),Thousands,2016,
LITHUANIA,Same-day visitors (excursionists),Thousands,2016,
LUXEMBOURG,Total trips,Thousands,2016,
LUXEMBOURG,Overnights visitors (tourists),Thousands,2016,108.0
LUXEMBOURG,Same-day visitors (excursionists),Thousands,2016,
"MACAO, CHINA",Total trips,Thousands,2016,
"MACAO, CHINA",Overnights visitors (tourists),Thousands,2016,
"MACAO, CHINA",Same-day visitors (excursionists),Thousands,2016,
MADAGASCAR,Total trips,Thousands,2016,42.0
MADAGASCAR,Overnights visitors (tourists),Thousands,2016,6.0
MADAGASCAR,Same-day visitors (excursionists),Thousands,2016,36.0
MALAWI,Total trips,Thousands,2016,
MALAWI,Overnights visitors (tourists),Thousands,2016,
MALAWI,Same-day visitors (excursionists),Thousands,2016,
MALAYSIA,Total trips,Thousands,2016,
MALAYSIA,Overnights visitors (tourists),Thousands,2016,
MALAYSIA,Same-day visitors (excursionists),Thousands,2016,
MALDIVES,Total trips,Thousands,2016,
MALDIVES,Overnights visitors (tourists),Thousands,2016,
MALDIVES,Same-day visitors (excursionists),Thousands,2016,
MALI,Total trips,Thousands,2016,
MALI,Overnights visitors (tourists),Thousands,2016,26.0
MALI,Same-day visitors (excursionists),Thousands,2016,
MALTA,Total trips,Thousands,2016,
MALTA,Overnights visitors (tourists),Thousands,2016,241.0
MALTA,Same-day visitors (excursionists),Thousands,2016,
MARSHALL ISLANDS,Total trips,Thousands,2016,
MARSHALL ISLANDS,Overnights visitors (tourists),Thousands,2016,
MARSHALL ISLANDS,Same-day visitors (excursionists),Thousands,2016,
MARTINIQUE,Total trips,Thousands,2016,
MARTINIQUE,Overnights visitors (tourists),Thousands,2016,
MARTINIQUE,Same-day visitors (excursionists),Thousands,2016,
MAURITANIA,Total trips,Thousands,2016,
MAURITANIA,Overnights visitors (tourists),Thousands,2016,
MAURITANIA,Same-day visitors (excursionists),Thousands,2016,
MAURITIUS,Total trips,Thousands,2016,
MAURITIUS,Overnights visitors (tourists),Thousands,2016,
MAURITIUS,Same-day visitors (excursionists),Thousands,2016,
MEXICO,Total trips,Thousands,2016,
MEXICO,Overnights visitors (tourists),Thousands,2016,
MEXICO,Same-day visitors (excursionists),Thousands,2016,
"MICRONESIA, FEDERATED STATES OF",Total trips,Thousands,2016,
"MICRONESIA, FEDERATED STATES OF",Overnights visitors (tourists),Thousands,2016,
"MICRONESIA, FEDERATED STATES OF",Same-day visitors (excursionists),Thousands,2016,
"MOLDOVA, REPUBLIC OF",Total trips,Thousands,2016,41.0
"MOLDOVA, REPUBLIC OF",Overnights visitors (tourists),Thousands,2016,25.0
"MOLDOVA, REPUBLIC OF",Same-day visitors (excursionists),Thousands,2016,16.0
MONACO,Total trips,Thousands,2016,
MONACO,Overnights visitors (tourists),Thousands,2016,
MONACO,Same-day visitors (excursionists),Thousands,2016,
MONGOLIA,Total trips,Thousands,2016,
MONGOLIA,Overnights visitors (tourists),Thousands,2016,
MONGOLIA,Same-day visitors (excursionists),Thousands,2016,
MONTENEGRO,Total trips,Thousands,2016,
MONTENEGRO,Overnights visitors (tourists),Thousands,2016,
MONTENEGRO,Same-day visitors (excursionists),Thousands,2016,
MONTSERRAT,Total trips,Thousands,2016,
MONTSERRAT,Overnights visitors (tourists),Thousands,2016,
MONTSERRAT,Same-day visitors (excursionists),Thousands,2016,
MOROCCO,Total trips,Thousands,2016,
MOROCCO,Overnights visitors (tourists),Thousands,2016,
MOROCCO,Same-day visitors (excursionists),Thousands,2016,
MOZAMBIQUE,Total trips,Thousands,2016,
MOZAMBIQUE,Overnights visitors (tourists),Thousands,2016,
MOZAMBIQUE,Same-day visitors (excursionists),Thousands,2016,
MYANMAR,Total trips,Thousands,2016,
MYANMAR,Overnights visitors (tourists),Thousands,2016,
MYANMAR,Same-day visitors (excursionists),Thousands,2016,
NAMIBIA,Total trips,Thousands,2016,
NAMIBIA,Overnights visitors (tourists),Thousands,2016,
NAMIBIA,Same-day visitors (excursionists),Thousands,2016,
NAURU,Total trips,Thousands,2016,
NAURU,Overnights visitors (tourists),Thousands,2016,
NAURU,Same-day visitors (excursionists),Thousands,2016,
NEPAL,Total trips,Thousands,2016,
NEPAL,Overnights visitors (tourists),Thousands,2016,
NEPAL,Same-day visitors (excursionists),Thousands,2016,
NETHERLANDS,Total trips,Thousands,2016,
NETHERLANDS,Overnights visitors (tourists),Thousands,2016,
NETHERLANDS,Same-day visitors (excursionists),Thousands,2016,
NEW CALEDONIA,Total trips,Thousands,2016,
NEW CALEDONIA,Overnights visitors (tourists),Thousands,2016,
NEW CALEDONIA,Same-day visitors (excursionists),Thousands,2016,
NEW ZEALAND,Total trips,Thousands,2016,
NEW ZEALAND,Overnights visitors (tourists),Thousands,2016,
NEW ZEALAND,Same-day visitors (excursionists),Thousands,2016,
NICARAGUA,Total trips,Thousands,2016,
NICARAGUA,Overnights visitors (tourists),Thousands,2016,
NICARAGUA,Same-day visitors (excursionists),Thousands,2016,
NIGER,Total trips,Thousands,2016,
NIGER,Overnights visitors (tourists),Thousands,2016,
NIGER,Same-day visitors (excursionists),Thousands,2016,
NIGERIA,Total trips,Thousands,2016,
NIGERIA,Overnights visitors (tourists),Thousands,2016,
NIGERIA,Same-day visitors (excursionists),Thousands,2016,
NIUE,Total trips,Thousands,2016,
NIUE,Overnights visitors (tourists),Thousands,2016,
NIUE,Same-day visitors (excursionists),Thousands,2016,
NORTH MACEDONIA,Total trips,Thousands,2016,
NORTH MACEDONIA,Overnights visitors (tourists),Thousands,2016,
NORTH MACEDONIA,Same-day visitors (excursionists),Thousands,2016,
NORTHERN MARIANA ISLANDS,Total trips,Thousands,2016,
NORTHERN MARIANA ISLANDS,Overnights visitors (tourists),Thousands,2016,
NORTHERN MARIANA ISLANDS,Same-day visitors (excursionists),Thousands,2016,
NORWAY,Total trips,Thousands,2016,
NORWAY,Overnights visitors (tourists),Thousands,2016,
NORWAY,Same-day visitors (excursionists),Thousands,2016,
OMAN,Total trips,Thousands,2016,
OMAN,Overnights visitors (tourists),Thousands,2016,
OMAN,Same-day visitors (excursionists),Thousands,2016,
PAKISTAN,Total trips,Thousands,2016,
PAKISTAN,Overnights visitors (tourists),Thousands,2016,
PAKISTAN,Same-day visitors (excursionists),Thousands,2016,
PALAU,Total trips,Thousands,2016,
PALAU,Overnights visitors (tourists),Thousands,2016,
PALAU,Same-day visitors (excursionists),Thousands,2016,
PANAMA,Total trips,Thousands,2016,
PANAMA,Overnights visitors (tourists),Thousands,2016,
PANAMA,Same-day visitors (excursionists),Thousands,2016,
PAPUA NEW GUINEA,Total trips,Thousands,2016,
PAPUA NEW GUINEA,Overnights visitors (tourists),Thousands,2016,
PAPUA NEW GUINEA,Same-day visitors (excursionists),Thousands,2016,
PARAGUAY,Total trips,Thousands,2016,
PARAGUAY,Overnights visitors (tourists),Thousands,2016,
PARAGUAY,Same-day visitors (excursionists),Thousands,2016,
PERU,Total trips,Thousands,2016,
PERU,Overnights visitors (tourists),Thousands,2016,
PERU,Same-day visitors (excursionists),Thousands,2016,
PHILIPPINES,Total trips,Thousands,2016,
PHILIPPINES,Overnights visitors (tourists),Thousands,2016,
PHILIPPINES,Same-day visitors (excursionists),Thousands,2016,
POLAND,Total trips,Thousands,2016,
POLAND,Overnights visitors (tourists),Thousands,2016,
POLAND,Same-day visitors (excursionists),Thousands,2016,
PORTUGAL,Total trips,Thousands,2016,
PORTUGAL,Overnights visitors (tourists),Thousands,2016,
PORTUGAL,Same-day visitors (excursionists),Thousands,2016,
PUERTO RICO,Total trips,Thousands,2016,
PUERTO RICO,Overnights visitors (tourists),Thousands,2016,
PUERTO RICO,Same-day visitors (excursionists),Thousands,2016,
QATAR,Total trips,Thousands,2016,
QATAR,Overnights visitors (tourists),Thousands,2016,
QATAR,Same-day visitors (excursionists),Thousands,2016,
REUNION,Total trips,Thousands,2016,
REUNION,Overnights visitors (tourists),Thousands,2016,
REUNION,Same-day visitors (excursionists),Thousands,2016,
ROMANIA,Total trips,Thousands,2016,
ROMANIA,Overnights visitors (tourists),Thousands,2016,
ROMANIA,Same-day visitors (excursionists),Thousands,2016,
RUSSIAN FEDERATION,Total trips,Thousands,2016,
RUSSIAN FEDERATION,Overnights visitors (tourists),Thousands,2016,
RUSSIAN FEDERATION,Same-day visitors (excursionists),Thousands,2016,
RWANDA,Total trips,Thousands,2016,
RWANDA,Overnights visitors (tourists),Thousands,2016,
RWANDA,Same-day visitors (excursionists),Thousands,2016,
SABA,Total trips,Thousands,2016,
SABA,Overnights visitors (tourists),Thousands,2016,
SABA,Same-day visitors (excursionists),Thousands,2016,
SAINT KITTS AND NEVIS,Total trips,Thousands,2016,
SAINT KITTS AND NEVIS,Overnights visitors (tourists),Thousands,2016,
SAINT KITTS AND NEVIS,Same-day visitors (excursionists),Thousands,2016,
SAINT LUCIA,Total trips,Thousands,2016,
SAINT LUCIA,Overnights visitors (tourists),Thousands,2016,
SAINT LUCIA,Same-day visitors (excursionists),Thousands,2016,
SAINT VINCENT AND THE GRENADINES,Total trips,Thousands,2016,
SAINT VINCENT AND THE GRENADINES,Overnights visitors (tourists),Thousands,2016,
SAINT VINCENT AND THE GRENADINES,Same-day visitors (excursionists),Thousands,2016,
SAMOA,Total trips,Thousands,2016,
SAMOA,Overnights visitors (tourists),Thousands,2016,
SAMOA,Same-day visitors (excursionists),Thousands,2016,
SAN MARINO,Total trips,Thousands,2016,
SAN MARINO,Overnights visitors (tourists),Thousands,2016,
SAN MARINO,Same-day visitors (excursionists),Thousands,2016,
SAO TOME AND PRINCIPE,Total trips,Thousands,2016,
SAO TOME AND PRINCIPE,Overnights visitors (tourists),Thousands,2016,
SAO TOME AND PRINCIPE,Same-day visitors (excursionists),Thousands,2016,
SAUDI ARABIA,Total trips,Thousands,2016,
SAUDI ARABIA,Overnights visitors (tourists),Thousands,2016,
SAUDI ARABIA,Same-day visitors (excursionists),Thousands,2016,
SENEGAL,Total trips,Thousands,2016,
SENEGAL,Overnights visitors (tourists),Thousands,2016,485.0
SENEGAL,Same-day visitors (excursionists),Thousands,2016,
SERBIA,Total trips,Thousands,2016,
SERBIA,Overnights visitors (tourists),Thousands,2016,
SERBIA,Same-day visitors (excursionists),Thousands,2016,
SERBIA AND MONTENEGRO,Total trips,Thousands,2016,
SERBIA AND MONTENEGRO,Overnights visitors (tourists),Thousands,2016,
SERBIA AND MONTENEGRO,Same-day visitors (excursionists),Thousands,2016,
SEYCHELLES,Total trips,Thousands,2016,
SEYCHELLES,Overnights visitors (tourists),Thousands,2016,
SEYCHELLES,Same-day visitors (excursionists),Thousands,2016,
SIERRA LEONE,Total trips,Thousands,2016,
SIERRA LEONE,Overnights visitors (tourists),Thousands,2016,
SIERRA LEONE,Same-day visitors (excursionists),Thousands,2016,
SINGAPORE,Total trips,Thousands,2016,
SINGAPORE,Overnights visitors (tourists),Thousands,2016,
SINGAPORE,Same-day visitors (excursionists),Thousands,2016,
SINT EUSTATIUS,Total trips,Thousands,2016,
SINT EUSTATIUS,Overnights visitors (tourists),Thousands,2016,
SINT EUSTATIUS,Same-day visitors (excursionists),Thousands,2016,
SINT MAARTEN (DUTCH PART),Total trips,Thousands,2016,
SINT MAARTEN (DUTCH PART),Overnights visitors (tourists),Thousands,2016,
SINT MAARTEN (DUTCH PART),Same-day visitors (excursionists),Thousands,2016,
SLOVAKIA,Total trips,Thousands,2016,
SLOVAKIA,Overnights visitors (tourists),Thousands,2016,
SLOVAKIA,Same-day visitors (excursionists),Thousands,2016,
SLOVENIA,Total trips,Thousands,2016,
SLOVENIA,Overnights visitors (tourists),Thousands,2016,
SLOVENIA,Same-day visitors (excursionists),Thousands,2016,
SOLOMON ISLANDS,Total trips,Thousands,2016,
SOLOMON ISLANDS,Overnights visitors (tourists),Thousands,2016,
SOLOMON ISLANDS,Same-day visitors (excursionists),Thousands,2016,
SOMALIA,Total trips,Thousands,2016,
SOMALIA,Overnights visitors (tourists),Thousands,2016,
SOMALIA,Same-day visitors (excursionists),Thousands,2016,
SOUTH AFRICA,Total trips,Thousands,2016,
SOUTH AFRICA,Overnights visitors (tourists),Thousands,2016,
SOUTH AFRICA,Same-day visitors (excursionists),Thousands,2016,
SOUTH SUDAN,Total trips,Thousands,2016,
SOUTH SUDAN,Overnights visitors (tourists),Thousands,2016,
SOUTH SUDAN,Same-day visitors (excursionists),Thousands,2016,
SPAIN,Total trips,Thousands,2016,
SPAIN,Overnights visitors (tourists),Thousands,2016,
SPAIN,Same-day visitors (excursionists),Thousands,2016,
SRI LANKA,Total trips,Thousands,2016,
SRI LANKA,Overnights visitors (tourists),Thousands,2016,
SRI LANKA,Same-day visitors (excursionists),Thousands,2016,
STATE OF PALESTINE,Total trips,Thousands,2016,
STATE OF PALESTINE,Overnights visitors (tourists),Thousands,2016,
STATE OF PALESTINE,Same-day visitors (excursionists),Thousands,2016,
SUDAN,Total trips,Thousands,2016,
SUDAN,Overnights visitors (tourists),Thousands,2016,
SUDAN,Same-day visitors (excursionists),Thousands,2016,
SURINAME,Total trips,Thousands,2016,
SURINAME,Overnights visitors (tourists),Thousands,2016,
SURINAME,Same-day visitors (excursionists),Thousands,2016,
SWEDEN,Total trips,Thousands,2016,
SWEDEN,Overnights visitors (tourists),Thousands,2016,
SWEDEN,Same-day visitors (excursionists),Thousands,2016,
SWITZERLAND,Total trips,Thousands,2016,
SWITZERLAND,Overnights visitors (tourists),Thousands,2016,
SWITZERLAND,Same-day visitors (excursionists),Thousands,2016,
SYRIAN ARAB REPUBLIC,Total trips,Thousands,2016,
SYRIAN ARAB REPUBLIC,Overnights visitors (tourists),Thousands,2016,
SYRIAN ARAB REPUBLIC,Same-day visitors (excursionists),Thousands,2016,
TAIWAN PROVINCE OF CHINA,Total trips,Thousands,2016,
TAIWAN PROVINCE OF CHINA,Overnights visitors (tourists),Thousands,2016,
TAIWAN PROVINCE OF CHINA,Same-day visitors (excursionists),Thousands,2016,
TAJIKISTAN,Total trips,Thousands,2016,219.0
TAJIKISTAN,Overnights visitors (tourists),Thousands,2016,125.0
TAJIKISTAN,Same-day visitors (excursionists),Thousands,2016,94.0
"TANZANIA, UNITED REPUBLIC OF",Total trips,Thousands,2016,
"TANZANIA, UNITED REPUBLIC OF",Overnights visitors (tourists),Thousands,2016,
"TANZANIA, UNITED REPUBLIC OF",Same-day visitors (excursionists),Thousands,2016,
THAILAND,Total trips,Thousands,2016,
THAILAND,Overnights visitors (tourists),Thousands,2016,
THAILAND,Same-day visitors (excursionists),Thousands,2016,
TIMOR-LESTE,Total trips,Thousands,2016,
TIMOR-LESTE,Overnights visitors (tourists),Thousands,2016,
TIMOR-LESTE,Same-day visitors (excursionists),Thousands,2016,
TOGO,Total trips,Thousands,2016,
TOGO,Overnights visitors (tourists),Thousands,2016,
TOGO,Same-day visitors (excursionists),Thousands,2016,
TONGA,Total trips,Thousands,2016,
TONGA,Overnights visitors (tourists),Thousands,2016,
TONGA,Same-day visitors (excursionists),Thousands,2016,
TRINIDAD AND TOBAGO,Total trips,Thousands,2016,
TRINIDAD AND TOBAGO,Overnights visitors (tourists),Thousands,2016,
TRINIDAD AND TOBAGO,Same-day visitors (excursionists),Thousands,2016,
TUNISIA,Total trips,Thousands,2016,
TUNISIA,Overnights visitors (tourists),Thousands,2016,
TUNISIA,Same-day visitors (excursionists),Thousands,2016,
TÜRKIYE,Total trips,Thousands,2016,
TÜRKIYE,Overnights visitors (tourists),Thousands,2016,
TÜRKIYE,Same-day visitors (excursionists),Thousands,2016,
TURKMENISTAN,Total trips,Thousands,2016,
TURKMENISTAN,Overnights visitors (tourists),Thousands,2016,
TURKMENISTAN,Same-day visitors (excursionists),Thousands,2016,
TURKS AND CAICOS ISLANDS,Total trips,Thousands,2016,
TURKS AND CAICOS ISLANDS,Overnights visitors (tourists),Thousands,2016,
TURKS AND CAICOS ISLANDS,Same-day visitors (excursionists),Thousands,2016,
TUVALU,Total trips,Thousands,2016,
TUVALU,Overnights visitors (tourists),Thousands,2016,
TUVALU,Same-day visitors (excursionists),Thousands,2016,
UGANDA,Total trips,Thousands,2016,
UGANDA,Overnights visitors (tourists),Thousands,2016,
UGANDA,Same-day visitors (excursionists),Thousands,2016,
UKRAINE,Total trips,Thousands,2016,
UKRAINE,Overnights visitors (tourists),Thousands,2016,
UKRAINE,Same-day visitors (excursionists),Thousands,2016,
UNITED ARAB EMIRATES,Total trips,Thousands,2016,
UNITED ARAB EMIRATES,Overnights visitors (tourists),Thousands,2016,
UNITED ARAB EMIRATES,Same-day visitors (excursionists),Thousands,2016,
UNITED KINGDOM,Total trips,Thousands,2016,
UNITED KINGDOM,Overnights visitors (tourists),Thousands,2016,
UNITED KINGDOM,Same-day visitors (excursionists),Thousands,2016,
UNITED STATES OF AMERICA,Total trips,Thousands,2016,
UNITED STATES OF AMERICA,Overnights visitors (tourists),Thousands,2016,
UNITED STATES OF AMERICA,Same-day visitors (excursionists),Thousands,2016,
UNITED STATES VIRGIN ISLANDS,Total trips,Thousands,2016,
UNITED STATES VIRGIN ISLANDS,Overnights visitors (tourists),Thousands,2016,
UNITED STATES VIRGIN ISLANDS,Same-day visitors (excursionists),Thousands,2016,
URUGUAY,Total trips,Thousands,2016,
URUGUAY,Overnights visitors (tourists),Thousands,2016,
URUGUAY,Same-day visitors (excursionists),Thousands,2016,
UZBEKISTAN,Total trips,Thousands,2016,
UZBEKISTAN,Overnights visitors (tourists),Thousands,2016,
UZBEKISTAN,Same-day visitors (excursionists),Thousands,2016,
VANUATU,Total trips,Thousands,2016,
VANUATU,Overnights visitors (tourists),Thousands,2016,
VANUATU,Same-day visitors (excursionists),Thousands,2016,
"VENEZUELA, BOLIVARIAN REPUBLIC OF",Total trips,Thousands,2016,
"VENEZUELA, BOLIVARIAN REPUBLIC OF",Overnights visitors (tourists),Thousands,2016,
"VENEZUELA, BOLIVARIAN REPUBLIC OF",Same-day visitors (excursionists),Thousands,2016,
VIET NAM,Total trips,Thousands,2016,
VIET NAM,Overnights visitors (tourists),Thousands,2016,
VIET NAM,Same-day visitors (excursionists),Thousands,2016,
YEMEN,Total trips,Thousands,2016,
YEMEN,Overnights visitors (tourists),Thousands,2016,
YEMEN,Same-day visitors (excursionists),Thousands,2016,
ZAMBIA,Total trips,Thousands,2016,
ZAMBIA,Overnights visitors (tourists),Thousands,2016,
ZAMBIA,Same-day visitors (excursionists),Thousands,2016,
ZIMBABWE,Total trips,Thousands,2016,
ZIMBABWE,Overnights visitors (tourists),Thousands,2016,
ZIMBABWE,Same-day visitors (excursionists),Thousands,2016,
AFGHANISTAN,Total trips,Thousands,2017,
AFGHANISTAN,Overnights visitors (tourists),Thousands,2017,
AFGHANISTAN,Same-day visitors (excursionists),Thousands,2017,
ALBANIA,Total trips,Thousands,2017,
ALBANIA,Overnights visitors (tourists),Thousands,2017,
ALBANIA,Same-day visitors (excursionists),Thousands,2017,
ALGERIA,Total trips,Thousands,2017,
ALGERIA,Overnights visitors (tourists),Thousands,2017,
ALGERIA,Same-day visitors (excursionists),Thousands,2017,
AMERICAN SAMOA,Total trips,Thousands,2017,
AMERICAN SAMOA,Overnights visitors (tourists),Thousands,2017,
AMERICAN SAMOA,Same-day visitors (excursionists),Thousands,2017,
ANDORRA,Total trips,Thousands,2017,
ANDORRA,Overnights visitors (tourists),Thousands,2017,
ANDORRA,Same-day visitors (excursionists),Thousands,2017,
ANGOLA,Total trips,Thousands,2017,
ANGOLA,Overnights visitors (tourists),Thousands,2017,
ANGOLA,Same-day visitors (excursionists),Thousands,2017,
ANGUILLA,Total trips,Thousands,2017,
ANGUILLA,Overnights visitors (tourists),Thousands,2017,
ANGUILLA,Same-day visitors (excursionists),Thousands,2017,
ANTIGUA AND BARBUDA,Total trips,Thousands,2017,
ANTIGUA AND BARBUDA,Overnights visitors (tourists),Thousands,2017,
ANTIGUA AND BARBUDA,Same-day visitors (excursionists),Thousands,2017,
ARGENTINA,Total trips,Thousands,2017,
ARGENTINA,Overnights visitors (tourists),Thousands,2017,
ARGENTINA,Same-day visitors (excursionists),Thousands,2017,
ARMENIA,Total trips,Thousands,2017,
ARMENIA,Overnights visitors (tourists),Thousands,2017,
ARMENIA,Same-day visitors (excursionists),Thousands,2017,
ARUBA,Total trips,Thousands,2017,
ARUBA,Overnights visitors (tourists),Thousands,2017,
ARUBA,Same-day visitors (excursionists),Thousands,2017,
AUSTRALIA,Total trips,Thousands,2017,
AUSTRALIA,Overnights visitors (tourists),Thousands,2017,
AUSTRALIA,Same-day visitors (excursionists),Thousands,2017,
AUSTRIA,Total trips,Thousands,2017,
AUSTRIA,Overnights visitors (tourists),Thousands,2017,
AUSTRIA,Same-day visitors (excursionists),Thousands,2017,
AZERBAIJAN,Total trips,Thousands,2017,
AZERBAIJAN,Overnights visitors (tourists),Thousands,2017,
AZERBAIJAN,Same-day visitors (excursionists),Thousands,2017,
BAHAMAS,Total trips,Thousands,2017,
BAHAMAS,Overnights visitors (tourists),Thousands,2017,
BAHAMAS,Same-day visitors (excursionists),Thousands,2017,
BAHRAIN,Total trips,Thousands,2017,
BAHRAIN,Overnights visitors (tourists),Thousands,2017,67.0
BAHRAIN,Same-day visitors (excursionists),Thousands,2017,
BANGLADESH,Total trips,Thousands,2017,
BANGLADESH,Overnights visitors (tourists),Thousands,2017,
BANGLADESH,Same-day visitors (excursionists),Thousands,2017,
BARBADOS,Total trips,Thousands,2017,
BARBADOS,Overnights visitors (tourists),Thousands,2017,
BARBADOS,Same-day visitors (excursionists),Thousands,2017,
BELARUS,Total trips,Thousands,2017,
BELARUS,Overnights visitors (tourists),Thousands,2017,
BELARUS,Same-day visitors (excursionists),Thousands,2017,895.0
BELGIUM,Total trips,Thousands,2017,
BELGIUM,Overnights visitors (tourists),Thousands,2017,
BELGIUM,Same-day visitors (excursionists),Thousands,2017,
BELIZE,Total trips,Thousands,2017,
BELIZE,Overnights visitors (tourists),Thousands,2017,
BELIZE,Same-day visitors (excursionists),Thousands,2017,
BENIN,Total trips,Thousands,2017,
BENIN,Overnights visitors (tourists),Thousands,2017,
BENIN,Same-day visitors (excursionists),Thousands,2017,
BERMUDA,Total trips,Thousands,2017,
BERMUDA,Overnights visitors (tourists),Thousands,2017,
BERMUDA,Same-day visitors (excursionists),Thousands,2017,
BHUTAN,Total trips,Thousands,2017,
BHUTAN,Overnights visitors (tourists),Thousands,2017,
BHUTAN,Same-day visitors (excursionists),Thousands,2017,
"BOLIVIA, PLURINATIONAL STATE OF",Total trips,Thousands,2017,
"BOLIVIA, PLURINATIONAL STATE OF",Overnights visitors (tourists),Thousands,2017,
"BOLIVIA, PLURINATIONAL STATE OF",Same-day visitors (excursionists),Thousands,2017,
BONAIRE,Total trips,Thousands,2017,
BONAIRE,Overnights visitors (tourists),Thousands,2017,
BONAIRE,Same-day visitors (excursionists),Thousands,2017,
BOSNIA AND HERZEGOVINA,Total trips,Thousands,2017,
BOSNIA AND HERZEGOVINA,Overnights visitors (tourists),Thousands,2017,
BOSNIA AND HERZEGOVINA,Same-day visitors (excursionists),Thousands,2017,
BOTSWANA,Total trips,Thousands,2017,
BOTSWANA,Overnights visitors (tourists),Thousands,2017,
BOTSWANA,Same-day visitors (excursionists),Thousands,2017,
BRAZIL,Total trips,Thousands,2017,
BRAZIL,Overnights visitors (tourists),Thousands,2017,
BRAZIL,Same-day visitors (excursionists),Thousands,2017,
BRITISH VIRGIN ISLANDS,Total trips,Thousands,2017,
BRITISH VIRGIN ISLANDS,Overnights visitors (tourists),Thousands,2017,
BRITISH VIRGIN ISLANDS,Same-day visitors (excursionists),Thousands,2017,
BRUNEI DARUSSALAM,Total trips,Thousands,2017,
BRUNEI DARUSSALAM,Overnights visitors (tourists),Thousands,2017,
BRUNEI DARUSSALAM,Same-day visitors (excursionists),Thousands,2017,
BULGARIA,Total trips,Thousands,2017,
BULGARIA,Overnights visitors (tourists),Thousands,2017,
BULGARIA,Same-day visitors (excursionists),Thousands,2017,
BURKINA FASO,Total trips,Thousands,2017,
BURKINA FASO,Overnights visitors (tourists),Thousands,2017,
BURKINA FASO,Same-day visitors (excursionists),Thousands,2017,
BURUNDI,Total trips,Thousands,2017,
BURUNDI,Overnights visitors (tourists),Thousands,2017,
BURUNDI,Same-day visitors (excursionists),Thousands,2017,
CABO VERDE,Total trips,Thousands,2017,
CABO VERDE,Overnights visitors (tourists),Thousands,2017,
CABO VERDE,Same-day visitors (excursionists),Thousands,2017,
CAMBODIA,Total trips,Thousands,2017,
CAMBODIA,Overnights visitors (tourists),Thousands,2017,
CAMBODIA,Same-day visitors (excursionists),Thousands,2017,
CAMEROON,Total trips,Thousands,2017,
CAMEROON,Overnights visitors (tourists),Thousands,2017,
CAMEROON,Same-day visitors (excursionists),Thousands,2017,
CANADA,Total trips,Thousands,2017,
CANADA,Overnights visitors (tourists),Thousands,2017,
CANADA,Same-day visitors (excursionists),Thousands,2017,
CAYMAN ISLANDS,Total trips,Thousands,2017,
CAYMAN ISLANDS,Overnights visitors (tourists),Thousands,2017,
CAYMAN ISLANDS,Same-day visitors (excursionists),Thousands,2017,
CENTRAL AFRICAN REPUBLIC,Total trips,Thousands,2017,
CENTRAL AFRICAN REPUBLIC,Overnights visitors (tourists),Thousands,2017,
CENTRAL AFRICAN REPUBLIC,Same-day visitors (excursionists),Thousands,2017,
CHAD,Total trips,Thousands,2017,
CHAD,Overnights visitors (tourists),Thousands,2017,
CHAD,Same-day visitors (excursionists),Thousands,2017,
CHILE,Total trips,Thousands,2017,
CHILE,Overnights visitors (tourists),Thousands,2017,
CHILE,Same-day visitors (excursionists),Thousands,2017,
CHINA,Total trips,Thousands,2017,
CHINA,Overnights visitors (tourists),Thousands,2017,
CHINA,Same-day visitors (excursionists),Thousands,2017,
COLOMBIA,Total trips,Thousands,2017,
COLOMBIA,Overnights visitors (tourists),Thousands,2017,
COLOMBIA,Same-day visitors (excursionists),Thousands,2017,
COMOROS,Total trips,Thousands,2017,
COMOROS,Overnights visitors (tourists),Thousands,2017,
COMOROS,Same-day visitors (excursionists),Thousands,2017,
CONGO,Total trips,Thousands,2017,
CONGO,Overnights visitors (tourists),Thousands,2017,
CONGO,Same-day visitors (excursionists),Thousands,2017,
"CONGO, DEMOCRATIC REPUBLIC OF THE",Total trips,Thousands,2017,
"CONGO, DEMOCRATIC REPUBLIC OF THE",Overnights visitors (tourists),Thousands,2017,
"CONGO, DEMOCRATIC REPUBLIC OF THE",Same-day visitors (excursionists),Thousands,2017,
COOK ISLANDS,Total trips,Thousands,2017,
COOK ISLANDS,Overnights visitors (tourists),Thousands,2017,
COOK ISLANDS,Same-day visitors (excursionists),Thousands,2017,
COSTA RICA,Total trips,Thousands,2017,
COSTA RICA,Overnights visitors (tourists),Thousands,2017,
COSTA RICA,Same-day visitors (excursionists),Thousands,2017,
COTE D´IVOIRE,Total trips,Thousands,2017,
COTE D´IVOIRE,Overnights visitors (tourists),Thousands,2017,
COTE D´IVOIRE,Same-day visitors (excursionists),Thousands,2017,
CROATIA,Total trips,Thousands,2017,
CROATIA,Overnights visitors (tourists),Thousands,2017,
CROATIA,Same-day visitors (excursionists),Thousands,2017,
CUBA,Total trips,Thousands,2017,
CUBA,Overnights visitors (tourists),Thousands,2017,
CUBA,Same-day visitors (excursionists),Thousands,2017,
CURAÇAO,Total trips,Thousands,2017,
CURAÇAO,Overnights visitors (tourists),Thousands,2017,
CURAÇAO,Same-day visitors (excursionists),Thousands,2017,
CYPRUS,Total trips,Thousands,2017,
CYPRUS,Overnights visitors (tourists),Thousands,2017,
CYPRUS,Same-day visitors (excursionists),Thousands,2017,
CZECH REPUBLIC (CZECHIA),Total trips,Thousands,2017,
CZECH REPUBLIC (CZECHIA),Overnights visitors (tourists),Thousands,2017,
CZECH REPUBLIC (CZECHIA),Same-day visitors (excursionists),Thousands,2017,
DENMARK,Total trips,Thousands,2017,
DENMARK,Overnights visitors (tourists),Thousands,2017,
DENMARK,Same-day visitors (excursionists),Thousands,2017,
DJIBOUTI,Total trips,Thousands,2017,
DJIBOUTI,Overnights visitors (tourists),Thousands,2017,
DJIBOUTI,Same-day visitors (excursionists),Thousands,2017,
DOMINICA,Total trips,Thousands,2017,
DOMINICA,Overnights visitors (tourists),Thousands,2017,
DOMINICA,Same-day visitors (excursionists),Thousands,2017,
DOMINICAN REPUBLIC,Total trips,Thousands,2017,
DOMINICAN REPUBLIC,Overnights visitors (tourists),Thousands,2017,
DOMINICAN REPUBLIC,Same-day visitors (excursionists),Thousands,2017,
ECUADOR,Total trips,Thousands,2017,
ECUADOR,Overnights visitors (tourists),Thousands,2017,
ECUADOR,Same-day visitors (excursionists),Thousands,2017,
EGYPT,Total trips,Thousands,2017,
EGYPT,Overnights visitors (tourists),Thousands,2017,
EGYPT,Same-day visitors (excursionists),Thousands,2017,
EL SALVADOR,Total trips,Thousands,2017,
EL SALVADOR,Overnights visitors (tourists),Thousands,2017,
EL SALVADOR,Same-day visitors (excursionists),Thousands,2017,
EQUATORIAL GUINEA,Total trips,Thousands,2017,
EQUATORIAL GUINEA,Overnights visitors (tourists),Thousands,2017,
EQUATORIAL GUINEA,Same-day visitors (excursionists),Thousands,2017,
ERITREA,Total trips,Thousands,2017,
ERITREA,Overnights visitors (tourists),Thousands,2017,
ERITREA,Same-day visitors (excursionists),Thousands,2017,
ESTONIA,Total trips,Thousands,2017,
ESTONIA,Overnights visitors (tourists),Thousands,2017,
ESTONIA,Same-day visitors (excursionists),Thousands,2017,
ESWATINI,Total trips,Thousands,2017,249.0
ESWATINI,Overnights visitors (tourists),Thousands,2017,114.0
ESWATINI,Same-day visitors (excursionists),Thousands,2017,135.0
ETHIOPIA,Total trips,Thousands,2017,
ETHIOPIA,Overnights visitors (tourists),Thousands,2017,
ETHIOPIA,Same-day visitors (excursionists),Thousands,2017,
FIJI,Total trips,Thousands,2017,
FIJI,Overnights visitors (tourists),Thousands,2017,
FIJI,Same-day visitors (excursionists),Thousands,2017,
FINLAND,Total trips,Thousands,2017,
FINLAND,Overnights visitors (tourists),Thousands,2017,
FINLAND,Same-day visitors (excursionists),Thousands,2017,
FRANCE,Total trips,Thousands,2017,
FRANCE,Overnights visitors (tourists),Thousands,2017,
FRANCE,Same-day visitors (excursionists),Thousands,2017,
FRENCH GUIANA,Total trips,Thousands,2017,
FRENCH GUIANA,Overnights visitors (tourists),Thousands,2017,
FRENCH GUIANA,Same-day visitors (excursionists),Thousands,2017,
FRENCH POLYNESIA,Total trips,Thousands,2017,
FRENCH POLYNESIA,Overnights visitors (tourists),Thousands,2017,
FRENCH POLYNESIA,Same-day visitors (excursionists),Thousands,2017,
GABON,Total trips,Thousands,2017,
GABON,Overnights visitors (tourists),Thousands,2017,
GABON,Same-day visitors (excursionists),Thousands,2017,
GAMBIA,Total trips,Thousands,2017,
GAMBIA,Overnights visitors (tourists),Thousands,2017,
GAMBIA,Same-day visitors (excursionists),Thousands,2017,
GEORGIA,Total trips,Thousands,2017,
GEORGIA,Overnights visitors (tourists),Thousands,2017,
GEORGIA,Same-day visitors (excursionists),Thousands,2017,
GERMANY,Total trips,Thousands,2017,
GERMANY,Overnights visitors (tourists),Thousands,2017,
GERMANY,Same-day visitors (excursionists),Thousands,2017,
GHANA,Total trips,Thousands,2017,504.0
GHANA,Overnights visitors (tourists),Thousands,2017,
GHANA,Same-day visitors (excursionists),Thousands,2017,
GREECE,Total trips,Thousands,2017,
GREECE,Overnights visitors (tourists),Thousands,2017,
GREECE,Same-day visitors (excursionists),Thousands,2017,
GRENADA,Total trips,Thousands,2017,
GRENADA,Overnights visitors (tourists),Thousands,2017,
GRENADA,Same-day visitors (excursionists),Thousands,2017,
GUADELOUPE,Total trips,Thousands,2017,
GUADELOUPE,Overnights visitors (tourists),Thousands,2017,
GUADELOUPE,Same-day visitors (excursionists),Thousands,2017,
GUAM,Total trips,Thousands,2017,
GUAM,Overnights visitors (tourists),Thousands,2017,
GUAM,Same-day visitors (excursionists),Thousands,2017,
GUATEMALA,Total trips,Thousands,2017,
GUATEMALA,Overnights visitors (tourists),Thousands,2017,
GUATEMALA,Same-day visitors (excursionists),Thousands,2017,
GUINEA,Total trips,Thousands,2017,
GUINEA,Overnights visitors (tourists),Thousands,2017,
GUINEA,Same-day visitors (excursionists),Thousands,2017,
GUINEA-BISSAU,Total trips,Thousands,2017,
GUINEA-BISSAU,Overnights visitors (tourists),Thousands,2017,
GUINEA-BISSAU,Same-day visitors (excursionists),Thousands,2017,
GUYANA,Total trips,Thousands,2017,
GUYANA,Overnights visitors (tourists),Thousands,2017,
GUYANA,Same-day visitors (excursionists),Thousands,2017,
HAITI,Total trips,Thousands,2017,
HAITI,Overnights visitors (tourists),Thousands,2017,
HAITI,Same-day visitors (excursionists),Thousands,2017,
HONDURAS,Total trips,Thousands,2017,
HONDURAS,Overnights visitors (tourists),Thousands,2017,
HONDURAS,Same-day visitors (excursionists),Thousands,2017,
"HONG KONG, CHINA",Total trips,Thousands,2017,
"HONG KONG, CHINA",Overnights visitors (tourists),Thousands,2017,
"HONG KONG, CHINA",Same-day visitors (excursionists),Thousands,2017,
HUNGARY,Total trips,Thousands,2017,
HUNGARY,Overnights visitors (tourists),Thousands,2017,
HUNGARY,Same-day visitors (excursionists),Thousands,2017,
ICELAND,Total trips,Thousands,2017,
ICELAND,Overnights visitors (tourists),Thousands,2017,
ICELAND,Same-day visitors (excursionists),Thousands,2017,
INDIA,Total trips,Thousands,2017,
INDIA,Overnights visitors (tourists),Thousands,2017,
INDIA,Same-day visitors (excursionists),Thousands,2017,
INDONESIA,Total trips,Thousands,2017,
INDONESIA,Overnights visitors (tourists),Thousands,2017,
INDONESIA,Same-day visitors (excursionists),Thousands,2017,
"IRAN, ISLAMIC REPUBLIC OF",Total trips,Thousands,2017,
"IRAN, ISLAMIC REPUBLIC OF",Overnights visitors (tourists),Thousands,2017,
"IRAN, ISLAMIC REPUBLIC OF",Same-day visitors (excursionists),Thousands,2017,
IRAQ,Total trips,Thousands,2017,
IRAQ,Overnights visitors (tourists),Thousands,2017,
IRAQ,Same-day visitors (excursionists),Thousands,2017,
IRELAND,Total trips,Thousands,2017,
IRELAND,Overnights visitors (tourists),Thousands,2017,
IRELAND,Same-day visitors (excursionists),Thousands,2017,
ISRAEL,Total trips,Thousands,2017,
ISRAEL,Overnights visitors (tourists),Thousands,2017,
ISRAEL,Same-day visitors (excursionists),Thousands,2017,
ITALY,Total trips,Thousands,2017,
ITALY,Overnights visitors (tourists),Thousands,2017,
ITALY,Same-day visitors (excursionists),Thousands,2017,
JAMAICA,Total trips,Thousands,2017,
JAMAICA,Overnights visitors (tourists),Thousands,2017,
JAMAICA,Same-day visitors (excursionists),Thousands,2017,
JAPAN,Total trips,Thousands,2017,
JAPAN,Overnights visitors (tourists),Thousands,2017,
JAPAN,Same-day visitors (excursionists),Thousands,2017,
JORDAN,Total trips,Thousands,2017,
JORDAN,Overnights visitors (tourists),Thousands,2017,
JORDAN,Same-day visitors (excursionists),Thousands,2017,
KAZAKHSTAN,Total trips,Thousands,2017,
KAZAKHSTAN,Overnights visitors (tourists),Thousands,2017,
KAZAKHSTAN,Same-day visitors (excursionists),Thousands,2017,
KENYA,Total trips,Thousands,2017,
KENYA,Overnights visitors (tourists),Thousands,2017,
KENYA,Same-day visitors (excursionists),Thousands,2017,
KIRIBATI,Total trips,Thousands,2017,
KIRIBATI,Overnights visitors (tourists),Thousands,2017,
KIRIBATI,Same-day visitors (excursionists),Thousands,2017,
"KOREA, DEMOCRATIC PEOPLE´S REPUBLIC OF",Total trips,Thousands,2017,
"KOREA, DEMOCRATIC PEOPLE´S REPUBLIC OF",Overnights visitors (tourists),Thousands,2017,
"KOREA, DEMOCRATIC PEOPLE´S REPUBLIC OF",Same-day visitors (excursionists),Thousands,2017,
"KOREA, REPUBLIC OF",Total trips,Thousands,2017,
"KOREA, REPUBLIC OF",Overnights visitors (tourists),Thousands,2017,
"KOREA, REPUBLIC OF",Same-day visitors (excursionists),Thousands,2017,
KUWAIT,Total trips,Thousands,2017,
KUWAIT,Overnights visitors (tourists),Thousands,2017,
KUWAIT,Same-day visitors (excursionists),Thousands,2017,
KYRGYZSTAN,Total trips,Thousands,2017,
KYRGYZSTAN,Overnights visitors (tourists),Thousands,2017,
KYRGYZSTAN,Same-day visitors (excursionists),Thousands,2017,
LAO PEOPLE´S DEMOCRATIC REPUBLIC,Total trips,Thousands,2017,
LAO PEOPLE´S DEMOCRATIC REPUBLIC,Overnights visitors (tourists),Thousands,2017,
LAO PEOPLE´S DEMOCRATIC REPUBLIC,Same-day visitors (excursionists),Thousands,2017,
LATVIA,Total trips,Thousands,2017,
LATVIA,Overnights visitors (tourists),Thousands,2017,
LATVIA,Same-day visitors (excursionists),Thousands,2017,
LEBANON,Total trips,Thousands,2017,
LEBANON,Overnights visitors (tourists),Thousands,2017,
LEBANON,Same-day visitors (excursionists),Thousands,2017,
LESOTHO,Total trips,Thousands,2017,
LESOTHO,Overnights visitors (tourists),Thousands,2017,
LESOTHO,Same-day visitors (excursionists),Thousands,2017,
LIBERIA,Total trips,Thousands,2017,
LIBERIA,Overnights visitors (tourists),Thousands,2017,
LIBERIA,Same-day visitors (excursionists),Thousands,2017,
LIBYA,Total trips,Thousands,2017,
LIBYA,Overnights visitors (tourists),Thousands,2017,
LIBYA,Same-day visitors (excursionists),Thousands,2017,
LIECHTENSTEIN,Total trips,Thousands,2017,
LIECHTENSTEIN,Overnights visitors (tourists),Thousands,2017,
LIECHTENSTEIN,Same-day visitors (excursionists),Thousands,2017,
LITHUANIA,Total trips,Thousands,2017,
LITHUANIA,Overnights visitors (tourists),Thousands,2017,
LITHUANIA,Same-day visitors (excursionists),Thousands,2017,
LUXEMBOURG,Total trips,Thousands,2017,
LUXEMBOURG,Overnights visitors (tourists),Thousands,2017,110.0
LUXEMBOURG,Same-day visitors (excursionists),Thousands,2017,
"MACAO, CHINA",Total trips,Thousands,2017,
"MACAO, CHINA",Overnights visitors (tourists),Thousands,2017,
"MACAO, CHINA",Same-day visitors (excursionists),Thousands,2017,
MADAGASCAR,Total trips,Thousands,2017,48.0
MADAGASCAR,Overnights visitors (tourists),Thousands,2017,7.0
MADAGASCAR,Same-day visitors (excursionists),Thousands,2017,41.0
MALAWI,Total trips,Thousands,2017,
MALAWI,Overnights visitors (tourists),Thousands,2017,
MALAWI,Same-day visitors (excursionists),Thousands,2017,
MALAYSIA,Total trips,Thousands,2017,
MALAYSIA,Overnights visitors (tourists),Thousands,2017,
MALAYSIA,Same-day visitors (excursionists),Thousands,2017,
MALDIVES,Total trips,Thousands,2017,
MALDIVES,Overnights visitors (tourists),Thousands,2017,
MALDIVES,Same-day visitors (excursionists),Thousands,2017,
MALI,Total trips,Thousands,2017,
MALI,Overnights visitors (tourists),Thousands,2017,24.0
MALI,Same-day visitors (excursionists),Thousands,2017,
MALTA,Total trips,Thousands,2017,
MALTA,Overnights visitors (tourists),Thousands,2017,261.0
MALTA,Same-day visitors (excursionists),Thousands,2017,
MARSHALL ISLANDS,Total trips,Thousands,2017,
MARSHALL ISLANDS,Overnights visitors (tourists),Thousands,2017,
MARSHALL ISLANDS,Same-day visitors (excursionists),Thousands,2017,
MARTINIQUE,Total trips,Thousands,2017,
MARTINIQUE,Overnights visitors (tourists),Thousands,2017,
MARTINIQUE,Same-day visitors (excursionists),Thousands,2017,
MAURITANIA,Total trips,Thousands,2017,
MAURITANIA,Overnights visitors (tourists),Thousands,2017,
MAURITANIA,Same-day visitors (excursionists),Thousands,2017,
MAURITIUS,Total trips,Thousands,2017,
MAURITIUS,Overnights visitors (tourists),Thousands,2017,
MAURITIUS,Same-day visitors (excursionists),Thousands,2017,
MEXICO,Total trips,Thousands,2017,
MEXICO,Overnights visitors (tourists),Thousands,2017,
MEXICO,Same-day visitors (excursionists),Thousands,2017,
"MICRONESIA, FEDERATED STATES OF",Total trips,Thousands,2017,
"MICRONESIA, FEDERATED STATES OF",Overnights visitors (tourists),Thousands,2017,
"MICRONESIA, FEDERATED STATES OF",Same-day visitors (excursionists),Thousands,2017,
"MOLDOVA, REPUBLIC OF",Total trips,Thousands,2017,38.0
"MOLDOVA, REPUBLIC OF",Overnights visitors (tourists),Thousands,2017,26.0
"MOLDOVA, REPUBLIC OF",Same-day visitors (excursionists),Thousands,2017,12.0
MONACO,Total trips,Thousands,2017,
MONACO,Overnights visitors (tourists),Thousands,2017,
MONACO,Same-day visitors (excursionists),Thousands,2017,
MONGOLIA,Total trips,Thousands,2017,
MONGOLIA,Overnights visitors (tourists),Thousands,2017,
MONGOLIA,Same-day visitors (excursionists),Thousands,2017,
MONTENEGRO,Total trips,Thousands,2017,
MONTENEGRO,Overnights visitors (tourists),Thousands,2017,
MONTENEGRO,Same-day visitors (excursionists),Thousands,2017,
MONTSERRAT,Total trips,Thousands,2017,
MONTSERRAT,Overnights visitors (tourists),Thousands,2017,
MONTSERRAT,Same-day visitors (excursionists),Thousands,2017,
MOROCCO,Total trips,Thousands,2017,
MOROCCO,Overnights visitors (tourists),Thousands,2017,
MOROCCO,Same-day visitors (excursionists),Thousands,2017,
MOZAMBIQUE,Total trips,Thousands,2017,
MOZAMBIQUE,Overnights visitors (tourists),Thousands,2017,
MOZAMBIQUE,Same-day visitors (excursionists),Thousands,2017,
MYANMAR,Total trips,Thousands,2017,
MYANMAR,Overnights visitors (tourists),Thousands,2017,
MYANMAR,Same-day visitors (excursionists),Thousands,2017,
NAMIBIA,Total trips,Thousands,2017,
NAMIBIA,Overnights visitors (tourists),Thousands,2017,
NAMIBIA,Same-day visitors (excursionists),Thousands,2017,
NAURU,Total trips,Thousands,2017,
NAURU,Overnights visitors (tourists),Thousands,2017,
NAURU,Same-day visitors (excursionists),Thousands,2017,
NEPAL,Total trips,Thousands,2017,
NEPAL,Overnights visitors (tourists),Thousands,2017,
NEPAL,Same-day visitors (excursionists),Thousands,2017,
NETHERLANDS,Total trips,Thousands,2017,
NETHERLANDS,Overnights visitors (tourists),Thousands,2017,
NETHERLANDS,Same-day visitors (excursionists),Thousands,2017,
NEW CALEDONIA,Total trips,Thousands,2017,
NEW CALEDONIA,Overnights visitors (tourists),Thousands,2017,
NEW CALEDONIA,Same-day visitors (excursionists),Thousands,2017,
NEW ZEALAND,Total trips,Thousands,2017,
NEW ZEALAND,Overnights visitors (tourists),Thousands,2017,
NEW ZEALAND,Same-day visitors (excursionists),Thousands,2017,
NICARAGUA,Total trips,Thousands,2017,
NICARAGUA,Overnights visitors (tourists),Thousands,2017,
NICARAGUA,Same-day visitors (excursionists),Thousands,2017,
NIGER,Total trips,Thousands,2017,
NIGER,Overnights visitors (tourists),Thousands,2017,
NIGER,Same-day visitors (excursionists),Thousands,2017,
NIGERIA,Total trips,Thousands,2017,
NIGERIA,Overnights visitors (tourists),Thousands,2017,
NIGERIA,Same-day visitors (excursionists),Thousands,2017,
NIUE,Total trips,Thousands,2017,
NIUE,Overnights visitors (tourists),Thousands,2017,
NIUE,Same-day visitors (excursionists),Thousands,2017,
NORTH MACEDONIA,Total trips,Thousands,2017,
NORTH MACEDONIA,Overnights visitors (tourists),Thousands,2017,
NORTH MACEDONIA,Same-day visitors (excursionists),Thousands,2017,
NORTHERN MARIANA ISLANDS,Total trips,Thousands,2017,
NORTHERN MARIANA ISLANDS,Overnights visitors (tourists),Thousands,2017,
NORTHERN MARIANA ISLANDS,Same-day visitors (excursionists),Thousands,2017,
NORWAY,Total trips,Thousands,2017,
NORWAY,Overnights visitors (tourists),Thousands,2017,
NORWAY,Same-day visitors (excursionists),Thousands,2017,
OMAN,Total trips,Thousands,2017,
OMAN,Overnights visitors (tourists),Thousands,2017,
OMAN,Same-day visitors (excursionists),Thousands,2017,
PAKISTAN,Total trips,Thousands,2017,
PAKISTAN,Overnights visitors (tourists),Thousands,2017,
PAKISTAN,Same-day visitors (excursionists),Thousands,2017,
PALAU,Total trips,Thousands,2017,
PALAU,Overnights visitors (tourists),Thousands,2017,
PALAU,Same-day visitors (excursionists),Thousands,2017,
PANAMA,Total trips,Thousands,2017,
PANAMA,Overnights visitors (tourists),Thousands,2017,
PANAMA,Same-day visitors (excursionists),Thousands,2017,
PAPUA NEW GUINEA,Total trips,Thousands,2017,
PAPUA NEW GUINEA,Overnights visitors (tourists),Thousands,2017,
PAPUA NEW GUINEA,Same-day visitors (excursionists),Thousands,2017,
PARAGUAY,Total trips,Thousands,2017,
PARAGUAY,Overnights visitors (tourists),Thousands,2017,
PARAGUAY,Same-day visitors (excursionists),Thousands,2017,
PERU,Total trips,Thousands,2017,
PERU,Overnights visitors (tourists),Thousands,2017,
PERU,Same-day visitors (excursionists),Thousands,2017,
PHILIPPINES,Total trips,Thousands,2017,
PHILIPPINES,Overnights visitors (tourists),Thousands,2017,
PHILIPPINES,Same-day visitors (excursionists),Thousands,2017,
POLAND,Total trips,Thousands,2017,
POLAND,Overnights visitors (tourists),Thousands,2017,
POLAND,Same-day visitors (excursionists),Thousands,2017,
PORTUGAL,Total trips,Thousands,2017,
PORTUGAL,Overnights visitors (tourists),Thousands,2017,
PORTUGAL,Same-day visitors (excursionists),Thousands,2017,
PUERTO RICO,Total trips,Thousands,2017,
PUERTO RICO,Overnights visitors (tourists),Thousands,2017,
PUERTO RICO,Same-day visitors (excursionists),Thousands,2017,
QATAR,Total trips,Thousands,2017,
QATAR,Overnights visitors (tourists),Thousands,2017,
QATAR,Same-day visitors (excursionists),Thousands,2017,
REUNION,Total trips,Thousands,2017,
REUNION,Overnights visitors (tourists),Thousands,2017,
REUNION,Same-day visitors (excursionists),Thousands,2017,
ROMANIA,Total trips,Thousands,2017,
ROMANIA,Overnights visitors (tourists),Thousands,2017,
ROMANIA,Same-day visitors (excursionists),Thousands,2017,
RUSSIAN FEDERATION,Total trips,Thousands,2017,
RUSSIAN FEDERATION,Overnights visitors (tourists),Thousands,2017,
RUSSIAN FEDERATION,Same-day visitors (excursionists),Thousands,2017,
RWANDA,Total trips,Thousands,2017,
RWANDA,Overnights visitors (tourists),Thousands,2017,
RWANDA,Same-day visitors (excursionists),Thousands,2017,
SABA,Total trips,Thousands,2017,
SABA,Overnights visitors (tourists),Thousands,2017,
SABA,Same-day visitors (excursionists),Thousands,2017,
SAINT KITTS AND NEVIS,Total trips,Thousands,2017,
SAINT KITTS AND NEVIS,Overnights visitors (tourists),Thousands,2017,
SAINT KITTS AND NEVIS,Same-day visitors (excursionists),Thousands,2017,
SAINT LUCIA,Total trips,Thousands,2017,
SAINT LUCIA,Overnights visitors (tourists),Thousands,2017,
SAINT LUCIA,Same-day visitors (excursionists),Thousands,2017,
SAINT VINCENT AND THE GRENADINES,Total trips,Thousands,2017,
SAINT VINCENT AND THE GRENADINES,Overnights visitors (tourists),Thousands,2017,
SAINT VINCENT AND THE GRENADINES,Same-day visitors (excursionists),Thousands,2017,
SAMOA,Total trips,Thousands,2017,
SAMOA,Overnights visitors (tourists),Thousands,2017,
SAMOA,Same-day visitors (excursionists),Thousands,2017,
SAN MARINO,Total trips,Thousands,2017,
SAN MARINO,Overnights visitors (tourists),Thousands,2017,
SAN MARINO,Same-day visitors (excursionists),Thousands,2017,
SAO TOME AND PRINCIPE,Total trips,Thousands,2017,
SAO TOME AND PRINCIPE,Overnights visitors (tourists),Thousands,2017,
SAO TOME AND PRINCIPE,Same-day visitors (excursionists),Thousands,2017,
SAUDI ARABIA,Total trips,Thousands,2017,
SAUDI ARABIA,Overnights visitors (tourists),Thousands,2017,
SAUDI ARABIA,Same-day visitors (excursionists),Thousands,2017,
SENEGAL,Total trips,Thousands,2017,
SENEGAL,Overnights visitors (tourists),Thousands,2017,548.0
SENEGAL,Same-day visitors (excursionists),Thousands,2017,
SERBIA,Total trips,Thousands,2017,
SERBIA,Overnights visitors (tourists),Thousands,2017,
SERBIA,Same-day visitors (excursionists),Thousands,2017,
SERBIA AND MONTENEGRO,Total trips,Thousands,2017,
SERBIA AND MONTENEGRO,Overnights visitors (tourists),Thousands,2017,
SERBIA AND MONTENEGRO,Same-day visitors (excursionists),Thousands,2017,
SEYCHELLES,Total trips,Thousands,2017,
SEYCHELLES,Overnights visitors (tourists),Thousands,2017,
SEYCHELLES,Same-day visitors (excursionists),Thousands,2017,
SIERRA LEONE,Total trips,Thousands,2017,
SIERRA LEONE,Overnights visitors (tourists),Thousands,2017,
SIERRA LEONE,Same-day visitors (excursionists),Thousands,2017,
SINGAPORE,Total trips,Thousands,2017,
SINGAPORE,Overnights visitors (tourists),Thousands,2017,
SINGAPORE,Same-day visitors (excursionists),Thousands,2017,
SINT EUSTATIUS,Total trips,Thousands,2017,
SINT EUSTATIUS,Overnights visitors (tourists),Thousands,2017,
SINT EUSTATIUS,Same-day visitors (excursionists),Thousands,2017,
SINT MAARTEN (DUTCH PART),Total trips,Thousands,2017,
SINT MAARTEN (DUTCH PART),Overnights visitors (tourists),Thousands,2017,
SINT MAARTEN (DUTCH PART),Same-day visitors (excursionists),Thousands,2017,
SLOVAKIA,Total trips,Thousands,2017,
SLOVAKIA,Overnights visitors (tourists),Thousands,2017,
SLOVAKIA,Same-day visitors (excursionists),Thousands,2017,
SLOVENIA,Total trips,Thousands,2017,
SLOVENIA,Overnights visitors (tourists),Thousands,2017,
SLOVENIA,Same-day visitors (excursionists),Thousands,2017,
SOLOMON ISLANDS,Total trips,Thousands,2017,
SOLOMON ISLANDS,Overnights visitors (tourists),Thousands,2017,
SOLOMON ISLANDS,Same-day visitors (excursionists),Thousands,2017,
SOMALIA,Total trips,Thousands,2017,
SOMALIA,Overnights visitors (tourists),Thousands,2017,
SOMALIA,Same-day visitors (excursionists),Thousands,2017,
SOUTH AFRICA,Total trips,Thousands,2017,
SOUTH AFRICA,Overnights visitors (tourists),Thousands,2017,
SOUTH AFRICA,Same-day visitors (excursionists),Thousands,2017,
SOUTH SUDAN,Total trips,Thousands,2017,
SOUTH SUDAN,Overnights visitors (tourists),Thousands,2017,
SOUTH SUDAN,Same-day visitors (excursionists),Thousands,2017,
SPAIN,Total trips,Thousands,2017,
SPAIN,Overnights visitors (tourists),Thousands,2017,
SPAIN,Same-day visitors (excursionists),Thousands,2017,
SRI LANKA,Total trips,Thousands,2017,
SRI LANKA,Overnights visitors (tourists),Thousands,2017,
SRI LANKA,Same-day visitors (excursionists),Thousands,2017,
STATE OF PALESTINE,Total trips,Thousands,2017,
STATE OF PALESTINE,Overnights visitors (tourists),Thousands,2017,43.0
STATE OF PALESTINE,Same-day visitors (excursionists),Thousands,2017,
SUDAN,Total trips,Thousands,2017,
SUDAN,Overnights visitors (tourists),Thousands,2017,
SUDAN,Same-day visitors (excursionists),Thousands,2017,
SURINAME,Total trips,Thousands,2017,
SURINAME,Overnights visitors (tourists),Thousands,2017,
SURINAME,Same-day visitors (excursionists),Thousands,2017,
SWEDEN,Total trips,Thousands,2017,
SWEDEN,Overnights visitors (tourists),Thousands,2017,
SWEDEN,Same-day visitors (excursionists),Thousands,2017,
SWITZERLAND,Total trips,Thousands,2017,
SWITZERLAND,Overnights visitors (tourists),Thousands,2017,
SWITZERLAND,Same-day visitors (excursionists),Thousands,2017,
SYRIAN ARAB REPUBLIC,Total trips,Thousands,2017,
SYRIAN ARAB REPUBLIC,Overnights visitors (tourists),Thousands,2017,
SYRIAN ARAB REPUBLIC,Same-day visitors (excursionists),Thousands,2017,
TAIWAN PROVINCE OF CHINA,Total trips,Thousands,2017,
TAIWAN PROVINCE OF CHINA,Overnights visitors (tourists),Thousands,2017,
TAIWAN PROVINCE OF CHINA,Same-day visitors (excursionists),Thousands,2017,
TAJIKISTAN,Total trips,Thousands,2017,223.0
TAJIKISTAN,Overnights visitors (tourists),Thousands,2017,146.0
TAJIKISTAN,Same-day visitors (excursionists),Thousands,2017,77.0
"TANZANIA, UNITED REPUBLIC OF",Total trips,Thousands,2017,
"TANZANIA, UNITED REPUBLIC OF",Overnights visitors (tourists),Thousands,2017,
"TANZANIA, UNITED REPUBLIC OF",Same-day visitors (excursionists),Thousands,2017,
THAILAND,Total trips,Thousands,2017,
THAILAND,Overnights visitors (tourists),Thousands,2017,
THAILAND,Same-day visitors (excursionists),Thousands,2017,
TIMOR-LESTE,Total trips,Thousands,2017,
TIMOR-LESTE,Overnights visitors (tourists),Thousands,2017,
TIMOR-LESTE,Same-day visitors (excursionists),Thousands,2017,
TOGO,Total trips,Thousands,2017,
TOGO,Overnights visitors (tourists),Thousands,2017,
TOGO,Same-day visitors (excursionists),Thousands,2017,
TONGA,Total trips,Thousands,2017,
TONGA,Overnights visitors (tourists),Thousands,2017,
TONGA,Same-day visitors (excursionists),Thousands,2017,
TRINIDAD AND TOBAGO,Total trips,Thousands,2017,
TRINIDAD AND TOBAGO,Overnights visitors (tourists),Thousands,2017,
TRINIDAD AND TOBAGO,Same-day visitors (excursionists),Thousands,2017,
TUNISIA,Total trips,Thousands,2017,
TUNISIA,Overnights visitors (tourists),Thousands,2017,
TUNISIA,Same-day visitors (excursionists),Thousands,2017,
TÜRKIYE,Total trips,Thousands,2017,
TÜRKIYE,Overnights visitors (tourists),Thousands,2017,
TÜRKIYE,Same-day visitors (excursionists),Thousands,2017,
TURKMENISTAN,Total trips,Thousands,2017,
TURKMENISTAN,Overnights visitors (tourists),Thousands,2017,
TURKMENISTAN,Same-day visitors (excursionists),Thousands,2017,
TURKS AND CAICOS ISLANDS,Total trips,Thousands,2017,
TURKS AND CAICOS ISLANDS,Overnights visitors (tourists),Thousands,2017,
TURKS AND CAICOS ISLANDS,Same-day visitors (excursionists),Thousands,2017,
TUVALU,Total trips,Thousands,2017,
TUVALU,Overnights visitors (tourists),Thousands,2017,
TUVALU,Same-day visitors (excursionists),Thousands,2017,
UGANDA,Total trips,Thousands,2017,
UGANDA,Overnights visitors (tourists),Thousands,2017,
UGANDA,Same-day visitors (excursionists),Thousands,2017,
UKRAINE,Total trips,Thousands,2017,
UKRAINE,Overnights visitors (tourists),Thousands,2017,
UKRAINE,Same-day visitors (excursionists),Thousands,2017,
UNITED ARAB EMIRATES,Total trips,Thousands,2017,
UNITED ARAB EMIRATES,Overnights visitors (tourists),Thousands,2017,
UNITED ARAB EMIRATES,Same-day visitors (excursionists),Thousands,2017,
UNITED KINGDOM,Total trips,Thousands,2017,
UNITED KINGDOM,Overnights visitors (tourists),Thousands,2017,
UNITED KINGDOM,Same-day visitors (excursionists),Thousands,2017,
UNITED STATES OF AMERICA,Total trips,Thousands,2017,
UNITED STATES OF AMERICA,Overnights visitors (tourists),Thousands,2017,
UNITED STATES OF AMERICA,Same-day visitors (excursionists),Thousands,2017,
UNITED STATES VIRGIN ISLANDS,Total trips,Thousands,2017,
UNITED STATES VIRGIN ISLANDS,Overnights visitors (tourists),Thousands,2017,
UNITED STATES VIRGIN ISLANDS,Same-day visitors (excursionists),Thousands,2017,
URUGUAY,Total trips,Thousands,2017,
URUGUAY,Overnights visitors (tourists),Thousands,2017,
URUGUAY,Same-day visitors (excursionists),Thousands,2017,
UZBEKISTAN,Total trips,Thousands,2017,
UZBEKISTAN,Overnights visitors (tourists),Thousands,2017,
UZBEKISTAN,Same-day visitors (excursionists),Thousands,2017,
VANUATU,Total trips,Thousands,2017,
VANUATU,Overnights visitors (tourists),Thousands,2017,
VANUATU,Same-day visitors (excursionists),Thousands,2017,
"VENEZUELA, BOLIVARIAN REPUBLIC OF",Total trips,Thousands,2017,
"VENEZUELA, BOLIVARIAN REPUBLIC OF",Overnights visitors (tourists),Thousands,2017,
"VENEZUELA, BOLIVARIAN REPUBLIC OF",Same-day visitors (excursionists),Thousands,2017,
VIET NAM,Total trips,Thousands,2017,
VIET NAM,Overnights visitors (tourists),Thousands,2017,
VIET NAM,Same-day visitors (excursionists),Thousands,2017,
YEMEN,Total trips,Thousands,2017,
YEMEN,Overnights visitors (tourists),Thousands,2017,
YEMEN,Same-day visitors (excursionists),Thousands,2017,
ZAMBIA,Total trips,Thousands,2017,
ZAMBIA,Overnights visitors (tourists),Thousands,2017,
ZAMBIA,Same-day visitors (excursionists),Thousands,2017,
ZIMBABWE,Total trips,Thousands,2017,
ZIMBABWE,Overnights visitors (tourists),Thousands,2017,
ZIMBABWE,Same-day visitors (excursionists),Thousands,2017,
AFGHANISTAN,Total trips,Thousands,2018,
AFGHANISTAN,Overnights visitors (tourists),Thousands,2018,
AFGHANISTAN,Same-day visitors (excursionists),Thousands,2018,
ALBANIA,Total trips,Thousands,2018,
ALBANIA,Overnights visitors (tourists),Thousands,2018,
ALBANIA,Same-day visitors (excursionists),Thousands,2018,
ALGERIA,Total trips,Thousands,2018,
ALGERIA,Overnights visitors (tourists),Thousands,2018,
ALGERIA,Same-day visitors (excursionists),Thousands,2018,
AMERICAN SAMOA,Total trips,Thousands,2018,
AMERICAN SAMOA,Overnights visitors (tourists),Thousands,2018,
AMERICAN SAMOA,Same-day visitors (excursionists),Thousands,2018,
ANDORRA,Total trips,Thousands,2018,
ANDORRA,Overnights visitors (tourists),Thousands,2018,
ANDORRA,Same-day visitors (excursionists),Thousands,2018,
ANGOLA,Total trips,Thousands,2018,
ANGOLA,Overnights visitors (tourists),Thousands,2018,
ANGOLA,Same-day visitors (excursionists),Thousands,2018,
ANGUILLA,Total trips,Thousands,2018,
ANGUILLA,Overnights visitors (tourists),Thousands,2018,
ANGUILLA,Same-day visitors (excursionists),Thousands,2018,
ANTIGUA AND BARBUDA,Total trips,Thousands,2018,
ANTIGUA AND BARBUDA,Overnights visitors (tourists),Thousands,2018,
ANTIGUA AND BARBUDA,Same-day visitors (excursionists),Thousands,2018,
ARGENTINA,Total trips,Thousands,2018,
ARGENTINA,Overnights visitors (tourists),Thousands,2018,
ARGENTINA,Same-day visitors (excursionists),Thousands,2018,
ARMENIA,Total trips,Thousands,2018,
ARMENIA,Overnights visitors (tourists),Thousands,2018,
ARMENIA,Same-day visitors (excursionists),Thousands,2018,
ARUBA,Total trips,Thousands,2018,
ARUBA,Overnights visitors (tourists),Thousands,2018,
ARUBA,Same-day visitors (excursionists),Thousands,2018,
AUSTRALIA,Total trips,Thousands,2018,
AUSTRALIA,Overnights visitors (tourists),Thousands,2018,
AUSTRALIA,Same-day visitors (excursionists),Thousands,2018,
AUSTRIA,Total trips,Thousands,2018,
AUSTRIA,Overnights visitors (tourists),Thousands,2018,
AUSTRIA,Same-day visitors (excursionists),Thousands,2018,
AZERBAIJAN,Total trips,Thousands,2018,
AZERBAIJAN,Overnights visitors (tourists),Thousands,2018,
AZERBAIJAN,Same-day visitors (excursionists),Thousands,2018,
BAHAMAS,Total trips,Thousands,2018,
BAHAMAS,Overnights visitors (tourists),Thousands,2018,
BAHAMAS,Same-day visitors (excursionists),Thousands,2018,
BAHRAIN,Total trips,Thousands,2018,
BAHRAIN,Overnights visitors (tourists),Thousands,2018,117.0
BAHRAIN,Same-day visitors (excursionists),Thousands,2018,
BANGLADESH,Total trips,Thousands,2018,
BANGLADESH,Overnights visitors (tourists),Thousands,2018,
BANGLADESH,Same-day visitors (excursionists),Thousands,2018,
BARBADOS,Total trips,Thousands,2018,
BARBADOS,Overnights visitors (tourists),Thousands,2018,
BARBADOS,Same-day visitors (excursionists),Thousands,2018,
BELARUS,Total trips,Thousands,2018,
BELARUS,Overnights visitors (tourists),Thousands,2018,
BELARUS,Same-day visitors (excursionists),Thousands,2018,943.0
BELGIUM,Total trips,Thousands,2018,
BELGIUM,Overnights visitors (tourists),Thousands,2018,
BELGIUM,Same-day visitors (excursionists),Thousands,2018,
BELIZE,Total trips,Thousands,2018,
BELIZE,Overnights visitors (tourists),Thousands,2018,
BELIZE,Same-day visitors (excursionists),Thousands,2018,
BENIN,Total trips,Thousands,2018,
BENIN,Overnights visitors (tourists),Thousands,2018,
BENIN,Same-day visitors (excursionists),Thousands,2018,
BERMUDA,Total trips,Thousands,2018,
BERMUDA,Overnights visitors (tourists),Thousands,2018,
BERMUDA,Same-day visitors (excursionists),Thousands,2018,
BHUTAN,Total trips,Thousands,2018,
BHUTAN,Overnights visitors (tourists),Thousands,2018,
BHUTAN,Same-day visitors (excursionists),Thousands,2018,
"BOLIVIA, PLURINATIONAL STATE OF",Total trips,Thousands,2018,
"BOLIVIA, PLURINATIONAL STATE OF",Overnights visitors (tourists),Thousands,2018,
"BOLIVIA, PLURINATIONAL STATE OF",Same-day visitors (excursionists),Thousands,2018,
BONAIRE,Total trips,Thousands,2018,
BONAIRE,Overnights visitors (tourists),Thousands,2018,
BONAIRE,Same-day visitors (excursionists),Thousands,2018,
BOSNIA AND HERZEGOVINA,Total trips,Thousands,2018,
BOSNIA AND HERZEGOVINA,Overnights visitors (tourists),Thousands,2018,
BOSNIA AND HERZEGOVINA,Same-day visitors (excursionists),Thousands,2018,
BOTSWANA,Total trips,Thousands,2018,
BOTSWANA,Overnights visitors (tourists),Thousands,2018,
BOTSWANA,Same-day visitors (excursionists),Thousands,2018,
BRAZIL,Total trips,Thousands,2018,
BRAZIL,Overnights visitors (tourists),Thousands,2018,
BRAZIL,Same-day visitors (excursionists),Thousands,2018,
BRITISH VIRGIN ISLANDS,Total trips,Thousands,2018,
BRITISH VIRGIN ISLANDS,Overnights visitors (tourists),Thousands,2018,
BRITISH VIRGIN ISLANDS,Same-day visitors (excursionists),Thousands,2018,
BRUNEI DARUSSALAM,Total trips,Thousands,2018,
BRUNEI DARUSSALAM,Overnights visitors (tourists),Thousands,2018,
BRUNEI DARUSSALAM,Same-day visitors (excursionists),Thousands,2018,
BULGARIA,Total trips,Thousands,2018,
BULGARIA,Overnights visitors (tourists),Thousands,2018,
BULGARIA,Same-day visitors (excursionists),Thousands,2018,
BURKINA FASO,Total trips,Thousands,2018,
BURKINA FASO,Overnights visitors (tourists),Thousands,2018,
BURKINA FASO,Same-day visitors (excursionists),Thousands,2018,
BURUNDI,Total trips,Thousands,2018,
BURUNDI,Overnights visitors (tourists),Thousands,2018,
BURUNDI,Same-day visitors (excursionists),Thousands,2018,
CABO VERDE,Total trips,Thousands,2018,
CABO VERDE,Overnights visitors (tourists),Thousands,2018,
CABO VERDE,Same-day visitors (excursionists),Thousands,2018,
CAMBODIA,Total trips,Thousands,2018,
CAMBODIA,Overnights visitors (tourists),Thousands,2018,
CAMBODIA,Same-day visitors (excursionists),Thousands,2018,
CAMEROON,Total trips,Thousands,2018,
CAMEROON,Overnights visitors (tourists),Thousands,2018,
CAMEROON,Same-day visitors (excursionists),Thousands,2018,
CANADA,Total trips,Thousands,2018,
CANADA,Overnights visitors (tourists),Thousands,2018,
CANADA,Same-day visitors (excursionists),Thousands,2018,
CAYMAN ISLANDS,Total trips,Thousands,2018,
CAYMAN ISLANDS,Overnights visitors (tourists),Thousands,2018,
CAYMAN ISLANDS,Same-day visitors (excursionists),Thousands,2018,
CENTRAL AFRICAN REPUBLIC,Total trips,Thousands,2018,
CENTRAL AFRICAN REPUBLIC,Overnights visitors (tourists),Thousands,2018,
CENTRAL AFRICAN REPUBLIC,Same-day visitors (excursionists),Thousands,2018,
CHAD,Total trips,Thousands,2018,
CHAD,Overnights visitors (tourists),Thousands,2018,
CHAD,Same-day visitors (excursionists),Thousands,2018,
CHILE,Total trips,Thousands,2018,
CHILE,Overnights visitors (tourists),Thousands,2018,
CHILE,Same-day visitors (excursionists),Thousands,2018,
CHINA,Total trips,Thousands,2018,
CHINA,Overnights visitors (tourists),Thousands,2018,
CHINA,Same-day visitors (excursionists),Thousands,2018,
COLOMBIA,Total trips,Thousands,2018,
COLOMBIA,Overnights visitors (tourists),Thousands,2018,
COLOMBIA,Same-day visitors (excursionists),Thousands,2018,
COMOROS,Total trips,Thousands,2018,
COMOROS,Overnights visitors (tourists),Thousands,2018,
COMOROS,Same-day visitors (excursionists),Thousands,2018,
CONGO,Total trips,Thousands,2018,
CONGO,Overnights visitors (tourists),Thousands,2018,
CONGO,Same-day visitors (excursionists),Thousands,2018,
"CONGO, DEMOCRATIC REPUBLIC OF THE",Total trips,Thousands,2018,
"CONGO, DEMOCRATIC REPUBLIC OF THE",Overnights visitors (tourists),Thousands,2018,
"CONGO, DEMOCRATIC REPUBLIC OF THE",Same-day visitors (excursionists),Thousands,2018,
COOK ISLANDS,Total trips,Thousands,2018,
COOK ISLANDS,Overnights visitors (tourists),Thousands,2018,
COOK ISLANDS,Same-day visitors (excursionists),Thousands,2018,
COSTA RICA,Total trips,Thousands,2018,
COSTA RICA,Overnights visitors (tourists),Thousands,2018,
COSTA RICA,Same-day visitors (excursionists),Thousands,2018,
COTE D´IVOIRE,Total trips,Thousands,2018,
COTE D´IVOIRE,Overnights visitors (tourists),Thousands,2018,
COTE D´IVOIRE,Same-day visitors (excursionists),Thousands,2018,
CROATIA,Total trips,Thousands,2018,
CROATIA,Overnights visitors (tourists),Thousands,2018,
CROATIA,Same-day visitors (excursionists),Thousands,2018,
CUBA,Total trips,Thousands,2018,
CUBA,Overnights visitors (tourists),Thousands,2018,
CUBA,Same-day visitors (excursionists),Thousands,2018,
CURAÇAO,Total trips,Thousands,2018,
CURAÇAO,Overnights visitors (tourists),Thousands,2018,
CURAÇAO,Same-day visitors (excursionists),Thousands,2018,
CYPRUS,Total trips,Thousands,2018,
CYPRUS,Overnights visitors (tourists),Thousands,2018,
CYPRUS,Same-day visitors (excursionists),Thousands,2018,
CZECH REPUBLIC (CZECHIA),Total trips,Thousands,2018,
CZECH REPUBLIC (CZECHIA),Overnights visitors (tourists),Thousands,2018,
CZECH REPUBLIC (CZECHIA),Same-day visitors (excursionists),Thousands,2018,
DENMARK,Total trips,Thousands,2018,
DENMARK,Overnights visitors (tourists),Thousands,2018,
DENMARK,Same-day visitors (excursionists),Thousands,2018,
DJIBOUTI,Total trips,Thousands,2018,
DJIBOUTI,Overnights visitors (tourists),Thousands,2018,
DJIBOUTI,Same-day visitors (excursionists),Thousands,2018,
DOMINICA,Total trips,Thousands,2018,
DOMINICA,Overnights visitors (tourists),Thousands,2018,
DOMINICA,Same-day visitors (excursionists),Thousands,2018,
DOMINICAN REPUBLIC,Total trips,Thousands,2018,
DOMINICAN REPUBLIC,Overnights visitors (tourists),Thousands,2018,
DOMINICAN REPUBLIC,Same-day visitors (excursionists),Thousands,2018,
ECUADOR,Total trips,Thousands,2018,
ECUADOR,Overnights visitors (tourists),Thousands,2018,
ECUADOR,Same-day visitors (excursionists),Thousands,2018,
EGYPT,Total trips,Thousands,2018,
EGYPT,Overnights visitors (tourists),Thousands,2018,
EGYPT,Same-day visitors (excursionists),Thousands,2018,
EL SALVADOR,Total trips,Thousands,2018,
EL SALVADOR,Overnights visitors (tourists),Thousands,2018,
EL SALVADOR,Same-day visitors (excursionists),Thousands,2018,
EQUATORIAL GUINEA,Total trips,Thousands,2018,
EQUATORIAL GUINEA,Overnights visitors (tourists),Thousands,2018,
EQUATORIAL GUINEA,Same-day visitors (excursionists),Thousands,2018,
ERITREA,Total trips,Thousands,2018,
ERITREA,Overnights visitors (tourists),Thousands,2018,
ERITREA,Same-day visitors (excursionists),Thousands,2018,
ESTONIA,Total trips,Thousands,2018,
ESTONIA,Overnights visitors (tourists),Thousands,2018,
ESTONIA,Same-day visitors (excursionists),Thousands,2018,
ESWATINI,Total trips,Thousands,2018,237.0
ESWATINI,Overnights visitors (tourists),Thousands,2018,118.0
ESWATINI,Same-day visitors (excursionists),Thousands,2018,119.0
ETHIOPIA,Total trips,Thousands,2018,
ETHIOPIA,Overnights visitors (tourists),Thousands,2018,
ETHIOPIA,Same-day visitors (excursionists),Thousands,2018,
FIJI,Total trips,Thousands,2018,
FIJI,Overnights visitors (tourists),Thousands,2018,
FIJI,Same-day visitors (excursionists),Thousands,2018,
FINLAND,Total trips,Thousands,2018,
FINLAND,Overnights visitors (tourists),Thousands,2018,
FINLAND,Same-day visitors (excursionists),Thousands,2018,
FRANCE,Total trips,Thousands,2018,
FRANCE,Overnights visitors (tourists),Thousands,2018,
FRANCE,Same-day visitors (excursionists),Thousands,2018,
FRENCH GUIANA,Total trips,Thousands,2018,
FRENCH GUIANA,Overnights visitors (tourists),Thousands,2018,
FRENCH GUIANA,Same-day visitors (excursionists),Thousands,2018,
FRENCH POLYNESIA,Total trips,Thousands,2018,
FRENCH POLYNESIA,Overnights visitors (tourists),Thousands,2018,
FRENCH POLYNESIA,Same-day visitors (excursionists),Thousands,2018,
GABON,Total trips,Thousands,2018,
GABON,Overnights visitors (tourists),Thousands,2018,
GABON,Same-day visitors (excursionists),Thousands,2018,
GAMBIA,Total trips,Thousands,2018,
GAMBIA,Overnights visitors (tourists),Thousands,2018,
GAMBIA,Same-day visitors (excursionists),Thousands,2018,
GEORGIA,Total trips,Thousands,2018,
GEORGIA,Overnights visitors (tourists),Thousands,2018,
GEORGIA,Same-day visitors (excursionists),Thousands,2018,
GERMANY,Total trips,Thousands,2018,
GERMANY,Overnights visitors (tourists),Thousands,2018,
GERMANY,Same-day visitors (excursionists),Thousands,2018,
GHANA,Total trips,Thousands,2018,635.0
GHANA,Overnights visitors (tourists),Thousands,2018,
GHANA,Same-day visitors (excursionists),Thousands,2018,
GREECE,Total trips,Thousands,2018,
GREECE,Overnights visitors (tourists),Thousands,2018,
GREECE,Same-day visitors (excursionists),Thousands,2018,
GRENADA,Total trips,Thousands,2018,
GRENADA,Overnights visitors (tourists),Thousands,2018,
GRENADA,Same-day visitors (excursionists),Thousands,2018,
GUADELOUPE,Total trips,Thousands,2018,
GUADELOUPE,Overnights visitors (tourists),Thousands,2018,
GUADELOUPE,Same-day visitors (excursionists),Thousands,2018,
GUAM,Total trips,Thousands,2018,
GUAM,Overnights visitors (tourists),Thousands,2018,
GUAM,Same-day visitors (excursionists),Thousands,2018,
GUATEMALA,Total trips,Thousands,2018,
GUATEMALA,Overnights visitors (tourists),Thousands,2018,
GUATEMALA,Same-day visitors (excursionists),Thousands,2018,
GUINEA,Total trips,Thousands,2018,
GUINEA,Overnights visitors (tourists),Thousands,2018,
GUINEA,Same-day visitors (excursionists),Thousands,2018,
GUINEA-BISSAU,Total trips,Thousands,2018,
GUINEA-BISSAU,Overnights visitors (tourists),Thousands,2018,
GUINEA-BISSAU,Same-day visitors (excursionists),Thousands,2018,
GUYANA,Total trips,Thousands,2018,
GUYANA,Overnights visitors (tourists),Thousands,2018,
GUYANA,Same-day visitors (excursionists),Thousands,2018,
HAITI,Total trips,Thousands,2018,
HAITI,Overnights visitors (tourists),Thousands,2018,
HAITI,Same-day visitors (excursionists),Thousands,2018,
HONDURAS,Total trips,Thousands,2018,
HONDURAS,Overnights visitors (tourists),Thousands,2018,
HONDURAS,Same-day visitors (excursionists),Thousands,2018,
"HONG KONG, CHINA",Total trips,Thousands,2018,
"HONG KONG, CHINA",Overnights visitors (tourists),Thousands,2018,
"HONG KONG, CHINA",Same-day visitors (excursionists),Thousands,2018,
HUNGARY,Total trips,Thousands,2018,
HUNGARY,Overnights visitors (tourists),Thousands,2018,
HUNGARY,Same-day visitors (excursionists),Thousands,2018,
ICELAND,Total trips,Thousands,2018,
ICELAND,Overnights visitors (tourists),Thousands,2018,
ICELAND,Same-day visitors (excursionists),Thousands,2018,
INDIA,Total trips,Thousands,2018,
INDIA,Overnights visitors (tourists),Thousands,2018,
INDIA,Same-day visitors (excursionists),Thousands,2018,
INDONESIA,Total trips,Thousands,2018,
INDONESIA,Overnights visitors (tourists),Thousands,2018,
INDONESIA,Same-day visitors (excursionists),Thousands,2018,
"IRAN, ISLAMIC REPUBLIC OF",Total trips,Thousands,2018,
"IRAN, ISLAMIC REPUBLIC OF",Overnights visitors (tourists),Thousands,2018,
"IRAN, ISLAMIC REPUBLIC OF",Same-day visitors (excursionists),Thousands,2018,
IRAQ,Total trips,Thousands,2018,
IRAQ,Overnights visitors (tourists),Thousands,2018,
IRAQ,Same-day visitors (excursionists),Thousands,2018,
IRELAND,Total trips,Thousands,2018,
IRELAND,Overnights visitors (tourists),Thousands,2018,
IRELAND,Same-day visitors (excursionists),Thousands,2018,
ISRAEL,Total trips,Thousands,2018,
ISRAEL,Overnights visitors (tourists),Thousands,2018,
ISRAEL,Same-day visitors (excursionists),Thousands,2018,
ITALY,Total trips,Thousands,2018,
ITALY,Overnights visitors (tourists),Thousands,2018,
ITALY,Same-day visitors (excursionists),Thousands,2018,
JAMAICA,Total trips,Thousands,2018,
JAMAICA,Overnights visitors (tourists),Thousands,2018,
JAMAICA,Same-day visitors (excursionists),Thousands,2018,
JAPAN,Total trips,Thousands,2018,
JAPAN,Overnights visitors (tourists),Thousands,2018,
JAPAN,Same-day visitors (excursionists),Thousands,2018,
JORDAN,Total trips,Thousands,2018,
JORDAN,Overnights visitors (tourists),Thousands,2018,
JORDAN,Same-day visitors (excursionists),Thousands,2018,
KAZAKHSTAN,Total trips,Thousands,2018,
KAZAKHSTAN,Overnights visitors (tourists),Thousands,2018,
KAZAKHSTAN,Same-day visitors (excursionists),Thousands,2018,
KENYA,Total trips,Thousands,2018,
KENYA,Overnights visitors (tourists),Thousands,2018,
KENYA,Same-day visitors (excursionists),Thousands,2018,
KIRIBATI,Total trips,Thousands,2018,
KIRIBATI,Overnights visitors (tourists),Thousands,2018,
KIRIBATI,Same-day visitors (excursionists),Thousands,2018,
"KOREA, DEMOCRATIC PEOPLE´S REPUBLIC OF",Total trips,Thousands,2018,
"KOREA, DEMOCRATIC PEOPLE´S REPUBLIC OF",Overnights visitors (tourists),Thousands,2018,
"KOREA, DEMOCRATIC PEOPLE´S REPUBLIC OF",Same-day visitors (excursionists),Thousands,2018,
"KOREA, REPUBLIC OF",Total trips,Thousands,2018,
"KOREA, REPUBLIC OF",Overnights visitors (tourists),Thousands,2018,
"KOREA, REPUBLIC OF",Same-day visitors (excursionists),Thousands,2018,
KUWAIT,Total trips,Thousands,2018,
KUWAIT,Overnights visitors (tourists),Thousands,2018,
KUWAIT,Same-day visitors (excursionists),Thousands,2018,
KYRGYZSTAN,Total trips,Thousands,2018,
KYRGYZSTAN,Overnights visitors (tourists),Thousands,2018,
KYRGYZSTAN,Same-day visitors (excursionists),Thousands,2018,
LAO PEOPLE´S DEMOCRATIC REPUBLIC,Total trips,Thousands,2018,
LAO PEOPLE´S DEMOCRATIC REPUBLIC,Overnights visitors (tourists),Thousands,2018,
LAO PEOPLE´S DEMOCRATIC REPUBLIC,Same-day visitors (excursionists),Thousands,2018,
LATVIA,Total trips,Thousands,2018,
LATVIA,Overnights visitors (tourists),Thousands,2018,
LATVIA,Same-day visitors (excursionists),Thousands,2018,
LEBANON,Total trips,Thousands,2018,
LEBANON,Overnights visitors (tourists),Thousands,2018,
LEBANON,Same-day visitors (excursionists),Thousands,2018,
LESOTHO,Total trips,Thousands,2018,
LESOTHO,Overnights visitors (tourists),Thousands,2018,
LESOTHO,Same-day visitors (excursionists),Thousands,2018,
LIBERIA,Total trips,Thousands,2018,
LIBERIA,Overnights visitors (tourists),Thousands,2018,
LIBERIA,Same-day visitors (excursionists),Thousands,2018,
LIBYA,Total trips,Thousands,2018,
LIBYA,Overnights visitors (tourists),Thousands,2018,
LIBYA,Same-day visitors (excursionists),Thousands,2018,
LIECHTENSTEIN,Total trips,Thousands,2018,
LIECHTENSTEIN,Overnights visitors (tourists),Thousands,2018,
LIECHTENSTEIN,Same-day visitors (excursionists),Thousands,2018,
LITHUANIA,Total trips,Thousands,2018,
LITHUANIA,Overnights visitors (tourists),Thousands,2018,
LITHUANIA,Same-day visitors (excursionists),Thousands,2018,
LUXEMBOURG,Total trips,Thousands,2018,
LUXEMBOURG,Overnights visitors (tourists),Thousands,2018,121.0
LUXEMBOURG,Same-day visitors (excursionists),Thousands,2018,
"MACAO, CHINA",Total trips,Thousands,2018,
"MACAO, CHINA",Overnights visitors (tourists),Thousands,2018,
"MACAO, CHINA",Same-day visitors (excursionists),Thousands,2018,
MADAGASCAR,Total trips,Thousands,2018,54.0
MADAGASCAR,Overnights visitors (tourists),Thousands,2018,9.0
MADAGASCAR,Same-day visitors (excursionists),Thousands,2018,45.0
MALAWI,Total trips,Thousands,2018,
MALAWI,Overnights visitors (tourists),Thousands,2018,
MALAWI,Same-day visitors (excursionists),Thousands,2018,
MALAYSIA,Total trips,Thousands,2018,
MALAYSIA,Overnights visitors (tourists),Thousands,2018,
MALAYSIA,Same-day visitors (excursionists),Thousands,2018,
MALDIVES,Total trips,Thousands,2018,
MALDIVES,Overnights visitors (tourists),Thousands,2018,
MALDIVES,Same-day visitors (excursionists),Thousands,2018,
MALI,Total trips,Thousands,2018,
MALI,Overnights visitors (tourists),Thousands,2018,25.0
MALI,Same-day visitors (excursionists),Thousands,2018,
MALTA,Total trips,Thousands,2018,
MALTA,Overnights visitors (tourists),Thousands,2018,245.0
MALTA,Same-day visitors (excursionists),Thousands,2018,
MARSHALL ISLANDS,Total trips,Thousands,2018,
MARSHALL ISLANDS,Overnights visitors (tourists),Thousands,2018,
MARSHALL ISLANDS,Same-day visitors (excursionists),Thousands,2018,
MARTINIQUE,Total trips,Thousands,2018,
MARTINIQUE,Overnights visitors (tourists),Thousands,2018,
MARTINIQUE,Same-day visitors (excursionists),Thousands,2018,
MAURITANIA,Total trips,Thousands,2018,
MAURITANIA,Overnights visitors (tourists),Thousands,2018,
MAURITANIA,Same-day visitors (excursionists),Thousands,2018,
MAURITIUS,Total trips,Thousands,2018,
MAURITIUS,Overnights visitors (tourists),Thousands,2018,
MAURITIUS,Same-day visitors (excursionists),Thousands,2018,
MEXICO,Total trips,Thousands,2018,
MEXICO,Overnights visitors (tourists),Thousands,2018,
MEXICO,Same-day visitors (excursionists),Thousands,2018,
"MICRONESIA, FEDERATED STATES OF",Total trips,Thousands,2018,
"MICRONESIA, FEDERATED STATES OF",Overnights visitors (tourists),Thousands,2018,
"MICRONESIA, FEDERATED STATES OF",Same-day visitors (excursionists),Thousands,2018,
"MOLDOVA, REPUBLIC OF",Total trips,Thousands,2018,40.0
"MOLDOVA, REPUBLIC OF",Overnights visitors (tourists),Thousands,2018,28.0
"MOLDOVA, REPUBLIC OF",Same-day visitors (excursionists),Thousands,2018,12.0
MONACO,Total trips,Thousands,2018,
MONACO,Overnights visitors (tourists),Thousands,2018,
MONACO,Same-day visitors (excursionists),Thousands,2018,
MONGOLIA,Total trips,Thousands,2018,
MONGOLIA,Overnights visitors (tourists),Thousands,2018,
MONGOLIA,Same-day visitors (excursionists),Thousands,2018,
MONTENEGRO,Total trips,Thousands,2018,
MONTENEGRO,Overnights visitors (tourists),Thousands,2018,
MONTENEGRO,Same-day visitors (excursionists),Thousands,2018,
MONTSERRAT,Total trips,Thousands,2018,
MONTSERRAT,Overnights visitors (tourists),Thousands,2018,
MONTSERRAT,Same-day visitors (excursionists),Thousands,2018,
MOROCCO,Total trips,Thousands,2018,
MOROCCO,Overnights visitors (tourists),Thousands,2018,
MOROCCO,Same-day visitors (excursionists),Thousands,2018,
MOZAMBIQUE,Total trips,Thousands,2018,
MOZAMBIQUE,Overnights visitors (tourists),Thousands,2018,
MOZAMBIQUE,Same-day visitors (excursionists),Thousands,2018,
MYANMAR,Total trips,Thousands,2018,
MYANMAR,Overnights visitors (tourists),Thousands,2018,
MYANMAR,Same-day visitors (excursionists),Thousands,2018,
NAMIBIA,Total trips,Thousands,2018,
NAMIBIA,Overnights visitors (tourists),Thousands,2018,
NAMIBIA,Same-day visitors (excursionists),Thousands,2018,
NAURU,Total trips,Thousands,2018,
NAURU,Overnights visitors (tourists),Thousands,2018,
NAURU,Same-day visitors (excursionists),Thousands,2018,
NEPAL,Total trips,Thousands,2018,
NEPAL,Overnights visitors (tourists),Thousands,2018,
NEPAL,Same-day visitors (excursionists),Thousands,2018,
NETHERLANDS,Total trips,Thousands,2018,
NETHERLANDS,Overnights visitors (tourists),Thousands,2018,
NETHERLANDS,Same-day visitors (excursionists),Thousands,2018,
NEW CALEDONIA,Total trips,Thousands,2018,
NEW CALEDONIA,Overnights visitors (tourists),Thousands,2018,
NEW CALEDONIA,Same-day visitors (excursionists),Thousands,2018,
NEW ZEALAND,Total trips,Thousands,2018,
NEW ZEALAND,Overnights visitors (tourists),Thousands,2018,
NEW ZEALAND,Same-day visitors (excursionists),Thousands,2018,
NICARAGUA,Total trips,Thousands,2018,
NICARAGUA,Overnights visitors (tourists),Thousands,2018,
NICARAGUA,Same-day visitors (excursionists),Thousands,2018,
NIGER,Total trips,Thousands,2018,
NIGER,Overnights visitors (tourists),Thousands,2018,
NIGER,Same-day visitors (excursionists),Thousands,2018,
NIGERIA,Total trips,Thousands,2018,
NIGERIA,Overnights visitors (tourists),Thousands,2018,
NIGERIA,Same-day visitors (excursionists),Thousands,2018,
NIUE,Total trips,Thousands,2018,
NIUE,Overnights visitors (tourists),Thousands,2018,
NIUE,Same-day visitors (excursionists),Thousands,2018,
NORTH MACEDONIA,Total trips,Thousands,2018,
NORTH MACEDONIA,Overnights visitors (tourists),Thousands,2018,
NORTH MACEDONIA,Same-day visitors (excursionists),Thousands,2018,
NORTHERN MARIANA ISLANDS,Total trips,Thousands,2018,
NORTHERN MARIANA ISLANDS,Overnights visitors (tourists),Thousands,2018,
NORTHERN MARIANA ISLANDS,Same-day visitors (excursionists),Thousands,2018,
NORWAY,Total trips,Thousands,2018,
NORWAY,Overnights visitors (tourists),Thousands,2018,
NORWAY,Same-day visitors (excursionists),Thousands,2018,
OMAN,Total trips,Thousands,2018,
OMAN,Overnights visitors (tourists),Thousands,2018,
OMAN,Same-day visitors (excursionists),Thousands,2018,
PAKISTAN,Total trips,Thousands,2018,
PAKISTAN,Overnights visitors (tourists),Thousands,2018,
PAKISTAN,Same-day visitors (excursionists),Thousands,2018,
PALAU,Total trips,Thousands,2018,
PALAU,Overnights visitors (tourists),Thousands,2018,
PALAU,Same-day visitors (excursionists),Thousands,2018,
PANAMA,Total trips,Thousands,2018,
PANAMA,Overnights visitors (tourists),Thousands,2018,
PANAMA,Same-day visitors (excursionists),Thousands,2018,
PAPUA NEW GUINEA,Total trips,Thousands,2018,
PAPUA NEW GUINEA,Overnights visitors (tourists),Thousands,2018,
PAPUA NEW GUINEA,Same-day visitors (excursionists),Thousands,2018,
PARAGUAY,Total trips,Thousands,2018,
PARAGUAY,Overnights visitors (tourists),Thousands,2018,
PARAGUAY,Same-day visitors (excursionists),Thousands,2018,537.0
PERU,Total trips,Thousands,2018,
PERU,Overnights visitors (tourists),Thousands,2018,
PERU,Same-day visitors (excursionists),Thousands,2018,
PHILIPPINES,Total trips,Thousands,2018,
PHILIPPINES,Overnights visitors (tourists),Thousands,2018,
PHILIPPINES,Same-day visitors (excursionists),Thousands,2018,
POLAND,Total trips,Thousands,2018,
POLAND,Overnights visitors (tourists),Thousands,2018,
POLAND,Same-day visitors (excursionists),Thousands,2018,
PORTUGAL,Total trips,Thousands,2018,
PORTUGAL,Overnights visitors (tourists),Thousands,2018,
PORTUGAL,Same-day visitors (excursionists),Thousands,2018,
PUERTO RICO,Total trips,Thousands,2018,
PUERTO RICO,Overnights visitors (tourists),Thousands,2018,
PUERTO RICO,Same-day visitors (excursionists),Thousands,2018,
QATAR,Total trips,Thousands,2018,
QATAR,Overnights visitors (tourists),Thousands,2018,
QATAR,Same-day visitors (excursionists),Thousands,2018,
REUNION,Total trips,Thousands,2018,
REUNION,Overnights visitors (tourists),Thousands,2018,
REUNION,Same-day visitors (excursionists),Thousands,2018,
ROMANIA,Total trips,Thousands,2018,
ROMANIA,Overnights visitors (tourists),Thousands,2018,
ROMANIA,Same-day visitors (excursionists),Thousands,2018,
RUSSIAN FEDERATION,Total trips,Thousands,2018,
RUSSIAN FEDERATION,Overnights visitors (tourists),Thousands,2018,
RUSSIAN FEDERATION,Same-day visitors (excursionists),Thousands,2018,
RWANDA,Total trips,Thousands,2018,
RWANDA,Overnights visitors (tourists),Thousands,2018,
RWANDA,Same-day visitors (excursionists),Thousands,2018,
SABA,Total trips,Thousands,2018,
SABA,Overnights visitors (tourists),Thousands,2018,
SABA,Same-day visitors (excursionists),Thousands,2018,
SAINT KITTS AND NEVIS,Total trips,Thousands,2018,
SAINT KITTS AND NEVIS,Overnights visitors (tourists),Thousands,2018,
SAINT KITTS AND NEVIS,Same-day visitors (excursionists),Thousands,2018,
SAINT LUCIA,Total trips,Thousands,2018,
SAINT LUCIA,Overnights visitors (tourists),Thousands,2018,
SAINT LUCIA,Same-day visitors (excursionists),Thousands,2018,
SAINT VINCENT AND THE GRENADINES,Total trips,Thousands,2018,
SAINT VINCENT AND THE GRENADINES,Overnights visitors (tourists),Thousands,2018,
SAINT VINCENT AND THE GRENADINES,Same-day visitors (excursionists),Thousands,2018,
SAMOA,Total trips,Thousands,2018,
SAMOA,Overnights visitors (tourists),Thousands,2018,
SAMOA,Same-day visitors (excursionists),Thousands,2018,
SAN MARINO,Total trips,Thousands,2018,
SAN MARINO,Overnights visitors (tourists),Thousands,2018,
SAN MARINO,Same-day visitors (excursionists),Thousands,2018,
SAO TOME AND PRINCIPE,Total trips,Thousands,2018,
SAO TOME AND PRINCIPE,Overnights visitors (tourists),Thousands,2018,
SAO TOME AND PRINCIPE,Same-day visitors (excursionists),Thousands,2018,
SAUDI ARABIA,Total trips,Thousands,2018,
SAUDI ARABIA,Overnights visitors (tourists),Thousands,2018,
SAUDI ARABIA,Same-day visitors (excursionists),Thousands,2018,
SENEGAL,Total trips,Thousands,2018,
SENEGAL,Overnights visitors (tourists),Thousands,2018,
SENEGAL,Same-day visitors (excursionists),Thousands,2018,
SERBIA,Total trips,Thousands,2018,
SERBIA,Overnights visitors (tourists),Thousands,2018,
SERBIA,Same-day visitors (excursionists),Thousands,2018,
SERBIA AND MONTENEGRO,Total trips,Thousands,2018,
SERBIA AND MONTENEGRO,Overnights visitors (tourists),Thousands,2018,
SERBIA AND MONTENEGRO,Same-day visitors (excursionists),Thousands,2018,
SEYCHELLES,Total trips,Thousands,2018,
SEYCHELLES,Overnights visitors (tourists),Thousands,2018,
SEYCHELLES,Same-day visitors (excursionists),Thousands,2018,
SIERRA LEONE,Total trips,Thousands,2018,
SIERRA LEONE,Overnights visitors (tourists),Thousands,2018,
SIERRA LEONE,Same-day visitors (excursionists),Thousands,2018,
SINGAPORE,Total trips,Thousands,2018,
SINGAPORE,Overnights visitors (tourists),Thousands,2018,
SINGAPORE,Same-day visitors (excursionists),Thousands,2018,
SINT EUSTATIUS,Total trips,Thousands,2018,
SINT EUSTATIUS,Overnights visitors (tourists),Thousands,2018,
SINT EUSTATIUS,Same-day visitors (excursionists),Thousands,2018,
SINT MAARTEN (DUTCH PART),Total trips,Thousands,2018,
SINT MAARTEN (DUTCH PART),Overnights visitors (tourists),Thousands,2018,
SINT MAARTEN (DUTCH PART),Same-day visitors (excursionists),Thousands,2018,
SLOVAKIA,Total trips,Thousands,2018,
SLOVAKIA,Overnights visitors (tourists),Thousands,2018,
SLOVAKIA,Same-day visitors (excursionists),Thousands,2018,
SLOVENIA,Total trips,Thousands,2018,
SLOVENIA,Overnights visitors (tourists),Thousands,2018,
SLOVENIA,Same-day visitors (excursionists),Thousands,2018,
SOLOMON ISLANDS,Total trips,Thousands,2018,
SOLOMON ISLANDS,Overnights visitors (tourists),Thousands,2018,
SOLOMON ISLANDS,Same-day visitors (excursionists),Thousands,2018,
SOMALIA,Total trips,Thousands,2018,
SOMALIA,Overnights visitors (tourists),Thousands,2018,
SOMALIA,Same-day visitors (excursionists),Thousands,2018,
SOUTH AFRICA,Total trips,Thousands,2018,
SOUTH AFRICA,Overnights visitors (tourists),Thousands,2018,
SOUTH AFRICA,Same-day visitors (excursionists),Thousands,2018,
SOUTH SUDAN,Total trips,Thousands,2018,
SOUTH SUDAN,Overnights visitors (tourists),Thousands,2018,
SOUTH SUDAN,Same-day visitors (excursionists),Thousands,2018,
SPAIN,Total trips,Thousands,2018,
SPAIN,Overnights visitors (tourists),Thousands,2018,
SPAIN,Same-day visitors (excursionists),Thousands,2018,
SRI LANKA,Total trips,Thousands,2018,
SRI LANKA,Overnights visitors (tourists),Thousands,2018,
SRI LANKA,Same-day visitors (excursionists),Thousands,2018,
STATE OF PALESTINE,Total trips,Thousands,2018,
STATE OF PALESTINE,Overnights visitors (tourists),Thousands,2018,48.0
STATE OF PALESTINE,Same-day visitors (excursionists),Thousands,2018,
SUDAN,Total trips,Thousands,2018,
SUDAN,Overnights visitors (tourists),Thousands,2018,
SUDAN,Same-day visitors (excursionists),Thousands,2018,
SURINAME,Total trips,Thousands,2018,
SURINAME,Overnights visitors (tourists),Thousands,2018,
SURINAME,Same-day visitors (excursionists),Thousands,2018,
SWEDEN,Total trips,Thousands,2018,
SWEDEN,Overnights visitors (tourists),Thousands,2018,
SWEDEN,Same-day visitors (excursionists),Thousands,2018,
SWITZERLAND,Total trips,Thousands,2018,
SWITZERLAND,Overnights visitors (tourists),Thousands,2018,
SWITZERLAND,Same-day visitors (excursionists),Thousands,2018,
SYRIAN ARAB REPUBLIC,Total trips,Thousands,2018,
SYRIAN ARAB REPUBLIC,Overnights visitors (tourists),Thousands,2018,
SYRIAN ARAB REPUBLIC,Same-day visitors (excursionists),Thousands,2018,
TAIWAN PROVINCE OF CHINA,Total trips,Thousands,2018,
TAIWAN PROVINCE OF CHINA,Overnights visitors (tourists),Thousands,2018,
TAIWAN PROVINCE OF CHINA,Same-day visitors (excursionists),Thousands,2018,
TAJIKISTAN,Total trips,Thousands,2018,278.0
TAJIKISTAN,Overnights visitors (tourists),Thousands,2018,172.0
TAJIKISTAN,Same-day visitors (excursionists),Thousands,2018,106.0
"TANZANIA, UNITED REPUBLIC OF",Total trips,Thousands,2018,
"TANZANIA, UNITED REPUBLIC OF",Overnights visitors (tourists),Thousands,2018,
"TANZANIA, UNITED REPUBLIC OF",Same-day visitors (excursionists),Thousands,2018,
THAILAND,Total trips,Thousands,2018,
THAILAND,Overnights visitors (tourists),Thousands,2018,
THAILAND,Same-day visitors (excursionists),Thousands,2018,
TIMOR-LESTE,Total trips,Thousands,2018,
TIMOR-LESTE,Overnights visitors (tourists),Thousands,2018,
TIMOR-LESTE,Same-day visitors (excursionists),Thousands,2018,
TOGO,Total trips,Thousands,2018,
TOGO,Overnights visitors (tourists),Thousands,2018,
TOGO,Same-day visitors (excursionists),Thousands,2018,
TONGA,Total trips,Thousands,2018,
TONGA,Overnights visitors (tourists),Thousands,2018,
TONGA,Same-day visitors (excursionists),Thousands,2018,
TRINIDAD AND TOBAGO,Total trips,Thousands,2018,
TRINIDAD AND TOBAGO,Overnights visitors (tourists),Thousands,2018,
TRINIDAD AND TOBAGO,Same-day visitors (excursionists),Thousands,2018,
TUNISIA,Total trips,Thousands,2018,
TUNISIA,Overnights visitors (tourists),Thousands,2018,
TUNISIA,Same-day visitors (excursionists),Thousands,2018,
TÜRKIYE,Total trips,Thousands,2018,
TÜRKIYE,Overnights visitors (tourists),Thousands,2018,
TÜRKIYE,Same-day visitors (excursionists),Thousands,2018,
TURKMENISTAN,Total trips,Thousands,2018,
TURKMENISTAN,Overnights visitors (tourists),Thousands,2018,
TURKMENISTAN,Same-day visitors (excursionists),Thousands,2018,
TURKS AND CAICOS ISLANDS,Total trips,Thousands,2018,
TURKS AND CAICOS ISLANDS,Overnights visitors (tourists),Thousands,2018,
TURKS AND CAICOS ISLANDS,Same-day visitors (excursionists),Thousands,2018,
TUVALU,Total trips,Thousands,2018,
TUVALU,Overnights visitors (tourists),Thousands,2018,
TUVALU,Same-day visitors (excursionists),Thousands,2018,
UGANDA,Total trips,Thousands,2018,
UGANDA,Overnights visitors (tourists),Thousands,2018,
UGANDA,Same-day visitors (excursionists),Thousands,2018,
UKRAINE,Total trips,Thousands,2018,
UKRAINE,Overnights visitors (tourists),Thousands,2018,
UKRAINE,Same-day visitors (excursionists),Thousands,2018,
UNITED ARAB EMIRATES,Total trips,Thousands,2018,
UNITED ARAB EMIRATES,Overnights visitors (tourists),Thousands,2018,
UNITED ARAB EMIRATES,Same-day visitors (excursionists),Thousands,2018,
UNITED KINGDOM,Total trips,Thousands,2018,
UNITED KINGDOM,Overnights visitors (tourists),Thousands,2018,
UNITED KINGDOM,Same-day visitors (excursionists),Thousands,2018,
UNITED STATES OF AMERICA,Total trips,Thousands,2018,
UNITED STATES OF AMERICA,Overnights visitors (tourists),Thousands,2018,
UNITED STATES OF AMERICA,Same-day visitors (excursionists),Thousands,2018,
UNITED STATES VIRGIN ISLANDS,Total trips,Thousands,2018,
UNITED STATES VIRGIN ISLANDS,Overnights visitors (tourists),Thousands,2018,
UNITED STATES VIRGIN ISLANDS,Same-day visitors (excursionists),Thousands,2018,
URUGUAY,Total trips,Thousands,2018,
URUGUAY,Overnights visitors (tourists),Thousands,2018,
URUGUAY,Same-day visitors (excursionists),Thousands,2018,964.0
UZBEKISTAN,Total trips,Thousands,2018,
UZBEKISTAN,Overnights visitors (tourists),Thousands,2018,
UZBEKISTAN,Same-day visitors (excursionists),Thousands,2018,
VANUATU,Total trips,Thousands,2018,
VANUATU,Overnights visitors (tourists),Thousands,2018,
VANUATU,Same-day visitors (excursionists),Thousands,2018,
"VENEZUELA, BOLIVARIAN REPUBLIC OF",Total trips,Thousands,2018,
"VENEZUELA, BOLIVARIAN REPUBLIC OF",Overnights visitors (tourists),Thousands,2018,
"VENEZUELA, BOLIVARIAN REPUBLIC OF",Same-day visitors (excursionists),Thousands,2018,
VIET NAM,Total trips,Thousands,2018,
VIET NAM,Overnights visitors (tourists),Thousands,2018,
VIET NAM,Same-day visitors (excursionists),Thousands,2018,
YEMEN,Total trips,Thousands,2018,
YEMEN,Overnights visitors (tourists),Thousands,2018,
YEMEN,Same-day visitors (excursionists),Thousands,2018,
ZAMBIA,Total trips,Thousands,2018,
ZAMBIA,Overnights visitors (tourists),Thousands,2018,
ZAMBIA,Same-day visitors (excursionists),Thousands,2018,
ZIMBABWE,Total trips,Thousands,2018,
ZIMBABWE,Overnights visitors (tourists),Thousands,2018,
ZIMBABWE,Same-day visitors (excursionists),Thousands,2018,
AFGHANISTAN,Total trips,Thousands,2019,
AFGHANISTAN,Overnights visitors (tourists),Thousands,2019,
AFGHANISTAN,Same-day visitors (excursionists),Thousands,2019,
ALBANIA,Total trips,Thousands,2019,
ALBANIA,Overnights visitors (tourists),Thousands,2019,
ALBANIA,Same-day visitors (excursionists),Thousands,2019,
ALGERIA,Total trips,Thousands,2019,
ALGERIA,Overnights visitors (tourists),Thousands,2019,
ALGERIA,Same-day visitors (excursionists),Thousands,2019,
AMERICAN SAMOA,Total trips,Thousands,2019,
AMERICAN SAMOA,Overnights visitors (tourists),Thousands,2019,
AMERICAN SAMOA,Same-day visitors (excursionists),Thousands,2019,
ANDORRA,Total trips,Thousands,2019,
ANDORRA,Overnights visitors (tourists),Thousands,2019,
ANDORRA,Same-day visitors (excursionists),Thousands,2019,
ANGOLA,Total trips,Thousands,2019,
ANGOLA,Overnights visitors (tourists),Thousands,2019,
ANGOLA,Same-day visitors (excursionists),Thousands,2019,
ANGUILLA,Total trips,Thousands,2019,
ANGUILLA,Overnights visitors (tourists),Thousands,2019,
ANGUILLA,Same-day visitors (excursionists),Thousands,2019,
ANTIGUA AND BARBUDA,Total trips,Thousands,2019,
ANTIGUA AND BARBUDA,Overnights visitors (tourists),Thousands,2019,
ANTIGUA AND BARBUDA,Same-day visitors (excursionists),Thousands,2019,
ARGENTINA,Total trips,Thousands,2019,
ARGENTINA,Overnights visitors (tourists),Thousands,2019,
ARGENTINA,Same-day visitors (excursionists),Thousands,2019,
ARMENIA,Total trips,Thousands,2019,
ARMENIA,Overnights visitors (tourists),Thousands,2019,
ARMENIA,Same-day visitors (excursionists),Thousands,2019,
ARUBA,Total trips,Thousands,2019,
ARUBA,Overnights visitors (tourists),Thousands,2019,
ARUBA,Same-day visitors (excursionists),Thousands,2019,
AUSTRALIA,Total trips,Thousands,2019,
AUSTRALIA,Overnights visitors (tourists),Thousands,2019,
AUSTRALIA,Same-day visitors (excursionists),Thousands,2019,
AUSTRIA,Total trips,Thousands,2019,
AUSTRIA,Overnights visitors (tourists),Thousands,2019,
AUSTRIA,Same-day visitors (excursionists),Thousands,2019,
AZERBAIJAN,Total trips,Thousands,2019,
AZERBAIJAN,Overnights visitors (tourists),Thousands,2019,
AZERBAIJAN,Same-day visitors (excursionists),Thousands,2019,
BAHAMAS,Total trips,Thousands,2019,
BAHAMAS,Overnights visitors (tourists),Thousands,2019,
BAHAMAS,Same-day visitors (excursionists),Thousands,2019,
BAHRAIN,Total trips,Thousands,2019,
BAHRAIN,Overnights visitors (tourists),Thousands,2019,138.0
BAHRAIN,Same-day visitors (excursionists),Thousands,2019,
BANGLADESH,Total trips,Thousands,2019,
BANGLADESH,Overnights visitors (tourists),Thousands,2019,
BANGLADESH,Same-day visitors (excursionists),Thousands,2019,
BARBADOS,Total trips,Thousands,2019,
BARBADOS,Overnights visitors (tourists),Thousands,2019,
BARBADOS,Same-day visitors (excursionists),Thousands,2019,
BELARUS,Total trips,Thousands,2019,
BELARUS,Overnights visitors (tourists),Thousands,2019,
BELARUS,Same-day visitors (excursionists),Thousands,2019,
BELGIUM,Total trips,Thousands,2019,
BELGIUM,Overnights visitors (tourists),Thousands,2019,
BELGIUM,Same-day visitors (excursionists),Thousands,2019,
BELIZE,Total trips,Thousands,2019,
BELIZE,Overnights visitors (tourists),Thousands,2019,
BELIZE,Same-day visitors (excursionists),Thousands,2019,
BENIN,Total trips,Thousands,2019,
BENIN,Overnights visitors (tourists),Thousands,2019,
BENIN,Same-day visitors (excursionists),Thousands,2019,
BERMUDA,Total trips,Thousands,2019,
BERMUDA,Overnights visitors (tourists),Thousands,2019,
BERMUDA,Same-day visitors (excursionists),Thousands,2019,
BHUTAN,Total trips,Thousands,2019,
BHUTAN,Overnights visitors (tourists),Thousands,2019,765.0
BHUTAN,Same-day visitors (excursionists),Thousands,2019,286.0
"BOLIVIA, PLURINATIONAL STATE OF",Total trips,Thousands,2019,
"BOLIVIA, PLURINATIONAL STATE OF",Overnights visitors (tourists),Thousands,2019,
"BOLIVIA, PLURINATIONAL STATE OF",Same-day visitors (excursionists),Thousands,2019,
BONAIRE,Total trips,Thousands,2019,
BONAIRE,Overnights visitors (tourists),Thousands,2019,
BONAIRE,Same-day visitors (excursionists),Thousands,2019,
BOSNIA AND HERZEGOVINA,Total trips,Thousands,2019,
BOSNIA AND HERZEGOVINA,Overnights visitors (tourists),Thousands,2019,
BOSNIA AND HERZEGOVINA,Same-day visitors (excursionists),Thousands,2019,
BOTSWANA,Total trips,Thousands,2019,
BOTSWANA,Overnights visitors (tourists),Thousands,2019,
BOTSWANA,Same-day visitors (excursionists),Thousands,2019,
BRAZIL,Total trips,Thousands,2019,
BRAZIL,Overnights visitors (tourists),Thousands,2019,
BRAZIL,Same-day visitors (excursionists),Thousands,2019,
BRITISH VIRGIN ISLANDS,Total trips,Thousands,2019,
BRITISH VIRGIN ISLANDS,Overnights visitors (tourists),Thousands,2019,
BRITISH VIRGIN ISLANDS,Same-day visitors (excursionists),Thousands,2019,
BRUNEI DARUSSALAM,Total trips,Thousands,2019,
BRUNEI DARUSSALAM,Overnights visitors (tourists),Thousands,2019,
BRUNEI DARUSSALAM,Same-day visitors (excursionists),Thousands,2019,
BULGARIA,Total trips,Thousands,2019,
BULGARIA,Overnights visitors (tourists),Thousands,2019,
BULGARIA,Same-day visitors (excursionists),Thousands,2019,
BURKINA FASO,Total trips,Thousands,2019,
BURKINA FASO,Overnights visitors (tourists),Thousands,2019,
BURKINA FASO,Same-day visitors (excursionists),Thousands,2019,
BURUNDI,Total trips,Thousands,2019,
BURUNDI,Overnights visitors (tourists),Thousands,2019,
BURUNDI,Same-day visitors (excursionists),Thousands,2019,
CABO VERDE,Total trips,Thousands,2019,
CABO VERDE,Overnights visitors (tourists),Thousands,2019,
CABO VERDE,Same-day visitors (excursionists),Thousands,2019,
CAMBODIA,Total trips,Thousands,2019,
CAMBODIA,Overnights visitors (tourists),Thousands,2019,
CAMBODIA,Same-day visitors (excursionists),Thousands,2019,
CAMEROON,Total trips,Thousands,2019,
CAMEROON,Overnights visitors (tourists),Thousands,2019,
CAMEROON,Same-day visitors (excursionists),Thousands,2019,
CANADA,Total trips,Thousands,2019,
CANADA,Overnights visitors (tourists),Thousands,2019,
CANADA,Same-day visitors (excursionists),Thousands,2019,
CAYMAN ISLANDS,Total trips,Thousands,2019,
CAYMAN ISLANDS,Overnights visitors (tourists),Thousands,2019,
CAYMAN ISLANDS,Same-day visitors (excursionists),Thousands,2019,
CENTRAL AFRICAN REPUBLIC,Total trips,Thousands,2019,
CENTRAL AFRICAN REPUBLIC,Overnights visitors (tourists),Thousands,2019,
CENTRAL AFRICAN REPUBLIC,Same-day visitors (excursionists),Thousands,2019,
CHAD,Total trips,Thousands,2019,
CHAD,Overnights visitors (tourists),Thousands,2019,
CHAD,Same-day visitors (excursionists),Thousands,2019,
CHILE,Total trips,Thousands,2019,
CHILE,Overnights visitors (tourists),Thousands,2019,
CHILE,Same-day visitors (excursionists),Thousands,2019,
CHINA,Total trips,Thousands,2019,
CHINA,Overnights visitors (tourists),Thousands,2019,
CHINA,Same-day visitors (excursionists),Thousands,2019,
COLOMBIA,Total trips,Thousands,2019,
COLOMBIA,Overnights visitors (tourists),Thousands,2019,
COLOMBIA,Same-day visitors (excursionists),Thousands,2019,
COMOROS,Total trips,Thousands,2019,
COMOROS,Overnights visitors (tourists),Thousands,2019,
COMOROS,Same-day visitors (excursionists),Thousands,2019,
CONGO,Total trips,Thousands,2019,
CONGO,Overnights visitors (tourists),Thousands,2019,
CONGO,Same-day visitors (excursionists),Thousands,2019,
"CONGO, DEMOCRATIC REPUBLIC OF THE",Total trips,Thousands,2019,
"CONGO, DEMOCRATIC REPUBLIC OF THE",Overnights visitors (tourists),Thousands,2019,
"CONGO, DEMOCRATIC REPUBLIC OF THE",Same-day visitors (excursionists),Thousands,2019,
COOK ISLANDS,Total trips,Thousands,2019,
COOK ISLANDS,Overnights visitors (tourists),Thousands,2019,
COOK ISLANDS,Same-day visitors (excursionists),Thousands,2019,
COSTA RICA,Total trips,Thousands,2019,
COSTA RICA,Overnights visitors (tourists),Thousands,2019,
COSTA RICA,Same-day visitors (excursionists),Thousands,2019,
COTE D´IVOIRE,Total trips,Thousands,2019,
COTE D´IVOIRE,Overnights visitors (tourists),Thousands,2019,
COTE D´IVOIRE,Same-day visitors (excursionists),Thousands,2019,
CROATIA,Total trips,Thousands,2019,
CROATIA,Overnights visitors (tourists),Thousands,2019,
CROATIA,Same-day visitors (excursionists),Thousands,2019,
CUBA,Total trips,Thousands,2019,
CUBA,Overnights visitors (tourists),Thousands,2019,
CUBA,Same-day visitors (excursionists),Thousands,2019,
CURAÇAO,Total trips,Thousands,2019,
CURAÇAO,Overnights visitors (tourists),Thousands,2019,
CURAÇAO,Same-day visitors (excursionists),Thousands,2019,
CYPRUS,Total trips,Thousands,2019,
CYPRUS,Overnights visitors (tourists),Thousands,2019,
CYPRUS,Same-day visitors (excursionists),Thousands,2019,
CZECH REPUBLIC (CZECHIA),Total trips,Thousands,2019,
CZECH REPUBLIC (CZECHIA),Overnights visitors (tourists),Thousands,2019,
CZECH REPUBLIC (CZECHIA),Same-day visitors (excursionists),Thousands,2019,
DENMARK,Total trips,Thousands,2019,
DENMARK,Overnights visitors (tourists),Thousands,2019,
DENMARK,Same-day visitors (excursionists),Thousands,2019,
DJIBOUTI,Total trips,Thousands,2019,
DJIBOUTI,Overnights visitors (tourists),Thousands,2019,
DJIBOUTI,Same-day visitors (excursionists),Thousands,2019,
DOMINICA,Total trips,Thousands,2019,
DOMINICA,Overnights visitors (tourists),Thousands,2019,
DOMINICA,Same-day visitors (excursionists),Thousands,2019,
DOMINICAN REPUBLIC,Total trips,Thousands,2019,
DOMINICAN REPUBLIC,Overnights visitors (tourists),Thousands,2019,
DOMINICAN REPUBLIC,Same-day visitors (excursionists),Thousands,2019,
ECUADOR,Total trips,Thousands,2019,
ECUADOR,Overnights visitors (tourists),Thousands,2019,
ECUADOR,Same-day visitors (excursionists),Thousands,2019,
EGYPT,Total trips,Thousands,2019,
EGYPT,Overnights visitors (tourists),Thousands,2019,
EGYPT,Same-day visitors (excursionists),Thousands,2019,
EL SALVADOR,Total trips,Thousands,2019,
EL SALVADOR,Overnights visitors (tourists),Thousands,2019,
EL SALVADOR,Same-day visitors (excursionists),Thousands,2019,
EQUATORIAL GUINEA,Total trips,Thousands,2019,
EQUATORIAL GUINEA,Overnights visitors (tourists),Thousands,2019,
EQUATORIAL GUINEA,Same-day visitors (excursionists),Thousands,2019,
ERITREA,Total trips,Thousands,2019,
ERITREA,Overnights visitors (tourists),Thousands,2019,
ERITREA,Same-day visitors (excursionists),Thousands,2019,
ESTONIA,Total trips,Thousands,2019,
ESTONIA,Overnights visitors (tourists),Thousands,2019,
ESTONIA,Same-day visitors (excursionists),Thousands,2019,
ESWATINI,Total trips,Thousands,2019,253.0
ESWATINI,Overnights visitors (tourists),Thousands,2019,128.0
ESWATINI,Same-day visitors (excursionists),Thousands,2019,125.0
ETHIOPIA,Total trips,Thousands,2019,
ETHIOPIA,Overnights visitors (tourists),Thousands,2019,
ETHIOPIA,Same-day visitors (excursionists),Thousands,2019,
FIJI,Total trips,Thousands,2019,
FIJI,Overnights visitors (tourists),Thousands,2019,
FIJI,Same-day visitors (excursionists),Thousands,2019,
FINLAND,Total trips,Thousands,2019,
FINLAND,Overnights visitors (tourists),Thousands,2019,
FINLAND,Same-day visitors (excursionists),Thousands,2019,
FRANCE,Total trips,Thousands,2019,
FRANCE,Overnights visitors (tourists),Thousands,2019,
FRANCE,Same-day visitors (excursionists),Thousands,2019,
FRENCH GUIANA,Total trips,Thousands,2019,
FRENCH GUIANA,Overnights visitors (tourists),Thousands,2019,
FRENCH GUIANA,Same-day visitors (excursionists),Thousands,2019,
FRENCH POLYNESIA,Total trips,Thousands,2019,
FRENCH POLYNESIA,Overnights visitors (tourists),Thousands,2019,
FRENCH POLYNESIA,Same-day visitors (excursionists),Thousands,2019,
GABON,Total trips,Thousands,2019,
GABON,Overnights visitors (tourists),Thousands,2019,
GABON,Same-day visitors (excursionists),Thousands,2019,
GAMBIA,Total trips,Thousands,2019,
GAMBIA,Overnights visitors (tourists),Thousands,2019,
GAMBIA,Same-day visitors (excursionists),Thousands,2019,
GEORGIA,Total trips,Thousands,2019,
GEORGIA,Overnights visitors (tourists),Thousands,2019,
GEORGIA,Same-day visitors (excursionists),Thousands,2019,
GERMANY,Total trips,Thousands,2019,
GERMANY,Overnights visitors (tourists),Thousands,2019,
GERMANY,Same-day visitors (excursionists),Thousands,2019,
GHANA,Total trips,Thousands,2019,669.0
GHANA,Overnights visitors (tourists),Thousands,2019,
GHANA,Same-day visitors (excursionists),Thousands,2019,
GREECE,Total trips,Thousands,2019,
GREECE,Overnights visitors (tourists),Thousands,2019,
GREECE,Same-day visitors (excursionists),Thousands,2019,
GRENADA,Total trips,Thousands,2019,
GRENADA,Overnights visitors (tourists),Thousands,2019,
GRENADA,Same-day visitors (excursionists),Thousands,2019,
GUADELOUPE,Total trips,Thousands,2019,
GUADELOUPE,Overnights visitors (tourists),Thousands,2019,
GUADELOUPE,Same-day visitors (excursionists),Thousands,2019,
GUAM,Total trips,Thousands,2019,
GUAM,Overnights visitors (tourists),Thousands,2019,
GUAM,Same-day visitors (excursionists),Thousands,2019,
GUATEMALA,Total trips,Thousands,2019,
GUATEMALA,Overnights visitors (tourists),Thousands,2019,
GUATEMALA,Same-day visitors (excursionists),Thousands,2019,
GUINEA,Total trips,Thousands,2019,
GUINEA,Overnights visitors (tourists),Thousands,2019,
GUINEA,Same-day visitors (excursionists),Thousands,2019,
GUINEA-BISSAU,Total trips,Thousands,2019,
GUINEA-BISSAU,Overnights visitors (tourists),Thousands,2019,
GUINEA-BISSAU,Same-day visitors (excursionists),Thousands,2019,
GUYANA,Total trips,Thousands,2019,
GUYANA,Overnights visitors (tourists),Thousands,2019,
GUYANA,Same-day visitors (excursionists),Thousands,2019,
HAITI,Total trips,Thousands,2019,
HAITI,Overnights visitors (tourists),Thousands,2019,
HAITI,Same-day visitors (excursionists),Thousands,2019,
HONDURAS,Total trips,Thousands,2019,
HONDURAS,Overnights visitors (tourists),Thousands,2019,
HONDURAS,Same-day visitors (excursionists),Thousands,2019,
"HONG KONG, CHINA",Total trips,Thousands,2019,
"HONG KONG, CHINA",Overnights visitors (tourists),Thousands,2019,
"HONG KONG, CHINA",Same-day visitors (excursionists),Thousands,2019,
HUNGARY,Total trips,Thousands,2019,
HUNGARY,Overnights visitors (tourists),Thousands,2019,
HUNGARY,Same-day visitors (excursionists),Thousands,2019,
ICELAND,Total trips,Thousands,2019,
ICELAND,Overnights visitors (tourists),Thousands,2019,
ICELAND,Same-day visitors (excursionists),Thousands,2019,
INDIA,Total trips,Thousands,2019,
INDIA,Overnights visitors (tourists),Thousands,2019,
INDIA,Same-day visitors (excursionists),Thousands,2019,
INDONESIA,Total trips,Thousands,2019,
INDONESIA,Overnights visitors (tourists),Thousands,2019,
INDONESIA,Same-day visitors (excursionists),Thousands,2019,
"IRAN, ISLAMIC REPUBLIC OF",Total trips,Thousands,2019,
"IRAN, ISLAMIC REPUBLIC OF",Overnights visitors (tourists),Thousands,2019,
"IRAN, ISLAMIC REPUBLIC OF",Same-day visitors (excursionists),Thousands,2019,
IRAQ,Total trips,Thousands,2019,
IRAQ,Overnights visitors (tourists),Thousands,2019,
IRAQ,Same-day visitors (excursionists),Thousands,2019,
IRELAND,Total trips,Thousands,2019,
IRELAND,Overnights visitors (tourists),Thousands,2019,
IRELAND,Same-day visitors (excursionists),Thousands,2019,
ISRAEL,Total trips,Thousands,2019,
ISRAEL,Overnights visitors (tourists),Thousands,2019,
ISRAEL,Same-day visitors (excursionists),Thousands,2019,
ITALY,Total trips,Thousands,2019,
ITALY,Overnights visitors (tourists),Thousands,2019,
ITALY,Same-day visitors (excursionists),Thousands,2019,
JAMAICA,Total trips,Thousands,2019,
JAMAICA,Overnights visitors (tourists),Thousands,2019,
JAMAICA,Same-day visitors (excursionists),Thousands,2019,
JAPAN,Total trips,Thousands,2019,
JAPAN,Overnights visitors (tourists),Thousands,2019,
JAPAN,Same-day visitors (excursionists),Thousands,2019,
JORDAN,Total trips,Thousands,2019,
JORDAN,Overnights visitors (tourists),Thousands,2019,
JORDAN,Same-day visitors (excursionists),Thousands,2019,
KAZAKHSTAN,Total trips,Thousands,2019,
KAZAKHSTAN,Overnights visitors (tourists),Thousands,2019,
KAZAKHSTAN,Same-day visitors (excursionists),Thousands,2019,
KENYA,Total trips,Thousands,2019,
KENYA,Overnights visitors (tourists),Thousands,2019,
KENYA,Same-day visitors (excursionists),Thousands,2019,
KIRIBATI,Total trips,Thousands,2019,
KIRIBATI,Overnights visitors (tourists),Thousands,2019,
KIRIBATI,Same-day visitors (excursionists),Thousands,2019,
"KOREA, DEMOCRATIC PEOPLE´S REPUBLIC OF",Total trips,Thousands,2019,
"KOREA, DEMOCRATIC PEOPLE´S REPUBLIC OF",Overnights visitors (tourists),Thousands,2019,
"KOREA, DEMOCRATIC PEOPLE´S REPUBLIC OF",Same-day visitors (excursionists),Thousands,2019,
"KOREA, REPUBLIC OF",Total trips,Thousands,2019,
"KOREA, REPUBLIC OF",Overnights visitors (tourists),Thousands,2019,
"KOREA, REPUBLIC OF",Same-day visitors (excursionists),Thousands,2019,
KUWAIT,Total trips,Thousands,2019,
KUWAIT,Overnights visitors (tourists),Thousands,2019,
KUWAIT,Same-day visitors (excursionists),Thousands,2019,
KYRGYZSTAN,Total trips,Thousands,2019,
KYRGYZSTAN,Overnights visitors (tourists),Thousands,2019,
KYRGYZSTAN,Same-day visitors (excursionists),Thousands,2019,
LAO PEOPLE´S DEMOCRATIC REPUBLIC,Total trips,Thousands,2019,
LAO PEOPLE´S DEMOCRATIC REPUBLIC,Overnights visitors (tourists),Thousands,2019,
LAO PEOPLE´S DEMOCRATIC REPUBLIC,Same-day visitors (excursionists),Thousands,2019,
LATVIA,Total trips,Thousands,2019,
LATVIA,Overnights visitors (tourists),Thousands,2019,
LATVIA,Same-day visitors (excursionists),Thousands,2019,
LEBANON,Total trips,Thousands,2019,
LEBANON,Overnights visitors (tourists),Thousands,2019,
LEBANON,Same-day visitors (excursionists),Thousands,2019,
LESOTHO,Total trips,Thousands,2019,
LESOTHO,Overnights visitors (tourists),Thousands,2019,
LESOTHO,Same-day visitors (excursionists),Thousands,2019,
LIBERIA,Total trips,Thousands,2019,
LIBERIA,Overnights visitors (tourists),Thousands,2019,
LIBERIA,Same-day visitors (excursionists),Thousands,2019,
LIBYA,Total trips,Thousands,2019,
LIBYA,Overnights visitors (tourists),Thousands,2019,
LIBYA,Same-day visitors (excursionists),Thousands,2019,
LIECHTENSTEIN,Total trips,Thousands,2019,
LIECHTENSTEIN,Overnights visitors (tourists),Thousands,2019,
LIECHTENSTEIN,Same-day visitors (excursionists),Thousands,2019,
LITHUANIA,Total trips,Thousands,2019,
LITHUANIA,Overnights visitors (tourists),Thousands,2019,
LITHUANIA,Same-day visitors (excursionists),Thousands,2019,
LUXEMBOURG,Total trips,Thousands,2019,
LUXEMBOURG,Overnights visitors (tourists),Thousands,2019,124.0
LUXEMBOURG,Same-day visitors (excursionists),Thousands,2019,
"MACAO, CHINA",Total trips,Thousands,2019,
"MACAO, CHINA",Overnights visitors (tourists),Thousands,2019,
"MACAO, CHINA",Same-day visitors (excursionists),Thousands,2019,
MADAGASCAR,Total trips,Thousands,2019,65.0
MADAGASCAR,Overnights visitors (tourists),Thousands,2019,11.0
MADAGASCAR,Same-day visitors (excursionists),Thousands,2019,54.0
MALAWI,Total trips,Thousands,2019,
MALAWI,Overnights visitors (tourists),Thousands,2019,
MALAWI,Same-day visitors (excursionists),Thousands,2019,
MALAYSIA,Total trips,Thousands,2019,
MALAYSIA,Overnights visitors (tourists),Thousands,2019,
MALAYSIA,Same-day visitors (excursionists),Thousands,2019,
MALDIVES,Total trips,Thousands,2019,
MALDIVES,Overnights visitors (tourists),Thousands,2019,
MALDIVES,Same-day visitors (excursionists),Thousands,2019,
MALI,Total trips,Thousands,2019,
MALI,Overnights visitors (tourists),Thousands,2019,23.0
MALI,Same-day visitors (excursionists),Thousands,2019,
MALTA,Total trips,Thousands,2019,
MALTA,Overnights visitors (tourists),Thousands,2019,237.0
MALTA,Same-day visitors (excursionists),Thousands,2019,
MARSHALL ISLANDS,Total trips,Thousands,2019,
MARSHALL ISLANDS,Overnights visitors (tourists),Thousands,2019,
MARSHALL ISLANDS,Same-day visitors (excursionists),Thousands,2019,
MARTINIQUE,Total trips,Thousands,2019,
MARTINIQUE,Overnights visitors (tourists),Thousands,2019,
MARTINIQUE,Same-day visitors (excursionists),Thousands,2019,
MAURITANIA,Total trips,Thousands,2019,
MAURITANIA,Overnights visitors (tourists),Thousands,2019,
MAURITANIA,Same-day visitors (excursionists),Thousands,2019,
MAURITIUS,Total trips,Thousands,2019,
MAURITIUS,Overnights visitors (tourists),Thousands,2019,
MAURITIUS,Same-day visitors (excursionists),Thousands,2019,
MEXICO,Total trips,Thousands,2019,
MEXICO,Overnights visitors (tourists),Thousands,2019,
MEXICO,Same-day visitors (excursionists),Thousands,2019,
"MICRONESIA, FEDERATED STATES OF",Total trips,Thousands,2019,
"MICRONESIA, FEDERATED STATES OF",Overnights visitors (tourists),Thousands,2019,
"MICRONESIA, FEDERATED STATES OF",Same-day visitors (excursionists),Thousands,2019,
"MOLDOVA, REPUBLIC OF",Total trips,Thousands,2019,46.0
"MOLDOVA, REPUBLIC OF",Overnights visitors (tourists),Thousands,2019,27.0
"MOLDOVA, REPUBLIC OF",Same-day visitors (excursionists),Thousands,2019,19.0
MONACO,Total trips,Thousands,2019,
MONACO,Overnights visitors (tourists),Thousands,2019,
MONACO,Same-day visitors (excursionists),Thousands,2019,
MONGOLIA,Total trips,Thousands,2019,
MONGOLIA,Overnights visitors (tourists),Thousands,2019,
MONGOLIA,Same-day visitors (excursionists),Thousands,2019,
MONTENEGRO,Total trips,Thousands,2019,
MONTENEGRO,Overnights visitors (tourists),Thousands,2019,
MONTENEGRO,Same-day visitors (excursionists),Thousands,2019,
MONTSERRAT,Total trips,Thousands,2019,
MONTSERRAT,Overnights visitors (tourists),Thousands,2019,
MONTSERRAT,Same-day visitors (excursionists),Thousands,2019,
MOROCCO,Total trips,Thousands,2019,
MOROCCO,Overnights visitors (tourists),Thousands,2019,
MOROCCO,Same-day visitors (excursionists),Thousands,2019,
MOZAMBIQUE,Total trips,Thousands,2019,
MOZAMBIQUE,Overnights visitors (tourists),Thousands,2019,
MOZAMBIQUE,Same-day visitors (excursionists),Thousands,2019,
MYANMAR,Total trips,Thousands,2019,
MYANMAR,Overnights visitors (tourists),Thousands,2019,
MYANMAR,Same-day visitors (excursionists),Thousands,2019,
NAMIBIA,Total trips,Thousands,2019,
NAMIBIA,Overnights visitors (tourists),Thousands,2019,
NAMIBIA,Same-day visitors (excursionists),Thousands,2019,
NAURU,Total trips,Thousands,2019,
NAURU,Overnights visitors (tourists),Thousands,2019,
NAURU,Same-day visitors (excursionists),Thousands,2019,
NEPAL,Total trips,Thousands,2019,
NEPAL,Overnights visitors (tourists),Thousands,2019,
NEPAL,Same-day visitors (excursionists),Thousands,2019,
NETHERLANDS,Total trips,Thousands,2019,
NETHERLANDS,Overnights visitors (tourists),Thousands,2019,
NETHERLANDS,Same-day visitors (excursionists),Thousands,2019,
NEW CALEDONIA,Total trips,Thousands,2019,
NEW CALEDONIA,Overnights visitors (tourists),Thousands,2019,
NEW CALEDONIA,Same-day visitors (excursionists),Thousands,2019,
NEW ZEALAND,Total trips,Thousands,2019,
NEW ZEALAND,Overnights visitors (tourists),Thousands,2019,
NEW ZEALAND,Same-day visitors (excursionists),Thousands,2019,
NICARAGUA,Total trips,Thousands,2019,
NICARAGUA,Overnights visitors (tourists),Thousands,2019,
NICARAGUA,Same-day visitors (excursionists),Thousands,2019,
NIGER,Total trips,Thousands,2019,
NIGER,Overnights visitors (tourists),Thousands,2019,
NIGER,Same-day visitors (excursionists),Thousands,2019,
NIGERIA,Total trips,Thousands,2019,
NIGERIA,Overnights visitors (tourists),Thousands,2019,
NIGERIA,Same-day visitors (excursionists),Thousands,2019,
NIUE,Total trips,Thousands,2019,
NIUE,Overnights visitors (tourists),Thousands,2019,
NIUE,Same-day visitors (excursionists),Thousands,2019,
NORTH MACEDONIA,Total trips,Thousands,2019,
NORTH MACEDONIA,Overnights visitors (tourists),Thousands,2019,
NORTH MACEDONIA,Same-day visitors (excursionists),Thousands,2019,
NORTHERN MARIANA ISLANDS,Total trips,Thousands,2019,
NORTHERN MARIANA ISLANDS,Overnights visitors (tourists),Thousands,2019,
NORTHERN MARIANA ISLANDS,Same-day visitors (excursionists),Thousands,2019,
NORWAY,Total trips,Thousands,2019,
NORWAY,Overnights visitors (tourists),Thousands,2019,
NORWAY,Same-day visitors (excursionists),Thousands,2019,
OMAN,Total trips,Thousands,2019,
OMAN,Overnights visitors (tourists),Thousands,2019,
OMAN,Same-day visitors (excursionists),Thousands,2019,
PAKISTAN,Total trips,Thousands,2019,
PAKISTAN,Overnights visitors (tourists),Thousands,2019,
PAKISTAN,Same-day visitors (excursionists),Thousands,2019,
PALAU,Total trips,Thousands,2019,
PALAU,Overnights visitors (tourists),Thousands,2019,
PALAU,Same-day visitors (excursionists),Thousands,2019,
PANAMA,Total trips,Thousands,2019,
PANAMA,Overnights visitors (tourists),Thousands,2019,
PANAMA,Same-day visitors (excursionists),Thousands,2019,
PAPUA NEW GUINEA,Total trips,Thousands,2019,
PAPUA NEW GUINEA,Overnights visitors (tourists),Thousands,2019,
PAPUA NEW GUINEA,Same-day visitors (excursionists),Thousands,2019,
PARAGUAY,Total trips,Thousands,2019,
PARAGUAY,Overnights visitors (tourists),Thousands,2019,
PARAGUAY,Same-day visitors (excursionists),Thousands,2019,571.0
PERU,Total trips,Thousands,2019,
PERU,Overnights visitors (tourists),Thousands,2019,
PERU,Same-day visitors (excursionists),Thousands,2019,
PHILIPPINES,Total trips,Thousands,2019,
PHILIPPINES,Overnights visitors (tourists),Thousands,2019,
PHILIPPINES,Same-day visitors (excursionists),Thousands,2019,
POLAND,Total trips,Thousands,2019,
POLAND,Overnights visitors (tourists),Thousands,2019,
POLAND,Same-day visitors (excursionists),Thousands,2019,
PORTUGAL,Total trips,Thousands,2019,
PORTUGAL,Overnights visitors (tourists),Thousands,2019,
PORTUGAL,Same-day visitors (excursionists),Thousands,2019,
PUERTO RICO,Total trips,Thousands,2019,
PUERTO RICO,Overnights visitors (tourists),Thousands,2019,
PUERTO RICO,Same-day visitors (excursionists),Thousands,2019,
QATAR,Total trips,Thousands,2019,
QATAR,Overnights visitors (tourists),Thousands,2019,
QATAR,Same-day visitors (excursionists),Thousands,2019,
REUNION,Total trips,Thousands,2019,
REUNION,Overnights visitors (tourists),Thousands,2019,
REUNION,Same-day visitors (excursionists),Thousands,2019,
ROMANIA,Total trips,Thousands,2019,
ROMANIA,Overnights visitors (tourists),Thousands,2019,
ROMANIA,Same-day visitors (excursionists),Thousands,2019,
RUSSIAN FEDERATION,Total trips,Thousands,2019,
RUSSIAN FEDERATION,Overnights visitors (tourists),Thousands,2019,
RUSSIAN FEDERATION,Same-day visitors (excursionists),Thousands,2019,
RWANDA,Total trips,Thousands,2019,
RWANDA,Overnights visitors (tourists),Thousands,2019,
RWANDA,Same-day visitors (excursionists),Thousands,2019,
SABA,Total trips,Thousands,2019,
SABA,Overnights visitors (tourists),Thousands,2019,
SABA,Same-day visitors (excursionists),Thousands,2019,
SAINT KITTS AND NEVIS,Total trips,Thousands,2019,
SAINT KITTS AND NEVIS,Overnights visitors (tourists),Thousands,2019,
SAINT KITTS AND NEVIS,Same-day visitors (excursionists),Thousands,2019,
SAINT LUCIA,Total trips,Thousands,2019,
SAINT LUCIA,Overnights visitors (tourists),Thousands,2019,
SAINT LUCIA,Same-day visitors (excursionists),Thousands,2019,
SAINT VINCENT AND THE GRENADINES,Total trips,Thousands,2019,
SAINT VINCENT AND THE GRENADINES,Overnights visitors (tourists),Thousands,2019,
SAINT VINCENT AND THE GRENADINES,Same-day visitors (excursionists),Thousands,2019,
SAMOA,Total trips,Thousands,2019,
SAMOA,Overnights visitors (tourists),Thousands,2019,
SAMOA,Same-day visitors (excursionists),Thousands,2019,
SAN MARINO,Total trips,Thousands,2019,
SAN MARINO,Overnights visitors (tourists),Thousands,2019,
SAN MARINO,Same-day visitors (excursionists),Thousands,2019,
SAO TOME AND PRINCIPE,Total trips,Thousands,2019,
SAO TOME AND PRINCIPE,Overnights visitors (tourists),Thousands,2019,
SAO TOME AND PRINCIPE,Same-day visitors (excursionists),Thousands,2019,
SAUDI ARABIA,Total trips,Thousands,2019,
SAUDI ARABIA,Overnights visitors (tourists),Thousands,2019,
SAUDI ARABIA,Same-day visitors (excursionists),Thousands,2019,
SENEGAL,Total trips,Thousands,2019,
SENEGAL,Overnights visitors (tourists),Thousands,2019,
SENEGAL,Same-day visitors (excursionists),Thousands,2019,
SERBIA,Total trips,Thousands,2019,
SERBIA,Overnights visitors (tourists),Thousands,2019,
SERBIA,Same-day visitors (excursionists),Thousands,2019,
SERBIA AND MONTENEGRO,Total trips,Thousands,2019,
SERBIA AND MONTENEGRO,Overnights visitors (tourists),Thousands,2019,
SERBIA AND MONTENEGRO,Same-day visitors (excursionists),Thousands,2019,
SEYCHELLES,Total trips,Thousands,2019,
SEYCHELLES,Overnights visitors (tourists),Thousands,2019,
SEYCHELLES,Same-day visitors (excursionists),Thousands,2019,
SIERRA LEONE,Total trips,Thousands,2019,
SIERRA LEONE,Overnights visitors (tourists),Thousands,2019,
SIERRA LEONE,Same-day visitors (excursionists),Thousands,2019,
SINGAPORE,Total trips,Thousands,2019,
SINGAPORE,Overnights visitors (tourists),Thousands,2019,
SINGAPORE,Same-day visitors (excursionists),Thousands,2019,
SINT EUSTATIUS,Total trips,Thousands,2019,
SINT EUSTATIUS,Overnights visitors (tourists),Thousands,2019,
SINT EUSTATIUS,Same-day visitors (excursionists),Thousands,2019,
SINT MAARTEN (DUTCH PART),Total trips,Thousands,2019,
SINT MAARTEN (DUTCH PART),Overnights visitors (tourists),Thousands,2019,
SINT MAARTEN (DUTCH PART),Same-day visitors (excursionists),Thousands,2019,
SLOVAKIA,Total trips,Thousands,2019,
SLOVAKIA,Overnights visitors (tourists),Thousands,2019,
SLOVAKIA,Same-day visitors (excursionists),Thousands,2019,
SLOVENIA,Total trips,Thousands,2019,
SLOVENIA,Overnights visitors (tourists),Thousands,2019,
SLOVENIA,Same-day visitors (excursionists),Thousands,2019,
SOLOMON ISLANDS,Total trips,Thousands,2019,
SOLOMON ISLANDS,Overnights visitors (tourists),Thousands,2019,
SOLOMON ISLANDS,Same-day visitors (excursionists),Thousands,2019,
SOMALIA,Total trips,Thousands,2019,
SOMALIA,Overnights visitors (tourists),Thousands,2019,
SOMALIA,Same-day visitors (excursionists),Thousands,2019,
SOUTH AFRICA,Total trips,Thousands,2019,
SOUTH AFRICA,Overnights visitors (tourists),Thousands,2019,
SOUTH AFRICA,Same-day visitors (excursionists),Thousands,2019,
SOUTH SUDAN,Total trips,Thousands,2019,
SOUTH SUDAN,Overnights visitors (tourists),Thousands,2019,
SOUTH SUDAN,Same-day visitors (excursionists),Thousands,2019,
SPAIN,Total trips,Thousands,2019,
SPAIN,Overnights visitors (tourists),Thousands,2019,
SPAIN,Same-day visitors (excursionists),Thousands,2019,
SRI LANKA,Total trips,Thousands,2019,
SRI LANKA,Overnights visitors (tourists),Thousands,2019,
SRI LANKA,Same-day visitors (excursionists),Thousands,2019,
STATE OF PALESTINE,Total trips,Thousands,2019,
STATE OF PALESTINE,Overnights visitors (tourists),Thousands,2019,59.0
STATE OF PALESTINE,Same-day visitors (excursionists),Thousands,2019,
SUDAN,Total trips,Thousands,2019,
SUDAN,Overnights visitors (tourists),Thousands,2019,
SUDAN,Same-day visitors (excursionists),Thousands,2019,
SURINAME,Total trips,Thousands,2019,
SURINAME,Overnights visitors (tourists),Thousands,2019,
SURINAME,Same-day visitors (excursionists),Thousands,2019,
SWEDEN,Total trips,Thousands,2019,
SWEDEN,Overnights visitors (tourists),Thousands,2019,
SWEDEN,Same-day visitors (excursionists),Thousands,2019,
SWITZERLAND,Total trips,Thousands,2019,
SWITZERLAND,Overnights visitors (tourists),Thousands,2019,
SWITZERLAND,Same-day visitors (excursionists),Thousands,2019,
SYRIAN ARAB REPUBLIC,Total trips,Thousands,2019,
SYRIAN ARAB REPUBLIC,Overnights visitors (tourists),Thousands,2019,
SYRIAN ARAB REPUBLIC,Same-day visitors (excursionists),Thousands,2019,
TAIWAN PROVINCE OF CHINA,Total trips,Thousands,2019,
TAIWAN PROVINCE OF CHINA,Overnights visitors (tourists),Thousands,2019,
TAIWAN PROVINCE OF CHINA,Same-day visitors (excursionists),Thousands,2019,
TAJIKISTAN,Total trips,Thousands,2019,
TAJIKISTAN,Overnights visitors (tourists),Thousands,2019,
TAJIKISTAN,Same-day visitors (excursionists),Thousands,2019,
"TANZANIA, UNITED REPUBLIC OF",Total trips,Thousands,2019,
"TANZANIA, UNITED REPUBLIC OF",Overnights visitors (tourists),Thousands,2019,
"TANZANIA, UNITED REPUBLIC OF",Same-day visitors (excursionists),Thousands,2019,
THAILAND,Total trips,Thousands,2019,
THAILAND,Overnights visitors (tourists),Thousands,2019,
THAILAND,Same-day visitors (excursionists),Thousands,2019,
TIMOR-LESTE,Total trips,Thousands,2019,
TIMOR-LESTE,Overnights visitors (tourists),Thousands,2019,
TIMOR-LESTE,Same-day visitors (excursionists),Thousands,2019,
TOGO,Total trips,Thousands,2019,
TOGO,Overnights visitors (tourists),Thousands,2019,
TOGO,Same-day visitors (excursionists),Thousands,2019,
TONGA,Total trips,Thousands,2019,
TONGA,Overnights visitors (tourists),Thousands,2019,
TONGA,Same-day visitors (excursionists),Thousands,2019,
TRINIDAD AND TOBAGO,Total trips,Thousands,2019,
TRINIDAD AND TOBAGO,Overnights visitors (tourists),Thousands,2019,
TRINIDAD AND TOBAGO,Same-day visitors (excursionists),Thousands,2019,
TUNISIA,Total trips,Thousands,2019,
TUNISIA,Overnights visitors (tourists),Thousands,2019,
TUNISIA,Same-day visitors (excursionists),Thousands,2019,
TÜRKIYE,Total trips,Thousands,2019,
TÜRKIYE,Overnights visitors (tourists),Thousands,2019,
TÜRKIYE,Same-day visitors (excursionists),Thousands,2019,
TURKMENISTAN,Total trips,Thousands,2019,
TURKMENISTAN,Overnights visitors (tourists),Thousands,2019,
TURKMENISTAN,Same-day visitors (excursionists),Thousands,2019,
TURKS AND CAICOS ISLANDS,Total trips,Thousands,2019,
TURKS AND CAICOS ISLANDS,Overnights visitors (tourists),Thousands,2019,
TURKS AND CAICOS ISLANDS,Same-day visitors (excursionists),Thousands,2019,
TUVALU,Total trips,Thousands,2019,
TUVALU,Overnights visitors (tourists),Thousands,2019,
TUVALU,Same-day visitors (excursionists),Thousands,2019,
UGANDA,Total trips,Thousands,2019,
UGANDA,Overnights visitors (tourists),Thousands,2019,
UGANDA,Same-day visitors (excursionists),Thousands,2019,
UKRAINE,Total trips,Thousands,2019,
UKRAINE,Overnights visitors (tourists),Thousands,2019,
UKRAINE,Same-day visitors (excursionists),Thousands,2019,
UNITED ARAB EMIRATES,Total trips,Thousands,2019,
UNITED ARAB EMIRATES,Overnights visitors (tourists),Thousands,2019,
UNITED ARAB EMIRATES,Same-day visitors (excursionists),Thousands,2019,
UNITED KINGDOM,Total trips,Thousands,2019,
UNITED KINGDOM,Overnights visitors (tourists),Thousands,2019,
UNITED KINGDOM,Same-day visitors (excursionists),Thousands,2019,
UNITED STATES OF AMERICA,Total trips,Thousands,2019,
UNITED STATES OF AMERICA,Overnights visitors (tourists),Thousands,2019,
UNITED STATES OF AMERICA,Same-day visitors (excursionists),Thousands,2019,
UNITED STATES VIRGIN ISLANDS,Total trips,Thousands,2019,
UNITED STATES VIRGIN ISLANDS,Overnights visitors (tourists),Thousands,2019,
UNITED STATES VIRGIN ISLANDS,Same-day visitors (excursionists),Thousands,2019,
URUGUAY,Total trips,Thousands,2019,
URUGUAY,Overnights visitors (tourists),Thousands,2019,
URUGUAY,Same-day visitors (excursionists),Thousands,2019,
UZBEKISTAN,Total trips,Thousands,2019,
UZBEKISTAN,Overnights visitors (tourists),Thousands,2019,
UZBEKISTAN,Same-day visitors (excursionists),Thousands,2019,
VANUATU,Total trips,Thousands,2019,
VANUATU,Overnights visitors (tourists),Thousands,2019,
VANUATU,Same-day visitors (excursionists),Thousands,2019,
"VENEZUELA, BOLIVARIAN REPUBLIC OF",Total trips,Thousands,2019,
"VENEZUELA, BOLIVARIAN REPUBLIC OF",Overnights visitors (tourists),Thousands,2019,
"VENEZUELA, BOLIVARIAN REPUBLIC OF",Same-day visitors (excursionists),Thousands,2019,
VIET NAM,Total trips,Thousands,2019,
VIET NAM,Overnights visitors (tourists),Thousands,2019,
VIET NAM,Same-day visitors (excursionists),Thousands,2019,
YEMEN,Total trips,Thousands,2019,
YEMEN,Overnights visitors (tourists),Thousands,2019,
YEMEN,Same-day visitors (excursionists),Thousands,2019,
ZAMBIA,Total trips,Thousands,2019,
ZAMBIA,Overnights visitors (tourists),Thousands,2019,
ZAMBIA,Same-day visitors (excursionists),Thousands,2019,
ZIMBABWE,Total trips,Thousands,2019,
ZIMBABWE,Overnights visitors (tourists),Thousands,2019,
ZIMBABWE,Same-day visitors (excursionists),Thousands,2019,
AFGHANISTAN,Total trips,Thousands,2020,
AFGHANISTAN,Overnights visitors (tourists),Thousands,2020,
AFGHANISTAN,Same-day visitors (excursionists),Thousands,2020,
ALBANIA,Total trips,Thousands,2020,
ALBANIA,Overnights visitors (tourists),Thousands,2020,
ALBANIA,Same-day visitors (excursionists),Thousands,2020,
ALGERIA,Total trips,Thousands,2020,
ALGERIA,Overnights visitors (tourists),Thousands,2020,
ALGERIA,Same-day visitors (excursionists),Thousands,2020,
AMERICAN SAMOA,Total trips,Thousands,2020,
AMERICAN SAMOA,Overnights visitors (tourists),Thousands,2020,
AMERICAN SAMOA,Same-day visitors (excursionists),Thousands,2020,
ANDORRA,Total trips,Thousands,2020,
ANDORRA,Overnights visitors (tourists),Thousands,2020,
ANDORRA,Same-day visitors (excursionists),Thousands,2020,
ANGOLA,Total trips,Thousands,2020,
ANGOLA,Overnights visitors (tourists),Thousands,2020,
ANGOLA,Same-day visitors (excursionists),Thousands,2020,
ANGUILLA,Total trips,Thousands,2020,
ANGUILLA,Overnights visitors (tourists),Thousands,2020,
ANGUILLA,Same-day visitors (excursionists),Thousands,2020,
ANTIGUA AND BARBUDA,Total trips,Thousands,2020,
ANTIGUA AND BARBUDA,Overnights visitors (tourists),Thousands,2020,
ANTIGUA AND BARBUDA,Same-day visitors (excursionists),Thousands,2020,
ARGENTINA,Total trips,Thousands,2020,
ARGENTINA,Overnights visitors (tourists),Thousands,2020,
ARGENTINA,Same-day visitors (excursionists),Thousands,2020,
ARMENIA,Total trips,Thousands,2020,
ARMENIA,Overnights visitors (tourists),Thousands,2020,
ARMENIA,Same-day visitors (excursionists),Thousands,2020,
ARUBA,Total trips,Thousands,2020,
ARUBA,Overnights visitors (tourists),Thousands,2020,
ARUBA,Same-day visitors (excursionists),Thousands,2020,
AUSTRALIA,Total trips,Thousands,2020,
AUSTRALIA,Overnights visitors (tourists),Thousands,2020,
AUSTRALIA,Same-day visitors (excursionists),Thousands,2020,
AUSTRIA,Total trips,Thousands,2020,
AUSTRIA,Overnights visitors (tourists),Thousands,2020,
AUSTRIA,Same-day visitors (excursionists),Thousands,2020,
AZERBAIJAN,Total trips,Thousands,2020,
AZERBAIJAN,Overnights visitors (tourists),Thousands,2020,
AZERBAIJAN,Same-day visitors (excursionists),Thousands,2020,585.0
BAHAMAS,Total trips,Thousands,2020,
BAHAMAS,Overnights visitors (tourists),Thousands,2020,
BAHAMAS,Same-day visitors (excursionists),Thousands,2020,
BAHRAIN,Total trips,Thousands,2020,
BAHRAIN,Overnights visitors (tourists),Thousands,2020,134.0
BAHRAIN,Same-day visitors (excursionists),Thousands,2020,
BANGLADESH,Total trips,Thousands,2020,
BANGLADESH,Overnights visitors (tourists),Thousands,2020,
BANGLADESH,Same-day visitors (excursionists),Thousands,2020,
BARBADOS,Total trips,Thousands,2020,
BARBADOS,Overnights visitors (tourists),Thousands,2020,
BARBADOS,Same-day visitors (excursionists),Thousands,2020,
BELARUS,Total trips,Thousands,2020,
BELARUS,Overnights visitors (tourists),Thousands,2020,
BELARUS,Same-day visitors (excursionists),Thousands,2020,495.0
BELGIUM,Total trips,Thousands,2020,
BELGIUM,Overnights visitors (tourists),Thousands,2020,
BELGIUM,Same-day visitors (excursionists),Thousands,2020,
BELIZE,Total trips,Thousands,2020,
BELIZE,Overnights visitors (tourists),Thousands,2020,
BELIZE,Same-day visitors (excursionists),Thousands,2020,
BENIN,Total trips,Thousands,2020,
BENIN,Overnights visitors (tourists),Thousands,2020,
BENIN,Same-day visitors (excursionists),Thousands,2020,
BERMUDA,Total trips,Thousands,2020,
BERMUDA,Overnights visitors (tourists),Thousands,2020,
BERMUDA,Same-day visitors (excursionists),Thousands,2020,
BHUTAN,Total trips,Thousands,2020,
BHUTAN,Overnights visitors (tourists),Thousands,2020,
BHUTAN,Same-day visitors (excursionists),Thousands,2020,
"BOLIVIA, PLURINATIONAL STATE OF",Total trips,Thousands,2020,
"BOLIVIA, PLURINATIONAL STATE OF",Overnights visitors (tourists),Thousands,2020,
"BOLIVIA, PLURINATIONAL STATE OF",Same-day visitors (excursionists),Thousands,2020,
BONAIRE,Total trips,Thousands,2020,
BONAIRE,Overnights visitors (tourists),Thousands,2020,
BONAIRE,Same-day visitors (excursionists),Thousands,2020,
BOSNIA AND HERZEGOVINA,Total trips,Thousands,2020,
BOSNIA AND HERZEGOVINA,Overnights visitors (tourists),Thousands,2020,
BOSNIA AND HERZEGOVINA,Same-day visitors (excursionists),Thousands,2020,
BOTSWANA,Total trips,Thousands,2020,
BOTSWANA,Overnights visitors (tourists),Thousands,2020,
BOTSWANA,Same-day visitors (excursionists),Thousands,2020,
BRAZIL,Total trips,Thousands,2020,
BRAZIL,Overnights visitors (tourists),Thousands,2020,
BRAZIL,Same-day visitors (excursionists),Thousands,2020,
BRITISH VIRGIN ISLANDS,Total trips,Thousands,2020,
BRITISH VIRGIN ISLANDS,Overnights visitors (tourists),Thousands,2020,
BRITISH VIRGIN ISLANDS,Same-day visitors (excursionists),Thousands,2020,
BRUNEI DARUSSALAM,Total trips,Thousands,2020,
BRUNEI DARUSSALAM,Overnights visitors (tourists),Thousands,2020,
BRUNEI DARUSSALAM,Same-day visitors (excursionists),Thousands,2020,
BULGARIA,Total trips,Thousands,2020,
BULGARIA,Overnights visitors (tourists),Thousands,2020,
BULGARIA,Same-day visitors (excursionists),Thousands,2020,
BURKINA FASO,Total trips,Thousands,2020,
BURKINA FASO,Overnights visitors (tourists),Thousands,2020,
BURKINA FASO,Same-day visitors (excursionists),Thousands,2020,
BURUNDI,Total trips,Thousands,2020,
BURUNDI,Overnights visitors (tourists),Thousands,2020,
BURUNDI,Same-day visitors (excursionists),Thousands,2020,
CABO VERDE,Total trips,Thousands,2020,
CABO VERDE,Overnights visitors (tourists),Thousands,2020,
CABO VERDE,Same-day visitors (excursionists),Thousands,2020,
CAMBODIA,Total trips,Thousands,2020,
CAMBODIA,Overnights visitors (tourists),Thousands,2020,
CAMBODIA,Same-day visitors (excursionists),Thousands,2020,
CAMEROON,Total trips,Thousands,2020,
CAMEROON,Overnights visitors (tourists),Thousands,2020,
CAMEROON,Same-day visitors (excursionists),Thousands,2020,
CANADA,Total trips,Thousands,2020,
CANADA,Overnights visitors (tourists),Thousands,2020,
CANADA,Same-day visitors (excursionists),Thousands,2020,
CAYMAN ISLANDS,Total trips,Thousands,2020,
CAYMAN ISLANDS,Overnights visitors (tourists),Thousands,2020,
CAYMAN ISLANDS,Same-day visitors (excursionists),Thousands,2020,
CENTRAL AFRICAN REPUBLIC,Total trips,Thousands,2020,
CENTRAL AFRICAN REPUBLIC,Overnights visitors (tourists),Thousands,2020,
CENTRAL AFRICAN REPUBLIC,Same-day visitors (excursionists),Thousands,2020,
CHAD,Total trips,Thousands,2020,4.0
CHAD,Overnights visitors (tourists),Thousands,2020,3.0
CHAD,Same-day visitors (excursionists),Thousands,2020,1.0
CHILE,Total trips,Thousands,2020,
CHILE,Overnights visitors (tourists),Thousands,2020,
CHILE,Same-day visitors (excursionists),Thousands,2020,
CHINA,Total trips,Thousands,2020,
CHINA,Overnights visitors (tourists),Thousands,2020,
CHINA,Same-day visitors (excursionists),Thousands,2020,
COLOMBIA,Total trips,Thousands,2020,
COLOMBIA,Overnights visitors (tourists),Thousands,2020,
COLOMBIA,Same-day visitors (excursionists),Thousands,2020,
COMOROS,Total trips,Thousands,2020,
COMOROS,Overnights visitors (tourists),Thousands,2020,
COMOROS,Same-day visitors (excursionists),Thousands,2020,
CONGO,Total trips,Thousands,2020,
CONGO,Overnights visitors (tourists),Thousands,2020,
CONGO,Same-day visitors (excursionists),Thousands,2020,
"CONGO, DEMOCRATIC REPUBLIC OF THE",Total trips,Thousands,2020,
"CONGO, DEMOCRATIC REPUBLIC OF THE",Overnights visitors (tourists),Thousands,2020,
"CONGO, DEMOCRATIC REPUBLIC OF THE",Same-day visitors (excursionists),Thousands,2020,
COOK ISLANDS,Total trips,Thousands,2020,
COOK ISLANDS,Overnights visitors (tourists),Thousands,2020,
COOK ISLANDS,Same-day visitors (excursionists),Thousands,2020,
COSTA RICA,Total trips,Thousands,2020,
COSTA RICA,Overnights visitors (tourists),Thousands,2020,
COSTA RICA,Same-day visitors (excursionists),Thousands,2020,
COTE D´IVOIRE,Total trips,Thousands,2020,
COTE D´IVOIRE,Overnights visitors (tourists),Thousands,2020,
COTE D´IVOIRE,Same-day visitors (excursionists),Thousands,2020,
CROATIA,Total trips,Thousands,2020,
CROATIA,Overnights visitors (tourists),Thousands,2020,
CROATIA,Same-day visitors (excursionists),Thousands,2020,
CUBA,Total trips,Thousands,2020,
CUBA,Overnights visitors (tourists),Thousands,2020,
CUBA,Same-day visitors (excursionists),Thousands,2020,
CURAÇAO,Total trips,Thousands,2020,
CURAÇAO,Overnights visitors (tourists),Thousands,2020,
CURAÇAO,Same-day visitors (excursionists),Thousands,2020,
CYPRUS,Total trips,Thousands,2020,
CYPRUS,Overnights visitors (tourists),Thousands,2020,
CYPRUS,Same-day visitors (excursionists),Thousands,2020,
CZECH REPUBLIC (CZECHIA),Total trips,Thousands,2020,
CZECH REPUBLIC (CZECHIA),Overnights visitors (tourists),Thousands,2020,
CZECH REPUBLIC (CZECHIA),Same-day visitors (excursionists),Thousands,2020,
DENMARK,Total trips,Thousands,2020,
DENMARK,Overnights visitors (tourists),Thousands,2020,
DENMARK,Same-day visitors (excursionists),Thousands,2020,
DJIBOUTI,Total trips,Thousands,2020,
DJIBOUTI,Overnights visitors (tourists),Thousands,2020,
DJIBOUTI,Same-day visitors (excursionists),Thousands,2020,
DOMINICA,Total trips,Thousands,2020,
DOMINICA,Overnights visitors (tourists),Thousands,2020,
DOMINICA,Same-day visitors (excursionists),Thousands,2020,
DOMINICAN REPUBLIC,Total trips,Thousands,2020,
DOMINICAN REPUBLIC,Overnights visitors (tourists),Thousands,2020,
DOMINICAN REPUBLIC,Same-day visitors (excursionists),Thousands,2020,
ECUADOR,Total trips,Thousands,2020,
ECUADOR,Overnights visitors (tourists),Thousands,2020,
ECUADOR,Same-day visitors (excursionists),Thousands,2020,
EGYPT,Total trips,Thousands,2020,
EGYPT,Overnights visitors (tourists),Thousands,2020,
EGYPT,Same-day visitors (excursionists),Thousands,2020,
EL SALVADOR,Total trips,Thousands,2020,
EL SALVADOR,Overnights visitors (tourists),Thousands,2020,
EL SALVADOR,Same-day visitors (excursionists),Thousands,2020,
EQUATORIAL GUINEA,Total trips,Thousands,2020,
EQUATORIAL GUINEA,Overnights visitors (tourists),Thousands,2020,
EQUATORIAL GUINEA,Same-day visitors (excursionists),Thousands,2020,
ERITREA,Total trips,Thousands,2020,
ERITREA,Overnights visitors (tourists),Thousands,2020,
ERITREA,Same-day visitors (excursionists),Thousands,2020,
ESTONIA,Total trips,Thousands,2020,
ESTONIA,Overnights visitors (tourists),Thousands,2020,
ESTONIA,Same-day visitors (excursionists),Thousands,2020,
ESWATINI,Total trips,Thousands,2020,123.0
ESWATINI,Overnights visitors (tourists),Thousands,2020,89.0
ESWATINI,Same-day visitors (excursionists),Thousands,2020,34.0
ETHIOPIA,Total trips,Thousands,2020,
ETHIOPIA,Overnights visitors (tourists),Thousands,2020,
ETHIOPIA,Same-day visitors (excursionists),Thousands,2020,
FIJI,Total trips,Thousands,2020,
FIJI,Overnights visitors (tourists),Thousands,2020,
FIJI,Same-day visitors (excursionists),Thousands,2020,
FINLAND,Total trips,Thousands,2020,
FINLAND,Overnights visitors (tourists),Thousands,2020,
FINLAND,Same-day visitors (excursionists),Thousands,2020,
FRANCE,Total trips,Thousands,2020,
FRANCE,Overnights visitors (tourists),Thousands,2020,
FRANCE,Same-day visitors (excursionists),Thousands,2020,
FRENCH GUIANA,Total trips,Thousands,2020,
FRENCH GUIANA,Overnights visitors (tourists),Thousands,2020,
FRENCH GUIANA,Same-day visitors (excursionists),Thousands,2020,
FRENCH POLYNESIA,Total trips,Thousands,2020,
FRENCH POLYNESIA,Overnights visitors (tourists),Thousands,2020,
FRENCH POLYNESIA,Same-day visitors (excursionists),Thousands,2020,
GABON,Total trips,Thousands,2020,
GABON,Overnights visitors (tourists),Thousands,2020,
GABON,Same-day visitors (excursionists),Thousands,2020,
GAMBIA,Total trips,Thousands,2020,
GAMBIA,Overnights visitors (tourists),Thousands,2020,
GAMBIA,Same-day visitors (excursionists),Thousands,2020,
GEORGIA,Total trips,Thousands,2020,
GEORGIA,Overnights visitors (tourists),Thousands,2020,
GEORGIA,Same-day visitors (excursionists),Thousands,2020,
GERMANY,Total trips,Thousands,2020,
GERMANY,Overnights visitors (tourists),Thousands,2020,
GERMANY,Same-day visitors (excursionists),Thousands,2020,
GHANA,Total trips,Thousands,2020,211.0
GHANA,Overnights visitors (tourists),Thousands,2020,
GHANA,Same-day visitors (excursionists),Thousands,2020,
GREECE,Total trips,Thousands,2020,
GREECE,Overnights visitors (tourists),Thousands,2020,
GREECE,Same-day visitors (excursionists),Thousands,2020,
GRENADA,Total trips,Thousands,2020,
GRENADA,Overnights visitors (tourists),Thousands,2020,
GRENADA,Same-day visitors (excursionists),Thousands,2020,
GUADELOUPE,Total trips,Thousands,2020,
GUADELOUPE,Overnights visitors (tourists),Thousands,2020,
GUADELOUPE,Same-day visitors (excursionists),Thousands,2020,
GUAM,Total trips,Thousands,2020,
GUAM,Overnights visitors (tourists),Thousands,2020,
GUAM,Same-day visitors (excursionists),Thousands,2020,
GUATEMALA,Total trips,Thousands,2020,
GUATEMALA,Overnights visitors (tourists),Thousands,2020,
GUATEMALA,Same-day visitors (excursionists),Thousands,2020,
GUINEA,Total trips,Thousands,2020,
GUINEA,Overnights visitors (tourists),Thousands,2020,
GUINEA,Same-day visitors (excursionists),Thousands,2020,
GUINEA-BISSAU,Total trips,Thousands,2020,
GUINEA-BISSAU,Overnights visitors (tourists),Thousands,2020,
GUINEA-BISSAU,Same-day visitors (excursionists),Thousands,2020,
GUYANA,Total trips,Thousands,2020,
GUYANA,Overnights visitors (tourists),Thousands,2020,
GUYANA,Same-day visitors (excursionists),Thousands,2020,
HAITI,Total trips,Thousands,2020,
HAITI,Overnights visitors (tourists),Thousands,2020,
HAITI,Same-day visitors (excursionists),Thousands,2020,
HONDURAS,Total trips,Thousands,2020,
HONDURAS,Overnights visitors (tourists),Thousands,2020,
HONDURAS,Same-day visitors (excursionists),Thousands,2020,
"HONG KONG, CHINA",Total trips,Thousands,2020,
"HONG KONG, CHINA",Overnights visitors (tourists),Thousands,2020,
"HONG KONG, CHINA",Same-day visitors (excursionists),Thousands,2020,
HUNGARY,Total trips,Thousands,2020,
HUNGARY,Overnights visitors (tourists),Thousands,2020,
HUNGARY,Same-day visitors (excursionists),Thousands,2020,
ICELAND,Total trips,Thousands,2020,
ICELAND,Overnights visitors (tourists),Thousands,2020,
ICELAND,Same-day visitors (excursionists),Thousands,2020,
INDIA,Total trips,Thousands,2020,
INDIA,Overnights visitors (tourists),Thousands,2020,
INDIA,Same-day visitors (excursionists),Thousands,2020,
INDONESIA,Total trips,Thousands,2020,
INDONESIA,Overnights visitors (tourists),Thousands,2020,
INDONESIA,Same-day visitors (excursionists),Thousands,2020,
"IRAN, ISLAMIC REPUBLIC OF",Total trips,Thousands,2020,
"IRAN, ISLAMIC REPUBLIC OF",Overnights visitors (tourists),Thousands,2020,
"IRAN, ISLAMIC REPUBLIC OF",Same-day visitors (excursionists),Thousands,2020,
IRAQ,Total trips,Thousands,2020,
IRAQ,Overnights visitors (tourists),Thousands,2020,
IRAQ,Same-day visitors (excursionists),Thousands,2020,
IRELAND,Total trips,Thousands,2020,
IRELAND,Overnights visitors (tourists),Thousands,2020,
IRELAND,Same-day visitors (excursionists),Thousands,2020,
ISRAEL,Total trips,Thousands,2020,
ISRAEL,Overnights visitors (tourists),Thousands,2020,
ISRAEL,Same-day visitors (excursionists),Thousands,2020,
ITALY,Total trips,Thousands,2020,
ITALY,Overnights visitors (tourists),Thousands,2020,
ITALY,Same-day visitors (excursionists),Thousands,2020,
JAMAICA,Total trips,Thousands,2020,
JAMAICA,Overnights visitors (tourists),Thousands,2020,
JAMAICA,Same-day visitors (excursionists),Thousands,2020,
JAPAN,Total trips,Thousands,2020,
JAPAN,Overnights visitors (tourists),Thousands,2020,
JAPAN,Same-day visitors (excursionists),Thousands,2020,
JORDAN,Total trips,Thousands,2020,
JORDAN,Overnights visitors (tourists),Thousands,2020,
JORDAN,Same-day visitors (excursionists),Thousands,2020,
KAZAKHSTAN,Total trips,Thousands,2020,
KAZAKHSTAN,Overnights visitors (tourists),Thousands,2020,
KAZAKHSTAN,Same-day visitors (excursionists),Thousands,2020,
KENYA,Total trips,Thousands,2020,
KENYA,Overnights visitors (tourists),Thousands,2020,
KENYA,Same-day visitors (excursionists),Thousands,2020,
KIRIBATI,Total trips,Thousands,2020,
KIRIBATI,Overnights visitors (tourists),Thousands,2020,
KIRIBATI,Same-day visitors (excursionists),Thousands,2020,
"KOREA, DEMOCRATIC PEOPLE´S REPUBLIC OF",Total trips,Thousands,2020,
"KOREA, DEMOCRATIC PEOPLE´S REPUBLIC OF",Overnights visitors (tourists),Thousands,2020,
"KOREA, DEMOCRATIC PEOPLE´S REPUBLIC OF",Same-day visitors (excursionists),Thousands,2020,
"KOREA, REPUBLIC OF",Total trips,Thousands,2020,
"KOREA, REPUBLIC OF",Overnights visitors (tourists),Thousands,2020,
"KOREA, REPUBLIC OF",Same-day visitors (excursionists),Thousands,2020,
KUWAIT,Total trips,Thousands,2020,
KUWAIT,Overnights visitors (tourists),Thousands,2020,
KUWAIT,Same-day visitors (excursionists),Thousands,2020,
KYRGYZSTAN,Total trips,Thousands,2020,751.0
KYRGYZSTAN,Overnights visitors (tourists),Thousands,2020,
KYRGYZSTAN,Same-day visitors (excursionists),Thousands,2020,
LAO PEOPLE´S DEMOCRATIC REPUBLIC,Total trips,Thousands,2020,
LAO PEOPLE´S DEMOCRATIC REPUBLIC,Overnights visitors (tourists),Thousands,2020,
LAO PEOPLE´S DEMOCRATIC REPUBLIC,Same-day visitors (excursionists),Thousands,2020,
LATVIA,Total trips,Thousands,2020,
LATVIA,Overnights visitors (tourists),Thousands,2020,
LATVIA,Same-day visitors (excursionists),Thousands,2020,
LEBANON,Total trips,Thousands,2020,
LEBANON,Overnights visitors (tourists),Thousands,2020,
LEBANON,Same-day visitors (excursionists),Thousands,2020,
LESOTHO,Total trips,Thousands,2020,
LESOTHO,Overnights visitors (tourists),Thousands,2020,
LESOTHO,Same-day visitors (excursionists),Thousands,2020,
LIBERIA,Total trips,Thousands,2020,
LIBERIA,Overnights visitors (tourists),Thousands,2020,
LIBERIA,Same-day visitors (excursionists),Thousands,2020,
LIBYA,Total trips,Thousands,2020,
LIBYA,Overnights visitors (tourists),Thousands,2020,
LIBYA,Same-day visitors (excursionists),Thousands,2020,
LIECHTENSTEIN,Total trips,Thousands,2020,
LIECHTENSTEIN,Overnights visitors (tourists),Thousands,2020,
LIECHTENSTEIN,Same-day visitors (excursionists),Thousands,2020,
LITHUANIA,Total trips,Thousands,2020,
LITHUANIA,Overnights visitors (tourists),Thousands,2020,
LITHUANIA,Same-day visitors (excursionists),Thousands,2020,
LUXEMBOURG,Total trips,Thousands,2020,
LUXEMBOURG,Overnights visitors (tourists),Thousands,2020,130.0
LUXEMBOURG,Same-day visitors (excursionists),Thousands,2020,
"MACAO, CHINA",Total trips,Thousands,2020,
"MACAO, CHINA",Overnights visitors (tourists),Thousands,2020,
"MACAO, CHINA",Same-day visitors (excursionists),Thousands,2020,
MADAGASCAR,Total trips,Thousands,2020,3.0
MADAGASCAR,Overnights visitors (tourists),Thousands,2020,3.0
MADAGASCAR,Same-day visitors (excursionists),Thousands,2020,0.0
MALAWI,Total trips,Thousands,2020,
MALAWI,Overnights visitors (tourists),Thousands,2020,
MALAWI,Same-day visitors (excursionists),Thousands,2020,
MALAYSIA,Total trips,Thousands,2020,
MALAYSIA,Overnights visitors (tourists),Thousands,2020,
MALAYSIA,Same-day visitors (excursionists),Thousands,2020,
MALDIVES,Total trips,Thousands,2020,
MALDIVES,Overnights visitors (tourists),Thousands,2020,
MALDIVES,Same-day visitors (excursionists),Thousands,2020,
MALI,Total trips,Thousands,2020,
MALI,Overnights visitors (tourists),Thousands,2020,23.0
MALI,Same-day visitors (excursionists),Thousands,2020,
MALTA,Total trips,Thousands,2020,
MALTA,Overnights visitors (tourists),Thousands,2020,360.0
MALTA,Same-day visitors (excursionists),Thousands,2020,
MARSHALL ISLANDS,Total trips,Thousands,2020,
MARSHALL ISLANDS,Overnights visitors (tourists),Thousands,2020,
MARSHALL ISLANDS,Same-day visitors (excursionists),Thousands,2020,
MARTINIQUE,Total trips,Thousands,2020,
MARTINIQUE,Overnights visitors (tourists),Thousands,2020,
MARTINIQUE,Same-day visitors (excursionists),Thousands,2020,
MAURITANIA,Total trips,Thousands,2020,
MAURITANIA,Overnights visitors (tourists),Thousands,2020,
MAURITANIA,Same-day visitors (excursionists),Thousands,2020,
MAURITIUS,Total trips,Thousands,2020,
MAURITIUS,Overnights visitors (tourists),Thousands,2020,
MAURITIUS,Same-day visitors (excursionists),Thousands,2020,
MEXICO,Total trips,Thousands,2020,
MEXICO,Overnights visitors (tourists),Thousands,2020,
MEXICO,Same-day visitors (excursionists),Thousands,2020,
"MICRONESIA, FEDERATED STATES OF",Total trips,Thousands,2020,
"MICRONESIA, FEDERATED STATES OF",Overnights visitors (tourists),Thousands,2020,
"MICRONESIA, FEDERATED STATES OF",Same-day visitors (excursionists),Thousands,2020,
"MOLDOVA, REPUBLIC OF",Total trips,Thousands,2020,43.0
"MOLDOVA, REPUBLIC OF",Overnights visitors (tourists),Thousands,2020,9.0
"MOLDOVA, REPUBLIC OF",Same-day visitors (excursionists),Thousands,2020,34.0
MONACO,Total trips,Thousands,2020,
MONACO,Overnights visitors (tourists),Thousands,2020,
MONACO,Same-day visitors (excursionists),Thousands,2020,
MONGOLIA,Total trips,Thousands,2020,
MONGOLIA,Overnights visitors (tourists),Thousands,2020,
MONGOLIA,Same-day visitors (excursionists),Thousands,2020,
MONTENEGRO,Total trips,Thousands,2020,
MONTENEGRO,Overnights visitors (tourists),Thousands,2020,
MONTENEGRO,Same-day visitors (excursionists),Thousands,2020,
MONTSERRAT,Total trips,Thousands,2020,
MONTSERRAT,Overnights visitors (tourists),Thousands,2020,
MONTSERRAT,Same-day visitors (excursionists),Thousands,2020,
MOROCCO,Total trips,Thousands,2020,
MOROCCO,Overnights visitors (tourists),Thousands,2020,
MOROCCO,Same-day visitors (excursionists),Thousands,2020,
MOZAMBIQUE,Total trips,Thousands,2020,
MOZAMBIQUE,Overnights visitors (tourists),Thousands,2020,
MOZAMBIQUE,Same-day visitors (excursionists),Thousands,2020,
MYANMAR,Total trips,Thousands,2020,
MYANMAR,Overnights visitors (tourists),Thousands,2020,
MYANMAR,Same-day visitors (excursionists),Thousands,2020,
NAMIBIA,Total trips,Thousands,2020,
NAMIBIA,Overnights visitors (tourists),Thousands,2020,
NAMIBIA,Same-day visitors (excursionists),Thousands,2020,
NAURU,Total trips,Thousands,2020,
NAURU,Overnights visitors (tourists),Thousands,2020,
NAURU,Same-day visitors (excursionists),Thousands,2020,
NEPAL,Total trips,Thousands,2020,
NEPAL,Overnights visitors (tourists),Thousands,2020,
NEPAL,Same-day visitors (excursionists),Thousands,2020,
NETHERLANDS,Total trips,Thousands,2020,
NETHERLANDS,Overnights visitors (tourists),Thousands,2020,
NETHERLANDS,Same-day visitors (excursionists),Thousands,2020,
NEW CALEDONIA,Total trips,Thousands,2020,
NEW CALEDONIA,Overnights visitors (tourists),Thousands,2020,
NEW CALEDONIA,Same-day visitors (excursionists),Thousands,2020,
NEW ZEALAND,Total trips,Thousands,2020,
NEW ZEALAND,Overnights visitors (tourists),Thousands,2020,
NEW ZEALAND,Same-day visitors (excursionists),Thousands,2020,
NICARAGUA,Total trips,Thousands,2020,
NICARAGUA,Overnights visitors (tourists),Thousands,2020,
NICARAGUA,Same-day visitors (excursionists),Thousands,2020,
NIGER,Total trips,Thousands,2020,
NIGER,Overnights visitors (tourists),Thousands,2020,
NIGER,Same-day visitors (excursionists),Thousands,2020,
NIGERIA,Total trips,Thousands,2020,
NIGERIA,Overnights visitors (tourists),Thousands,2020,
NIGERIA,Same-day visitors (excursionists),Thousands,2020,
NIUE,Total trips,Thousands,2020,
NIUE,Overnights visitors (tourists),Thousands,2020,
NIUE,Same-day visitors (excursionists),Thousands,2020,
NORTH MACEDONIA,Total trips,Thousands,2020,
NORTH MACEDONIA,Overnights visitors (tourists),Thousands,2020,
NORTH MACEDONIA,Same-day visitors (excursionists),Thousands,2020,
NORTHERN MARIANA ISLANDS,Total trips,Thousands,2020,
NORTHERN MARIANA ISLANDS,Overnights visitors (tourists),Thousands,2020,
NORTHERN MARIANA ISLANDS,Same-day visitors (excursionists),Thousands,2020,
NORWAY,Total trips,Thousands,2020,
NORWAY,Overnights visitors (tourists),Thousands,2020,
NORWAY,Same-day visitors (excursionists),Thousands,2020,
OMAN,Total trips,Thousands,2020,
OMAN,Overnights visitors (tourists),Thousands,2020,
OMAN,Same-day visitors (excursionists),Thousands,2020,
PAKISTAN,Total trips,Thousands,2020,
PAKISTAN,Overnights visitors (tourists),Thousands,2020,
PAKISTAN,Same-day visitors (excursionists),Thousands,2020,
PALAU,Total trips,Thousands,2020,
PALAU,Overnights visitors (tourists),Thousands,2020,
PALAU,Same-day visitors (excursionists),Thousands,2020,
PANAMA,Total trips,Thousands,2020,
PANAMA,Overnights visitors (tourists),Thousands,2020,
PANAMA,Same-day visitors (excursionists),Thousands,2020,
PAPUA NEW GUINEA,Total trips,Thousands,2020,
PAPUA NEW GUINEA,Overnights visitors (tourists),Thousands,2020,
PAPUA NEW GUINEA,Same-day visitors (excursionists),Thousands,2020,
PARAGUAY,Total trips,Thousands,2020,
PARAGUAY,Overnights visitors (tourists),Thousands,2020,
PARAGUAY,Same-day visitors (excursionists),Thousands,2020,
PERU,Total trips,Thousands,2020,
PERU,Overnights visitors (tourists),Thousands,2020,
PERU,Same-day visitors (excursionists),Thousands,2020,
PHILIPPINES,Total trips,Thousands,2020,
PHILIPPINES,Overnights visitors (tourists),Thousands,2020,
PHILIPPINES,Same-day visitors (excursionists),Thousands,2020,
POLAND,Total trips,Thousands,2020,
POLAND,Overnights visitors (tourists),Thousands,2020,
POLAND,Same-day visitors (excursionists),Thousands,2020,
PORTUGAL,Total trips,Thousands,2020,
PORTUGAL,Overnights visitors (tourists),Thousands,2020,
PORTUGAL,Same-day visitors (excursionists),Thousands,2020,
PUERTO RICO,Total trips,Thousands,2020,
PUERTO RICO,Overnights visitors (tourists),Thousands,2020,
PUERTO RICO,Same-day visitors (excursionists),Thousands,2020,
QATAR,Total trips,Thousands,2020,
QATAR,Overnights visitors (tourists),Thousands,2020,
QATAR,Same-day visitors (excursionists),Thousands,2020,
REUNION,Total trips,Thousands,2020,
REUNION,Overnights visitors (tourists),Thousands,2020,
REUNION,Same-day visitors (excursionists),Thousands,2020,
ROMANIA,Total trips,Thousands,2020,
ROMANIA,Overnights visitors (tourists),Thousands,2020,
ROMANIA,Same-day visitors (excursionists),Thousands,2020,
RUSSIAN FEDERATION,Total trips,Thousands,2020,
RUSSIAN FEDERATION,Overnights visitors (tourists),Thousands,2020,
RUSSIAN FEDERATION,Same-day visitors (excursionists),Thousands,2020,
RWANDA,Total trips,Thousands,2020,
RWANDA,Overnights visitors (tourists),Thousands,2020,
RWANDA,Same-day visitors (excursionists),Thousands,2020,
SABA,Total trips,Thousands,2020,
SABA,Overnights visitors (tourists),Thousands,2020,
SABA,Same-day visitors (excursionists),Thousands,2020,
SAINT KITTS AND NEVIS,Total trips,Thousands,2020,
SAINT KITTS AND NEVIS,Overnights visitors (tourists),Thousands,2020,
SAINT KITTS AND NEVIS,Same-day visitors (excursionists),Thousands,2020,
SAINT LUCIA,Total trips,Thousands,2020,
SAINT LUCIA,Overnights visitors (tourists),Thousands,2020,
SAINT LUCIA,Same-day visitors (excursionists),Thousands,2020,
SAINT VINCENT AND THE GRENADINES,Total trips,Thousands,2020,
SAINT VINCENT AND THE GRENADINES,Overnights visitors (tourists),Thousands,2020,
SAINT VINCENT AND THE GRENADINES,Same-day visitors (excursionists),Thousands,2020,
SAMOA,Total trips,Thousands,2020,
SAMOA,Overnights visitors (tourists),Thousands,2020,
SAMOA,Same-day visitors (excursionists),Thousands,2020,
SAN MARINO,Total trips,Thousands,2020,
SAN MARINO,Overnights visitors (tourists),Thousands,2020,
SAN MARINO,Same-day visitors (excursionists),Thousands,2020,
SAO TOME AND PRINCIPE,Total trips,Thousands,2020,
SAO TOME AND PRINCIPE,Overnights visitors (tourists),Thousands,2020,
SAO TOME AND PRINCIPE,Same-day visitors (excursionists),Thousands,2020,
SAUDI ARABIA,Total trips,Thousands,2020,
SAUDI ARABIA,Overnights visitors (tourists),Thousands,2020,
SAUDI ARABIA,Same-day visitors (excursionists),Thousands,2020,
SENEGAL,Total trips,Thousands,2020,
SENEGAL,Overnights visitors (tourists),Thousands,2020,
SENEGAL,Same-day visitors (excursionists),Thousands,2020,
SERBIA,Total trips,Thousands,2020,
SERBIA,Overnights visitors (tourists),Thousands,2020,
SERBIA,Same-day visitors (excursionists),Thousands,2020,
SERBIA AND MONTENEGRO,Total trips,Thousands,2020,
SERBIA AND MONTENEGRO,Overnights visitors (tourists),Thousands,2020,
SERBIA AND MONTENEGRO,Same-day visitors (excursionists),Thousands,2020,
SEYCHELLES,Total trips,Thousands,2020,
SEYCHELLES,Overnights visitors (tourists),Thousands,2020,
SEYCHELLES,Same-day visitors (excursionists),Thousands,2020,
SIERRA LEONE,Total trips,Thousands,2020,
SIERRA LEONE,Overnights visitors (tourists),Thousands,2020,
SIERRA LEONE,Same-day visitors (excursionists),Thousands,2020,
SINGAPORE,Total trips,Thousands,2020,
SINGAPORE,Overnights visitors (tourists),Thousands,2020,
SINGAPORE,Same-day visitors (excursionists),Thousands,2020,
SINT EUSTATIUS,Total trips,Thousands,2020,
SINT EUSTATIUS,Overnights visitors (tourists),Thousands,2020,
SINT EUSTATIUS,Same-day visitors (excursionists),Thousands,2020,
SINT MAARTEN (DUTCH PART),Total trips,Thousands,2020,
SINT MAARTEN (DUTCH PART),Overnights visitors (tourists),Thousands,2020,
SINT MAARTEN (DUTCH PART),Same-day visitors (excursionists),Thousands,2020,
SLOVAKIA,Total trips,Thousands,2020,
SLOVAKIA,Overnights visitors (tourists),Thousands,2020,
SLOVAKIA,Same-day visitors (excursionists),Thousands,2020,
SLOVENIA,Total trips,Thousands,2020,
SLOVENIA,Overnights visitors (tourists),Thousands,2020,
SLOVENIA,Same-day visitors (excursionists),Thousands,2020,
SOLOMON ISLANDS,Total trips,Thousands,2020,
SOLOMON ISLANDS,Overnights visitors (tourists),Thousands,2020,
SOLOMON ISLANDS,Same-day visitors (excursionists),Thousands,2020,
SOMALIA,Total trips,Thousands,2020,
SOMALIA,Overnights visitors (tourists),Thousands,2020,
SOMALIA,Same-day visitors (excursionists),Thousands,2020,
SOUTH AFRICA,Total trips,Thousands,2020,
SOUTH AFRICA,Overnights visitors (tourists),Thousands,2020,
SOUTH AFRICA,Same-day visitors (excursionists),Thousands,2020,
SOUTH SUDAN,Total trips,Thousands,2020,
SOUTH SUDAN,Overnights visitors (tourists),Thousands,2020,
SOUTH SUDAN,Same-day visitors (excursionists),Thousands,2020,
SPAIN,Total trips,Thousands,2020,
SPAIN,Overnights visitors (tourists),Thousands,2020,
SPAIN,Same-day visitors (excursionists),Thousands,2020,
SRI LANKA,Total trips,Thousands,2020,
SRI LANKA,Overnights visitors (tourists),Thousands,2020,
SRI LANKA,Same-day visitors (excursionists),Thousands,2020,
STATE OF PALESTINE,Total trips,Thousands,2020,
STATE OF PALESTINE,Overnights visitors (tourists),Thousands,2020,17.0
STATE OF PALESTINE,Same-day visitors (excursionists),Thousands,2020,
SUDAN,Total trips,Thousands,2020,
SUDAN,Overnights visitors (tourists),Thousands,2020,
SUDAN,Same-day visitors (excursionists),Thousands,2020,
SURINAME,Total trips,Thousands,2020,
SURINAME,Overnights visitors (tourists),Thousands,2020,
SURINAME,Same-day visitors (excursionists),Thousands,2020,
SWEDEN,Total trips,Thousands,2020,
SWEDEN,Overnights visitors (tourists),Thousands,2020,
SWEDEN,Same-day visitors (excursionists),Thousands,2020,
SWITZERLAND,Total trips,Thousands,2020,
SWITZERLAND,Overnights visitors (tourists),Thousands,2020,
SWITZERLAND,Same-day visitors (excursionists),Thousands,2020,
SYRIAN ARAB REPUBLIC,Total trips,Thousands,2020,
SYRIAN ARAB REPUBLIC,Overnights visitors (tourists),Thousands,2020,
SYRIAN ARAB REPUBLIC,Same-day visitors (excursionists),Thousands,2020,
TAIWAN PROVINCE OF CHINA,Total trips,Thousands,2020,
TAIWAN PROVINCE OF CHINA,Overnights visitors (tourists),Thousands,2020,
TAIWAN PROVINCE OF CHINA,Same-day visitors (excursionists),Thousands,2020,
TAJIKISTAN,Total trips,Thousands,2020,
TAJIKISTAN,Overnights visitors (tourists),Thousands,2020,
TAJIKISTAN,Same-day visitors (excursionists),Thousands,2020,
"TANZANIA, UNITED REPUBLIC OF",Total trips,Thousands,2020,
"TANZANIA, UNITED REPUBLIC OF",Overnights visitors (tourists),Thousands,2020,
"TANZANIA, UNITED REPUBLIC OF",Same-day visitors (excursionists),Thousands,2020,
THAILAND,Total trips,Thousands,2020,
THAILAND,Overnights visitors (tourists),Thousands,2020,
THAILAND,Same-day visitors (excursionists),Thousands,2020,
TIMOR-LESTE,Total trips,Thousands,2020,
TIMOR-LESTE,Overnights visitors (tourists),Thousands,2020,
TIMOR-LESTE,Same-day visitors (excursionists),Thousands,2020,
TOGO,Total trips,Thousands,2020,
TOGO,Overnights visitors (tourists),Thousands,2020,
TOGO,Same-day visitors (excursionists),Thousands,2020,
TONGA,Total trips,Thousands,2020,
TONGA,Overnights visitors (tourists),Thousands,2020,
TONGA,Same-day visitors (excursionists),Thousands,2020,
TRINIDAD AND TOBAGO,Total trips,Thousands,2020,808.0
TRINIDAD AND TOBAGO,Overnights visitors (tourists),Thousands,2020,
TRINIDAD AND TOBAGO,Same-day visitors (excursionists),Thousands,2020,
TUNISIA,Total trips,Thousands,2020,
TUNISIA,Overnights visitors (tourists),Thousands,2020,
TUNISIA,Same-day visitors (excursionists),Thousands,2020,
TÜRKIYE,Total trips,Thousands,2020,
TÜRKIYE,Overnights visitors (tourists),Thousands,2020,
TÜRKIYE,Same-day visitors (excursionists),Thousands,2020,
TURKMENISTAN,Total trips,Thousands,2020,
TURKMENISTAN,Overnights visitors (tourists),Thousands,2020,
TURKMENISTAN,Same-day visitors (excursionists),Thousands,2020,
TURKS AND CAICOS ISLANDS,Total trips,Thousands,2020,
TURKS AND CAICOS ISLANDS,Overnights visitors (tourists),Thousands,2020,
TURKS AND CAICOS ISLANDS,Same-day visitors (excursionists),Thousands,2020,
TUVALU,Total trips,Thousands,2020,
TUVALU,Overnights visitors (tourists),Thousands,2020,
TUVALU,Same-day visitors (excursionists),Thousands,2020,
UGANDA,Total trips,Thousands,2020,
UGANDA,Overnights visitors (tourists),Thousands,2020,
UGANDA,Same-day visitors (excursionists),Thousands,2020,
UKRAINE,Total trips,Thousands,2020,
UKRAINE,Overnights visitors (tourists),Thousands,2020,
UKRAINE,Same-day visitors (excursionists),Thousands,2020,
UNITED ARAB EMIRATES,Total trips,Thousands,2020,
UNITED ARAB EMIRATES,Overnights visitors (tourists),Thousands,2020,
UNITED ARAB EMIRATES,Same-day visitors (excursionists),Thousands,2020,
UNITED KINGDOM,Total trips,Thousands,2020,
UNITED KINGDOM,Overnights visitors (tourists),Thousands,2020,
UNITED KINGDOM,Same-day visitors (excursionists),Thousands,2020,
UNITED STATES OF AMERICA,Total trips,Thousands,2020,
UNITED STATES OF AMERICA,Overnights visitors (tourists),Thousands,2020,
UNITED STATES OF AMERICA,Same-day visitors (excursionists),Thousands,2020,
UNITED STATES VIRGIN ISLANDS,Total trips,Thousands,2020,
UNITED STATES VIRGIN ISLANDS,Overnights visitors (tourists),Thousands,2020,
UNITED STATES VIRGIN ISLANDS,Same-day visitors (excursionists),Thousands,2020,
URUGUAY,Total trips,Thousands,2020,
URUGUAY,Overnights visitors (tourists),Thousands,2020,
URUGUAY,Same-day visitors (excursionists),Thousands,2020,
UZBEKISTAN,Total trips,Thousands,2020,
UZBEKISTAN,Overnights visitors (tourists),Thousands,2020,
UZBEKISTAN,Same-day visitors (excursionists),Thousands,2020,
VANUATU,Total trips,Thousands,2020,
VANUATU,Overnights visitors (tourists),Thousands,2020,
VANUATU,Same-day visitors (excursionists),Thousands,2020,
"VENEZUELA, BOLIVARIAN REPUBLIC OF",Total trips,Thousands,2020,
"VENEZUELA, BOLIVARIAN REPUBLIC OF",Overnights visitors (tourists),Thousands,2020,
"VENEZUELA, BOLIVARIAN REPUBLIC OF",Same-day visitors (excursionists),Thousands,2020,
VIET NAM,Total trips,Thousands,2020,
VIET NAM,Overnights visitors (tourists),Thousands,2020,
VIET NAM,Same-day visitors (excursionists),Thousands,2020,
YEMEN,Total trips,Thousands,2020,
YEMEN,Overnights visitors (tourists),Thousands,2020,
YEMEN,Same-day visitors (excursionists),Thousands,2020,
ZAMBIA,Total trips,Thousands,2020,
ZAMBIA,Overnights visitors (tourists),Thousands,2020,
ZAMBIA,Same-day visitors (excursionists),Thousands,2020,
ZIMBABWE,Total trips,Thousands,2020,
ZIMBABWE,Overnights visitors (tourists),Thousands,2020,
ZIMBABWE,Same-day visitors (excursionists),Thousands,2020,
AFGHANISTAN,Total trips,Thousands,2021,
AFGHANISTAN,Overnights visitors (tourists),Thousands,2021,
AFGHANISTAN,Same-day visitors (excursionists),Thousands,2021,
ALBANIA,Total trips,Thousands,2021,
ALBANIA,Overnights visitors (tourists),Thousands,2021,
ALBANIA,Same-day visitors (excursionists),Thousands,2021,
ALGERIA,Total trips,Thousands,2021,
ALGERIA,Overnights visitors (tourists),Thousands,2021,
ALGERIA,Same-day visitors (excursionists),Thousands,2021,
AMERICAN SAMOA,Total trips,Thousands,2021,
AMERICAN SAMOA,Overnights visitors (tourists),Thousands,2021,
AMERICAN SAMOA,Same-day visitors (excursionists),Thousands,2021,
ANDORRA,Total trips,Thousands,2021,
ANDORRA,Overnights visitors (tourists),Thousands,2021,
ANDORRA,Same-day visitors (excursionists),Thousands,2021,
ANGOLA,Total trips,Thousands,2021,
ANGOLA,Overnights visitors (tourists),Thousands,2021,
ANGOLA,Same-day visitors (excursionists),Thousands,2021,
ANGUILLA,Total trips,Thousands,2021,
ANGUILLA,Overnights visitors (tourists),Thousands,2021,
ANGUILLA,Same-day visitors (excursionists),Thousands,2021,
ANTIGUA AND BARBUDA,Total trips,Thousands,2021,
ANTIGUA AND BARBUDA,Overnights visitors (tourists),Thousands,2021,
ANTIGUA AND BARBUDA,Same-day visitors (excursionists),Thousands,2021,
ARGENTINA,Total trips,Thousands,2021,
ARGENTINA,Overnights visitors (tourists),Thousands,2021,
ARGENTINA,Same-day visitors (excursionists),Thousands,2021,
ARMENIA,Total trips,Thousands,2021,
ARMENIA,Overnights visitors (tourists),Thousands,2021,
ARMENIA,Same-day visitors (excursionists),Thousands,2021,
ARUBA,Total trips,Thousands,2021,
ARUBA,Overnights visitors (tourists),Thousands,2021,
ARUBA,Same-day visitors (excursionists),Thousands,2021,
AUSTRALIA,Total trips,Thousands,2021,
AUSTRALIA,Overnights visitors (tourists),Thousands,2021,
AUSTRALIA,Same-day visitors (excursionists),Thousands,2021,
AUSTRIA,Total trips,Thousands,2021,
AUSTRIA,Overnights visitors (tourists),Thousands,2021,
AUSTRIA,Same-day visitors (excursionists),Thousands,2021,
AZERBAIJAN,Total trips,Thousands,2021,
AZERBAIJAN,Overnights visitors (tourists),Thousands,2021,
AZERBAIJAN,Same-day visitors (excursionists),Thousands,2021,
BAHAMAS,Total trips,Thousands,2021,
BAHAMAS,Overnights visitors (tourists),Thousands,2021,
BAHAMAS,Same-day visitors (excursionists),Thousands,2021,
BAHRAIN,Total trips,Thousands,2021,
BAHRAIN,Overnights visitors (tourists),Thousands,2021,187.0
BAHRAIN,Same-day visitors (excursionists),Thousands,2021,947.0
BANGLADESH,Total trips,Thousands,2021,
BANGLADESH,Overnights visitors (tourists),Thousands,2021,
BANGLADESH,Same-day visitors (excursionists),Thousands,2021,
BARBADOS,Total trips,Thousands,2021,
BARBADOS,Overnights visitors (tourists),Thousands,2021,
BARBADOS,Same-day visitors (excursionists),Thousands,2021,
BELARUS,Total trips,Thousands,2021,
BELARUS,Overnights visitors (tourists),Thousands,2021,
BELARUS,Same-day visitors (excursionists),Thousands,2021,
BELGIUM,Total trips,Thousands,2021,
BELGIUM,Overnights visitors (tourists),Thousands,2021,
BELGIUM,Same-day visitors (excursionists),Thousands,2021,
BELIZE,Total trips,Thousands,2021,
BELIZE,Overnights visitors (tourists),Thousands,2021,
BELIZE,Same-day visitors (excursionists),Thousands,2021,
BENIN,Total trips,Thousands,2021,
BENIN,Overnights visitors (tourists),Thousands,2021,
BENIN,Same-day visitors (excursionists),Thousands,2021,
BERMUDA,Total trips,Thousands,2021,
BERMUDA,Overnights visitors (tourists),Thousands,2021,
BERMUDA,Same-day visitors (excursionists),Thousands,2021,
BHUTAN,Total trips,Thousands,2021,
BHUTAN,Overnights visitors (tourists),Thousands,2021,
BHUTAN,Same-day visitors (excursionists),Thousands,2021,
"BOLIVIA, PLURINATIONAL STATE OF",Total trips,Thousands,2021,
"BOLIVIA, PLURINATIONAL STATE OF",Overnights visitors (tourists),Thousands,2021,
"BOLIVIA, PLURINATIONAL STATE OF",Same-day visitors (excursionists),Thousands,2021,
BONAIRE,Total trips,Thousands,2021,
BONAIRE,Overnights visitors (tourists),Thousands,2021,
BONAIRE,Same-day visitors (excursionists),Thousands,2021,
BOSNIA AND HERZEGOVINA,Total trips,Thousands,2021,
BOSNIA AND HERZEGOVINA,Overnights visitors (tourists),Thousands,2021,
BOSNIA AND HERZEGOVINA,Same-day visitors (excursionists),Thousands,2021,
BOTSWANA,Total trips,Thousands,2021,
BOTSWANA,Overnights visitors (tourists),Thousands,2021,
BOTSWANA,Same-day visitors (excursionists),Thousands,2021,
BRAZIL,Total trips,Thousands,2021,
BRAZIL,Overnights visitors (tourists),Thousands,2021,
BRAZIL,Same-day visitors (excursionists),Thousands,2021,
BRITISH VIRGIN ISLANDS,Total trips,Thousands,2021,
BRITISH VIRGIN ISLANDS,Overnights visitors (tourists),Thousands,2021,
BRITISH VIRGIN ISLANDS,Same-day visitors (excursionists),Thousands,2021,
BRUNEI DARUSSALAM,Total trips,Thousands,2021,
BRUNEI DARUSSALAM,Overnights visitors (tourists),Thousands,2021,
BRUNEI DARUSSALAM,Same-day visitors (excursionists),Thousands,2021,
BULGARIA,Total trips,Thousands,2021,
BULGARIA,Overnights visitors (tourists),Thousands,2021,
BULGARIA,Same-day visitors (excursionists),Thousands,2021,
BURKINA FASO,Total trips,Thousands,2021,
BURKINA FASO,Overnights visitors (tourists),Thousands,2021,
BURKINA FASO,Same-day visitors (excursionists),Thousands,2021,
BURUNDI,Total trips,Thousands,2021,
BURUNDI,Overnights visitors (tourists),Thousands,2021,
BURUNDI,Same-day visitors (excursionists),Thousands,2021,
CABO VERDE,Total trips,Thousands,2021,
CABO VERDE,Overnights visitors (tourists),Thousands,2021,
CABO VERDE,Same-day visitors (excursionists),Thousands,2021,
CAMBODIA,Total trips,Thousands,2021,
CAMBODIA,Overnights visitors (tourists),Thousands,2021,
CAMBODIA,Same-day visitors (excursionists),Thousands,2021,
CAMEROON,Total trips,Thousands,2021,
CAMEROON,Overnights visitors (tourists),Thousands,2021,
CAMEROON,Same-day visitors (excursionists),Thousands,2021,
CANADA,Total trips,Thousands,2021,
CANADA,Overnights visitors (tourists),Thousands,2021,
CANADA,Same-day visitors (excursionists),Thousands,2021,
CAYMAN ISLANDS,Total trips,Thousands,2021,
CAYMAN ISLANDS,Overnights visitors (tourists),Thousands,2021,
CAYMAN ISLANDS,Same-day visitors (excursionists),Thousands,2021,
CENTRAL AFRICAN REPUBLIC,Total trips,Thousands,2021,
CENTRAL AFRICAN REPUBLIC,Overnights visitors (tourists),Thousands,2021,
CENTRAL AFRICAN REPUBLIC,Same-day visitors (excursionists),Thousands,2021,
CHAD,Total trips,Thousands,2021,
CHAD,Overnights visitors (tourists),Thousands,2021,11.0
CHAD,Same-day visitors (excursionists),Thousands,2021,
CHILE,Total trips,Thousands,2021,
CHILE,Overnights visitors (tourists),Thousands,2021,
CHILE,Same-day visitors (excursionists),Thousands,2021,
CHINA,Total trips,Thousands,2021,
CHINA,Overnights visitors (tourists),Thousands,2021,
CHINA,Same-day visitors (excursionists),Thousands,2021,
COLOMBIA,Total trips,Thousands,2021,
COLOMBIA,Overnights visitors (tourists),Thousands,2021,
COLOMBIA,Same-day visitors (excursionists),Thousands,2021,
COMOROS,Total trips,Thousands,2021,
COMOROS,Overnights visitors (tourists),Thousands,2021,
COMOROS,Same-day visitors (excursionists),Thousands,2021,
CONGO,Total trips,Thousands,2021,
CONGO,Overnights visitors (tourists),Thousands,2021,
CONGO,Same-day visitors (excursionists),Thousands,2021,
"CONGO, DEMOCRATIC REPUBLIC OF THE",Total trips,Thousands,2021,
"CONGO, DEMOCRATIC REPUBLIC OF THE",Overnights visitors (tourists),Thousands,2021,
"CONGO, DEMOCRATIC REPUBLIC OF THE",Same-day visitors (excursionists),Thousands,2021,
COOK ISLANDS,Total trips,Thousands,2021,
COOK ISLANDS,Overnights visitors (tourists),Thousands,2021,
COOK ISLANDS,Same-day visitors (excursionists),Thousands,2021,
COSTA RICA,Total trips,Thousands,2021,
COSTA RICA,Overnights visitors (tourists),Thousands,2021,
COSTA RICA,Same-day visitors (excursionists),Thousands,2021,
COTE D´IVOIRE,Total trips,Thousands,2021,
COTE D´IVOIRE,Overnights visitors (tourists),Thousands,2021,
COTE D´IVOIRE,Same-day visitors (excursionists),Thousands,2021,
CROATIA,Total trips,Thousands,2021,
CROATIA,Overnights visitors (tourists),Thousands,2021,
CROATIA,Same-day visitors (excursionists),Thousands,2021,
CUBA,Total trips,Thousands,2021,
CUBA,Overnights visitors (tourists),Thousands,2021,
CUBA,Same-day visitors (excursionists),Thousands,2021,
CURAÇAO,Total trips,Thousands,2021,
CURAÇAO,Overnights visitors (tourists),Thousands,2021,
CURAÇAO,Same-day visitors (excursionists),Thousands,2021,
CYPRUS,Total trips,Thousands,2021,
CYPRUS,Overnights visitors (tourists),Thousands,2021,
CYPRUS,Same-day visitors (excursionists),Thousands,2021,
CZECH REPUBLIC (CZECHIA),Total trips,Thousands,2021,
CZECH REPUBLIC (CZECHIA),Overnights visitors (tourists),Thousands,2021,
CZECH REPUBLIC (CZECHIA),Same-day visitors (excursionists),Thousands,2021,
DENMARK,Total trips,Thousands,2021,
DENMARK,Overnights visitors (tourists),Thousands,2021,
DENMARK,Same-day visitors (excursionists),Thousands,2021,
DJIBOUTI,Total trips,Thousands,2021,
DJIBOUTI,Overnights visitors (tourists),Thousands,2021,
DJIBOUTI,Same-day visitors (excursionists),Thousands,2021,
DOMINICA,Total trips,Thousands,2021,
DOMINICA,Overnights visitors (tourists),Thousands,2021,
DOMINICA,Same-day visitors (excursionists),Thousands,2021,
DOMINICAN REPUBLIC,Total trips,Thousands,2021,
DOMINICAN REPUBLIC,Overnights visitors (tourists),Thousands,2021,
DOMINICAN REPUBLIC,Same-day visitors (excursionists),Thousands,2021,
ECUADOR,Total trips,Thousands,2021,
ECUADOR,Overnights visitors (tourists),Thousands,2021,
ECUADOR,Same-day visitors (excursionists),Thousands,2021,
EGYPT,Total trips,Thousands,2021,
EGYPT,Overnights visitors (tourists),Thousands,2021,
EGYPT,Same-day visitors (excursionists),Thousands,2021,
EL SALVADOR,Total trips,Thousands,2021,
EL SALVADOR,Overnights visitors (tourists),Thousands,2021,
EL SALVADOR,Same-day visitors (excursionists),Thousands,2021,
EQUATORIAL GUINEA,Total trips,Thousands,2021,
EQUATORIAL GUINEA,Overnights visitors (tourists),Thousands,2021,
EQUATORIAL GUINEA,Same-day visitors (excursionists),Thousands,2021,
ERITREA,Total trips,Thousands,2021,
ERITREA,Overnights visitors (tourists),Thousands,2021,
ERITREA,Same-day visitors (excursionists),Thousands,2021,
ESTONIA,Total trips,Thousands,2021,
ESTONIA,Overnights visitors (tourists),Thousands,2021,
ESTONIA,Same-day visitors (excursionists),Thousands,2021,
ESWATINI,Total trips,Thousands,2021,141.0
ESWATINI,Overnights visitors (tourists),Thousands,2021,106.0
ESWATINI,Same-day visitors (excursionists),Thousands,2021,35.0
ETHIOPIA,Total trips,Thousands,2021,
ETHIOPIA,Overnights visitors (tourists),Thousands,2021,
ETHIOPIA,Same-day visitors (excursionists),Thousands,2021,
FIJI,Total trips,Thousands,2021,
FIJI,Overnights visitors (tourists),Thousands,2021,
FIJI,Same-day visitors (excursionists),Thousands,2021,
FINLAND,Total trips,Thousands,2021,
FINLAND,Overnights visitors (tourists),Thousands,2021,
FINLAND,Same-day visitors (excursionists),Thousands,2021,
FRANCE,Total trips,Thousands,2021,
FRANCE,Overnights visitors (tourists),Thousands,2021,
FRANCE,Same-day visitors (excursionists),Thousands,2021,
FRENCH GUIANA,Total trips,Thousands,2021,
FRENCH GUIANA,Overnights visitors (tourists),Thousands,2021,
FRENCH GUIANA,Same-day visitors (excursionists),Thousands,2021,
FRENCH POLYNESIA,Total trips,Thousands,2021,
FRENCH POLYNESIA,Overnights visitors (tourists),Thousands,2021,
FRENCH POLYNESIA,Same-day visitors (excursionists),Thousands,2021,
GABON,Total trips,Thousands,2021,
GABON,Overnights visitors (tourists),Thousands,2021,
GABON,Same-day visitors (excursionists),Thousands,2021,
GAMBIA,Total trips,Thousands,2021,
GAMBIA,Overnights visitors (tourists),Thousands,2021,
GAMBIA,Same-day visitors (excursionists),Thousands,2021,
GEORGIA,Total trips,Thousands,2021,
GEORGIA,Overnights visitors (tourists),Thousands,2021,
GEORGIA,Same-day visitors (excursionists),Thousands,2021,
GERMANY,Total trips,Thousands,2021,
GERMANY,Overnights visitors (tourists),Thousands,2021,
GERMANY,Same-day visitors (excursionists),Thousands,2021,
GHANA,Total trips,Thousands,2021,589.0
GHANA,Overnights visitors (tourists),Thousands,2021,
GHANA,Same-day visitors (excursionists),Thousands,2021,
GREECE,Total trips,Thousands,2021,
GREECE,Overnights visitors (tourists),Thousands,2021,
GREECE,Same-day visitors (excursionists),Thousands,2021,
GRENADA,Total trips,Thousands,2021,
GRENADA,Overnights visitors (tourists),Thousands,2021,
GRENADA,Same-day visitors (excursionists),Thousands,2021,
GUADELOUPE,Total trips,Thousands,2021,
GUADELOUPE,Overnights visitors (tourists),Thousands,2021,
GUADELOUPE,Same-day visitors (excursionists),Thousands,2021,
GUAM,Total trips,Thousands,2021,
GUAM,Overnights visitors (tourists),Thousands,2021,
GUAM,Same-day visitors (excursionists),Thousands,2021,
GUATEMALA,Total trips,Thousands,2021,
GUATEMALA,Overnights visitors (tourists),Thousands,2021,
GUATEMALA,Same-day visitors (excursionists),Thousands,2021,
GUINEA,Total trips,Thousands,2021,
GUINEA,Overnights visitors (tourists),Thousands,2021,
GUINEA,Same-day visitors (excursionists),Thousands,2021,
GUINEA-BISSAU,Total trips,Thousands,2021,
GUINEA-BISSAU,Overnights visitors (tourists),Thousands,2021,
GUINEA-BISSAU,Same-day visitors (excursionists),Thousands,2021,
GUYANA,Total trips,Thousands,2021,
GUYANA,Overnights visitors (tourists),Thousands,2021,
GUYANA,Same-day visitors (excursionists),Thousands,2021,
HAITI,Total trips,Thousands,2021,
HAITI,Overnights visitors (tourists),Thousands,2021,
HAITI,Same-day visitors (excursionists),Thousands,2021,
HONDURAS,Total trips,Thousands,2021,
HONDURAS,Overnights visitors (tourists),Thousands,2021,
HONDURAS,Same-day visitors (excursionists),Thousands,2021,
"HONG KONG, CHINA",Total trips,Thousands,2021,
"HONG KONG, CHINA",Overnights visitors (tourists),Thousands,2021,
"HONG KONG, CHINA",Same-day visitors (excursionists),Thousands,2021,
HUNGARY,Total trips,Thousands,2021,
HUNGARY,Overnights visitors (tourists),Thousands,2021,
HUNGARY,Same-day visitors (excursionists),Thousands,2021,
ICELAND,Total trips,Thousands,2021,
ICELAND,Overnights visitors (tourists),Thousands,2021,
ICELAND,Same-day visitors (excursionists),Thousands,2021,
INDIA,Total trips,Thousands,2021,
INDIA,Overnights visitors (tourists),Thousands,2021,
INDIA,Same-day visitors (excursionists),Thousands,2021,
INDONESIA,Total trips,Thousands,2021,
INDONESIA,Overnights visitors (tourists),Thousands,2021,
INDONESIA,Same-day visitors (excursionists),Thousands,2021,
"IRAN, ISLAMIC REPUBLIC OF",Total trips,Thousands,2021,
"IRAN, ISLAMIC REPUBLIC OF",Overnights visitors (tourists),Thousands,2021,
"IRAN, ISLAMIC REPUBLIC OF",Same-day visitors (excursionists),Thousands,2021,
IRAQ,Total trips,Thousands,2021,
IRAQ,Overnights visitors (tourists),Thousands,2021,
IRAQ,Same-day visitors (excursionists),Thousands,2021,
IRELAND,Total trips,Thousands,2021,
IRELAND,Overnights visitors (tourists),Thousands,2021,
IRELAND,Same-day visitors (excursionists),Thousands,2021,
ISRAEL,Total trips,Thousands,2021,
ISRAEL,Overnights visitors (tourists),Thousands,2021,
ISRAEL,Same-day visitors (excursionists),Thousands,2021,
ITALY,Total trips,Thousands,2021,
ITALY,Overnights visitors (tourists),Thousands,2021,
ITALY,Same-day visitors (excursionists),Thousands,2021,
JAMAICA,Total trips,Thousands,2021,
JAMAICA,Overnights visitors (tourists),Thousands,2021,
JAMAICA,Same-day visitors (excursionists),Thousands,2021,
JAPAN,Total trips,Thousands,2021,
JAPAN,Overnights visitors (tourists),Thousands,2021,
JAPAN,Same-day visitors (excursionists),Thousands,2021,
JORDAN,Total trips,Thousands,2021,
JORDAN,Overnights visitors (tourists),Thousands,2021,
JORDAN,Same-day visitors (excursionists),Thousands,2021,
KAZAKHSTAN,Total trips,Thousands,2021,
KAZAKHSTAN,Overnights visitors (tourists),Thousands,2021,
KAZAKHSTAN,Same-day visitors (excursionists),Thousands,2021,
KENYA,Total trips,Thousands,2021,
KENYA,Overnights visitors (tourists),Thousands,2021,
KENYA,Same-day visitors (excursionists),Thousands,2021,
KIRIBATI,Total trips,Thousands,2021,
KIRIBATI,Overnights visitors (tourists),Thousands,2021,
KIRIBATI,Same-day visitors (excursionists),Thousands,2021,
"KOREA, DEMOCRATIC PEOPLE´S REPUBLIC OF",Total trips,Thousands,2021,
"KOREA, DEMOCRATIC PEOPLE´S REPUBLIC OF",Overnights visitors (tourists),Thousands,2021,
"KOREA, DEMOCRATIC PEOPLE´S REPUBLIC OF",Same-day visitors (excursionists),Thousands,2021,
"KOREA, REPUBLIC OF",Total trips,Thousands,2021,
"KOREA, REPUBLIC OF",Overnights visitors (tourists),Thousands,2021,
"KOREA, REPUBLIC OF",Same-day visitors (excursionists),Thousands,2021,
KUWAIT,Total trips,Thousands,2021,
KUWAIT,Overnights visitors (tourists),Thousands,2021,
KUWAIT,Same-day visitors (excursionists),Thousands,2021,
KYRGYZSTAN,Total trips,Thousands,2021,
KYRGYZSTAN,Overnights visitors (tourists),Thousands,2021,
KYRGYZSTAN,Same-day visitors (excursionists),Thousands,2021,
LAO PEOPLE´S DEMOCRATIC REPUBLIC,Total trips,Thousands,2021,828.0
LAO PEOPLE´S DEMOCRATIC REPUBLIC,Overnights visitors (tourists),Thousands,2021,
LAO PEOPLE´S DEMOCRATIC REPUBLIC,Same-day visitors (excursionists),Thousands,2021,
LATVIA,Total trips,Thousands,2021,
LATVIA,Overnights visitors (tourists),Thousands,2021,
LATVIA,Same-day visitors (excursionists),Thousands,2021,
LEBANON,Total trips,Thousands,2021,
LEBANON,Overnights visitors (tourists),Thousands,2021,
LEBANON,Same-day visitors (excursionists),Thousands,2021,
LESOTHO,Total trips,Thousands,2021,
LESOTHO,Overnights visitors (tourists),Thousands,2021,
LESOTHO,Same-day visitors (excursionists),Thousands,2021,
LIBERIA,Total trips,Thousands,2021,
LIBERIA,Overnights visitors (tourists),Thousands,2021,
LIBERIA,Same-day visitors (excursionists),Thousands,2021,
LIBYA,Total trips,Thousands,2021,
LIBYA,Overnights visitors (tourists),Thousands,2021,
LIBYA,Same-day visitors (excursionists),Thousands,2021,
LIECHTENSTEIN,Total trips,Thousands,2021,
LIECHTENSTEIN,Overnights visitors (tourists),Thousands,2021,
LIECHTENSTEIN,Same-day visitors (excursionists),Thousands,2021,
LITHUANIA,Total trips,Thousands,2021,
LITHUANIA,Overnights visitors (tourists),Thousands,2021,
LITHUANIA,Same-day visitors (excursionists),Thousands,2021,
LUXEMBOURG,Total trips,Thousands,2021,
LUXEMBOURG,Overnights visitors (tourists),Thousands,2021,137.0
LUXEMBOURG,Same-day visitors (excursionists),Thousands,2021,
"MACAO, CHINA",Total trips,Thousands,2021,
"MACAO, CHINA",Overnights visitors (tourists),Thousands,2021,
"MACAO, CHINA",Same-day visitors (excursionists),Thousands,2021,
MADAGASCAR,Total trips,Thousands,2021,
MADAGASCAR,Overnights visitors (tourists),Thousands,2021,
MADAGASCAR,Same-day visitors (excursionists),Thousands,2021,
MALAWI,Total trips,Thousands,2021,
MALAWI,Overnights visitors (tourists),Thousands,2021,
MALAWI,Same-day visitors (excursionists),Thousands,2021,
MALAYSIA,Total trips,Thousands,2021,
MALAYSIA,Overnights visitors (tourists),Thousands,2021,
MALAYSIA,Same-day visitors (excursionists),Thousands,2021,
MALDIVES,Total trips,Thousands,2021,
MALDIVES,Overnights visitors (tourists),Thousands,2021,
MALDIVES,Same-day visitors (excursionists),Thousands,2021,
MALI,Total trips,Thousands,2021,
MALI,Overnights visitors (tourists),Thousands,2021,43.0
MALI,Same-day visitors (excursionists),Thousands,2021,
MALTA,Total trips,Thousands,2021,
MALTA,Overnights visitors (tourists),Thousands,2021,389.0
MALTA,Same-day visitors (excursionists),Thousands,2021,
MARSHALL ISLANDS,Total trips,Thousands,2021,
MARSHALL ISLANDS,Overnights visitors (tourists),Thousands,2021,
MARSHALL ISLANDS,Same-day visitors (excursionists),Thousands,2021,
MARTINIQUE,Total trips,Thousands,2021,
MARTINIQUE,Overnights visitors (tourists),Thousands,2021,
MARTINIQUE,Same-day visitors (excursionists),Thousands,2021,
MAURITANIA,Total trips,Thousands,2021,
MAURITANIA,Overnights visitors (tourists),Thousands,2021,
MAURITANIA,Same-day visitors (excursionists),Thousands,2021,
MAURITIUS,Total trips,Thousands,2021,
MAURITIUS,Overnights visitors (tourists),Thousands,2021,
MAURITIUS,Same-day visitors (excursionists),Thousands,2021,
MEXICO,Total trips,Thousands,2021,
MEXICO,Overnights visitors (tourists),Thousands,2021,
MEXICO,Same-day visitors (excursionists),Thousands,2021,
"MICRONESIA, FEDERATED STATES OF",Total trips,Thousands,2021,
"MICRONESIA, FEDERATED STATES OF",Overnights visitors (tourists),Thousands,2021,
"MICRONESIA, FEDERATED STATES OF",Same-day visitors (excursionists),Thousands,2021,
"MOLDOVA, REPUBLIC OF",Total trips,Thousands,2021,79.0
"MOLDOVA, REPUBLIC OF",Overnights visitors (tourists),Thousands,2021,18.0
"MOLDOVA, REPUBLIC OF",Same-day visitors (excursionists),Thousands,2021,61.0
MONACO,Total trips,Thousands,2021,
MONACO,Overnights visitors (tourists),Thousands,2021,
MONACO,Same-day visitors (excursionists),Thousands,2021,
MONGOLIA,Total trips,Thousands,2021,
MONGOLIA,Overnights visitors (tourists),Thousands,2021,
MONGOLIA,Same-day visitors (excursionists),Thousands,2021,
MONTENEGRO,Total trips,Thousands,2021,
MONTENEGRO,Overnights visitors (tourists),Thousands,2021,
MONTENEGRO,Same-day visitors (excursionists),Thousands,2021,
MONTSERRAT,Total trips,Thousands,2021,
MONTSERRAT,Overnights visitors (tourists),Thousands,2021,
MONTSERRAT,Same-day visitors (excursionists),Thousands,2021,
MOROCCO,Total trips,Thousands,2021,
MOROCCO,Overnights visitors (tourists),Thousands,2021,
MOROCCO,Same-day visitors (excursionists),Thousands,2021,
MOZAMBIQUE,Total trips,Thousands,2021,
MOZAMBIQUE,Overnights visitors (tourists),Thousands,2021,
MOZAMBIQUE,Same-day visitors (excursionists),Thousands,2021,
MYANMAR,Total trips,Thousands,2021,
MYANMAR,Overnights visitors (tourists),Thousands,2021,
MYANMAR,Same-day visitors (excursionists),Thousands,2021,
NAMIBIA,Total trips,Thousands,2021,
NAMIBIA,Overnights visitors (tourists),Thousands,2021,
NAMIBIA,Same-day visitors (excursionists),Thousands,2021,
NAURU,Total trips,Thousands,2021,
NAURU,Overnights visitors (tourists),Thousands,2021,
NAURU,Same-day visitors (excursionists),Thousands,2021,
NEPAL,Total trips,Thousands,2021,
NEPAL,Overnights visitors (tourists),Thousands,2021,
NEPAL,Same-day visitors (excursionists),Thousands,2021,
NETHERLANDS,Total trips,Thousands,2021,
NETHERLANDS,Overnights visitors (tourists),Thousands,2021,
NETHERLANDS,Same-day visitors (excursionists),Thousands,2021,
NEW CALEDONIA,Total trips,Thousands,2021,
NEW CALEDONIA,Overnights visitors (tourists),Thousands,2021,
NEW CALEDONIA,Same-day visitors (excursionists),Thousands,2021,
NEW ZEALAND,Total trips,Thousands,2021,
NEW ZEALAND,Overnights visitors (tourists),Thousands,2021,
NEW ZEALAND,Same-day visitors (excursionists),Thousands,2021,
NICARAGUA,Total trips,Thousands,2021,
NICARAGUA,Overnights visitors (tourists),Thousands,2021,
NICARAGUA,Same-day visitors (excursionists),Thousands,2021,
NIGER,Total trips,Thousands,2021,
NIGER,Overnights visitors (tourists),Thousands,2021,
NIGER,Same-day visitors (excursionists),Thousands,2021,
NIGERIA,Total trips,Thousands,2021,
NIGERIA,Overnights visitors (tourists),Thousands,2021,
NIGERIA,Same-day visitors (excursionists),Thousands,2021,
NIUE,Total trips,Thousands,2021,
NIUE,Overnights visitors (tourists),Thousands,2021,
NIUE,Same-day visitors (excursionists),Thousands,2021,
NORTH MACEDONIA,Total trips,Thousands,2021,
NORTH MACEDONIA,Overnights visitors (tourists),Thousands,2021,
NORTH MACEDONIA,Same-day visitors (excursionists),Thousands,2021,
NORTHERN MARIANA ISLANDS,Total trips,Thousands,2021,
NORTHERN MARIANA ISLANDS,Overnights visitors (tourists),Thousands,2021,
NORTHERN MARIANA ISLANDS,Same-day visitors (excursionists),Thousands,2021,
NORWAY,Total trips,Thousands,2021,
NORWAY,Overnights visitors (tourists),Thousands,2021,
NORWAY,Same-day visitors (excursionists),Thousands,2021,
OMAN,Total trips,Thousands,2021,
OMAN,Overnights visitors (tourists),Thousands,2021,
OMAN,Same-day visitors (excursionists),Thousands,2021,
PAKISTAN,Total trips,Thousands,2021,
PAKISTAN,Overnights visitors (tourists),Thousands,2021,
PAKISTAN,Same-day visitors (excursionists),Thousands,2021,
PALAU,Total trips,Thousands,2021,
PALAU,Overnights visitors (tourists),Thousands,2021,
PALAU,Same-day visitors (excursionists),Thousands,2021,
PANAMA,Total trips,Thousands,2021,
PANAMA,Overnights visitors (tourists),Thousands,2021,
PANAMA,Same-day visitors (excursionists),Thousands,2021,
PAPUA NEW GUINEA,Total trips,Thousands,2021,
PAPUA NEW GUINEA,Overnights visitors (tourists),Thousands,2021,
PAPUA NEW GUINEA,Same-day visitors (excursionists),Thousands,2021,
PARAGUAY,Total trips,Thousands,2021,
PARAGUAY,Overnights visitors (tourists),Thousands,2021,
PARAGUAY,Same-day visitors (excursionists),Thousands,2021,
PERU,Total trips,Thousands,2021,
PERU,Overnights visitors (tourists),Thousands,2021,
PERU,Same-day visitors (excursionists),Thousands,2021,
PHILIPPINES,Total trips,Thousands,2021,
PHILIPPINES,Overnights visitors (tourists),Thousands,2021,
PHILIPPINES,Same-day visitors (excursionists),Thousands,2021,
POLAND,Total trips,Thousands,2021,
POLAND,Overnights visitors (tourists),Thousands,2021,
POLAND,Same-day visitors (excursionists),Thousands,2021,
PORTUGAL,Total trips,Thousands,2021,
PORTUGAL,Overnights visitors (tourists),Thousands,2021,
PORTUGAL,Same-day visitors (excursionists),Thousands,2021,
PUERTO RICO,Total trips,Thousands,2021,
PUERTO RICO,Overnights visitors (tourists),Thousands,2021,
PUERTO RICO,Same-day visitors (excursionists),Thousands,2021,
QATAR,Total trips,Thousands,2021,
QATAR,Overnights visitors (tourists),Thousands,2021,
QATAR,Same-day visitors (excursionists),Thousands,2021,
REUNION,Total trips,Thousands,2021,
REUNION,Overnights visitors (tourists),Thousands,2021,
REUNION,Same-day visitors (excursionists),Thousands,2021,
ROMANIA,Total trips,Thousands,2021,
ROMANIA,Overnights visitors (tourists),Thousands,2021,
ROMANIA,Same-day visitors (excursionists),Thousands,2021,
RUSSIAN FEDERATION,Total trips,Thousands,2021,
RUSSIAN FEDERATION,Overnights visitors (tourists),Thousands,2021,
RUSSIAN FEDERATION,Same-day visitors (excursionists),Thousands,2021,
RWANDA,Total trips,Thousands,2021,
RWANDA,Overnights visitors (tourists),Thousands,2021,
RWANDA,Same-day visitors (excursionists),Thousands,2021,
SABA,Total trips,Thousands,2021,
SABA,Overnights visitors (tourists),Thousands,2021,
SABA,Same-day visitors (excursionists),Thousands,2021,
SAINT KITTS AND NEVIS,Total trips,Thousands,2021,
SAINT KITTS AND NEVIS,Overnights visitors (tourists),Thousands,2021,
SAINT KITTS AND NEVIS,Same-day visitors (excursionists),Thousands,2021,
SAINT LUCIA,Total trips,Thousands,2021,
SAINT LUCIA,Overnights visitors (tourists),Thousands,2021,
SAINT LUCIA,Same-day visitors (excursionists),Thousands,2021,
SAINT VINCENT AND THE GRENADINES,Total trips,Thousands,2021,
SAINT VINCENT AND THE GRENADINES,Overnights visitors (tourists),Thousands,2021,
SAINT VINCENT AND THE GRENADINES,Same-day visitors (excursionists),Thousands,2021,
SAMOA,Total trips,Thousands,2021,
SAMOA,Overnights visitors (tourists),Thousands,2021,
SAMOA,Same-day visitors (excursionists),Thousands,2021,
SAN MARINO,Total trips,Thousands,2021,
SAN MARINO,Overnights visitors (tourists),Thousands,2021,
SAN MARINO,Same-day visitors (excursionists),Thousands,2021,
SAO TOME AND PRINCIPE,Total trips,Thousands,2021,
SAO TOME AND PRINCIPE,Overnights visitors (tourists),Thousands,2021,
SAO TOME AND PRINCIPE,Same-day visitors (excursionists),Thousands,2021,
SAUDI ARABIA,Total trips,Thousands,2021,
SAUDI ARABIA,Overnights visitors (tourists),Thousands,2021,
SAUDI ARABIA,Same-day visitors (excursionists),Thousands,2021,
SENEGAL,Total trips,Thousands,2021,
SENEGAL,Overnights visitors (tourists),Thousands,2021,
SENEGAL,Same-day visitors (excursionists),Thousands,2021,
SERBIA,Total trips,Thousands,2021,
SERBIA,Overnights visitors (tourists),Thousands,2021,
SERBIA,Same-day visitors (excursionists),Thousands,2021,
SERBIA AND MONTENEGRO,Total trips,Thousands,2021,
SERBIA AND MONTENEGRO,Overnights visitors (tourists),Thousands,2021,
SERBIA AND MONTENEGRO,Same-day visitors (excursionists),Thousands,2021,
SEYCHELLES,Total trips,Thousands,2021,
SEYCHELLES,Overnights visitors (tourists),Thousands,2021,
SEYCHELLES,Same-day visitors (excursionists),Thousands,2021,
SIERRA LEONE,Total trips,Thousands,2021,
SIERRA LEONE,Overnights visitors (tourists),Thousands,2021,
SIERRA LEONE,Same-day visitors (excursionists),Thousands,2021,
SINGAPORE,Total trips,Thousands,2021,
SINGAPORE,Overnights visitors (tourists),Thousands,2021,
SINGAPORE,Same-day visitors (excursionists),Thousands,2021,
SINT EUSTATIUS,Total trips,Thousands,2021,
SINT EUSTATIUS,Overnights visitors (tourists),Thousands,2021,
SINT EUSTATIUS,Same-day visitors (excursionists),Thousands,2021,
SINT MAARTEN (DUTCH PART),Total trips,Thousands,2021,
SINT MAARTEN (DUTCH PART),Overnights visitors (tourists),Thousands,2021,
SINT MAARTEN (DUTCH PART),Same-day visitors (excursionists),Thousands,2021,
SLOVAKIA,Total trips,Thousands,2021,
SLOVAKIA,Overnights visitors (tourists),Thousands,2021,
SLOVAKIA,Same-day visitors (excursionists),Thousands,2021,
SLOVENIA,Total trips,Thousands,2021,
SLOVENIA,Overnights visitors (tourists),Thousands,2021,
SLOVENIA,Same-day visitors (excursionists),Thousands,2021,
SOLOMON ISLANDS,Total trips,Thousands,2021,
SOLOMON ISLANDS,Overnights visitors (tourists),Thousands,2021,
SOLOMON ISLANDS,Same-day visitors (excursionists),Thousands,2021,
SOMALIA,Total trips,Thousands,2021,
SOMALIA,Overnights visitors (tourists),Thousands,2021,
SOMALIA,Same-day visitors (excursionists),Thousands,2021,
SOUTH AFRICA,Total trips,Thousands,2021,
SOUTH AFRICA,Overnights visitors (tourists),Thousands,2021,
SOUTH AFRICA,Same-day visitors (excursionists),Thousands,2021,
SOUTH SUDAN,Total trips,Thousands,2021,
SOUTH SUDAN,Overnights visitors (tourists),Thousands,2021,
SOUTH SUDAN,Same-day visitors (excursionists),Thousands,2021,
SPAIN,Total trips,Thousands,2021,
SPAIN,Overnights visitors (tourists),Thousands,2021,
SPAIN,Same-day visitors (excursionists),Thousands,2021,
SRI LANKA,Total trips,Thousands,2021,
SRI LANKA,Overnights visitors (tourists),Thousands,2021,
SRI LANKA,Same-day visitors (excursionists),Thousands,2021,
STATE OF PALESTINE,Total trips,Thousands,2021,
STATE OF PALESTINE,Overnights visitors (tourists),Thousands,2021,
STATE OF PALESTINE,Same-day visitors (excursionists),Thousands,2021,
SUDAN,Total trips,Thousands,2021,
SUDAN,Overnights visitors (tourists),Thousands,2021,
SUDAN,Same-day visitors (excursionists),Thousands,2021,
SURINAME,Total trips,Thousands,2021,
SURINAME,Overnights visitors (tourists),Thousands,2021,
SURINAME,Same-day visitors (excursionists),Thousands,2021,
SWEDEN,Total trips,Thousands,2021,
SWEDEN,Overnights visitors (tourists),Thousands,2021,
SWEDEN,Same-day visitors (excursionists),Thousands,2021,
SWITZERLAND,Total trips,Thousands,2021,
SWITZERLAND,Overnights visitors (tourists),Thousands,2021,
SWITZERLAND,Same-day visitors (excursionists),Thousands,2021,
SYRIAN ARAB REPUBLIC,Total trips,Thousands,2021,
SYRIAN ARAB REPUBLIC,Overnights visitors (tourists),Thousands,2021,
SYRIAN ARAB REPUBLIC,Same-day visitors (excursionists),Thousands,2021,
TAIWAN PROVINCE OF CHINA,Total trips,Thousands,2021,
TAIWAN PROVINCE OF CHINA,Overnights visitors (tourists),Thousands,2021,
TAIWAN PROVINCE OF CHINA,Same-day visitors (excursionists),Thousands,2021,
TAJIKISTAN,Total trips,Thousands,2021,
TAJIKISTAN,Overnights visitors (tourists),Thousands,2021,
TAJIKISTAN,Same-day visitors (excursionists),Thousands,2021,
"TANZANIA, UNITED REPUBLIC OF",Total trips,Thousands,2021,
"TANZANIA, UNITED REPUBLIC OF",Overnights visitors (tourists),Thousands,2021,
"TANZANIA, UNITED REPUBLIC OF",Same-day visitors (excursionists),Thousands,2021,
THAILAND,Total trips,Thousands,2021,
THAILAND,Overnights visitors (tourists),Thousands,2021,
THAILAND,Same-day visitors (excursionists),Thousands,2021,
TIMOR-LESTE,Total trips,Thousands,2021,
TIMOR-LESTE,Overnights visitors (tourists),Thousands,2021,
TIMOR-LESTE,Same-day visitors (excursionists),Thousands,2021,
TOGO,Total trips,Thousands,2021,
TOGO,Overnights visitors (tourists),Thousands,2021,
TOGO,Same-day visitors (excursionists),Thousands,2021,
TONGA,Total trips,Thousands,2021,
TONGA,Overnights visitors (tourists),Thousands,2021,
TONGA,Same-day visitors (excursionists),Thousands,2021,
TRINIDAD AND TOBAGO,Total trips,Thousands,2021,830.0
TRINIDAD AND TOBAGO,Overnights visitors (tourists),Thousands,2021,
TRINIDAD AND TOBAGO,Same-day visitors (excursionists),Thousands,2021,
TUNISIA,Total trips,Thousands,2021,
TUNISIA,Overnights visitors (tourists),Thousands,2021,
TUNISIA,Same-day visitors (excursionists),Thousands,2021,
TÜRKIYE,Total trips,Thousands,2021,
TÜRKIYE,Overnights visitors (tourists),Thousands,2021,
TÜRKIYE,Same-day visitors (excursionists),Thousands,2021,
TURKMENISTAN,Total trips,Thousands,2021,
TURKMENISTAN,Overnights visitors (tourists),Thousands,2021,
TURKMENISTAN,Same-day visitors (excursionists),Thousands,2021,
TURKS AND CAICOS ISLANDS,Total trips,Thousands,2021,
TURKS AND CAICOS ISLANDS,Overnights visitors (tourists),Thousands,2021,
TURKS AND CAICOS ISLANDS,Same-day visitors (excursionists),Thousands,2021,
TUVALU,Total trips,Thousands,2021,
TUVALU,Overnights visitors (tourists),Thousands,2021,
TUVALU,Same-day visitors (excursionists),Thousands,2021,
UGANDA,Total trips,Thousands,2021,
UGANDA,Overnights visitors (tourists),Thousands,2021,
UGANDA,Same-day visitors (excursionists),Thousands,2021,
UKRAINE,Total trips,Thousands,2021,
UKRAINE,Overnights visitors (tourists),Thousands,2021,
UKRAINE,Same-day visitors (excursionists),Thousands,2021,
UNITED ARAB EMIRATES,Total trips,Thousands,2021,
UNITED ARAB EMIRATES,Overnights visitors (tourists),Thousands,2021,
UNITED ARAB EMIRATES,Same-day visitors (excursionists),Thousands,2021,
UNITED KINGDOM,Total trips,Thousands,2021,
UNITED KINGDOM,Overnights visitors (tourists),Thousands,2021,
UNITED KINGDOM,Same-day visitors (excursionists),Thousands,2021,
UNITED STATES OF AMERICA,Total trips,Thousands,2021,
UNITED STATES OF AMERICA,Overnights visitors (tourists),Thousands,2021,
UNITED STATES OF AMERICA,Same-day visitors (excursionists),Thousands,2021,
UNITED STATES VIRGIN ISLANDS,Total trips,Thousands,2021,
UNITED STATES VIRGIN ISLANDS,Overnights visitors (tourists),Thousands,2021,
UNITED STATES VIRGIN ISLANDS,Same-day visitors (excursionists),Thousands,2021,
URUGUAY,Total trips,Thousands,2021,
URUGUAY,Overnights visitors (tourists),Thousands,2021,
URUGUAY,Same-day visitors (excursionists),Thousands,2021,
UZBEKISTAN,Total trips,Thousands,2021,
UZBEKISTAN,Overnights visitors (tourists),Thousands,2021,
UZBEKISTAN,Same-day visitors (excursionists),Thousands,2021,
VANUATU,Total trips,Thousands,2021,
VANUATU,Overnights visitors (tourists),Thousands,2021,
VANUATU,Same-day visitors (excursionists),Thousands,2021,
"VENEZUELA, BOLIVARIAN REPUBLIC OF",Total trips,Thousands,2021,
"VENEZUELA, BOLIVARIAN REPUBLIC OF",Overnights visitors (tourists),Thousands,2021,
"VENEZUELA, BOLIVARIAN REPUBLIC OF",Same-day visitors (excursionists),Thousands,2021,
VIET NAM,Total trips,Thousands,2021,
VIET NAM,Overnights visitors (tourists),Thousands,2021,
VIET NAM,Same-day visitors (excursionists),Thousands,2021,
YEMEN,Total trips,Thousands,2021,
YEMEN,Overnights visitors (tourists),Thousands,2021,
YEMEN,Same-day visitors (excursionists),Thousands,2021,
ZAMBIA,Total trips,Thousands,2021,
ZAMBIA,Overnights visitors (tourists),Thousands,2021,
ZAMBIA,Same-day visitors (excursionists),Thousands,2021,
ZIMBABWE,Total trips,Thousands,2021,
ZIMBABWE,Overnights visitors (tourists),Thousands,2021,
ZIMBABWE,Same-day visitors (excursionists),Thousands,2021,
AFGHANISTAN,Total trips,Thousands,2022,
AFGHANISTAN,Overnights visitors (tourists),Thousands,2022,
AFGHANISTAN,Same-day visitors (excursionists),Thousands,2022,
ALBANIA,Total trips,Thousands,2022,
ALBANIA,Overnights visitors (tourists),Thousands,2022,
ALBANIA,Same-day visitors (excursionists),Thousands,2022,
ALGERIA,Total trips,Thousands,2022,
ALGERIA,Overnights visitors (tourists),Thousands,2022,
ALGERIA,Same-day visitors (excursionists),Thousands,2022,
AMERICAN SAMOA,Total trips,Thousands,2022,
AMERICAN SAMOA,Overnights visitors (tourists),Thousands,2022,
AMERICAN SAMOA,Same-day visitors (excursionists),Thousands,2022,
ANDORRA,Total trips,Thousands,2022,
ANDORRA,Overnights visitors (tourists),Thousands,2022,
ANDORRA,Same-day visitors (excursionists),Thousands,2022,
ANGOLA,Total trips,Thousands,2022,
ANGOLA,Overnights visitors (tourists),Thousands,2022,
ANGOLA,Same-day visitors (excursionists),Thousands,2022,
ANGUILLA,Total trips,Thousands,2022,
ANGUILLA,Overnights visitors (tourists),Thousands,2022,
ANGUILLA,Same-day visitors (excursionists),Thousands,2022,
ANTIGUA AND BARBUDA,Total trips,Thousands,2022,
ANTIGUA AND BARBUDA,Overnights visitors (tourists),Thousands,2022,
ANTIGUA AND BARBUDA,Same-day visitors (excursionists),Thousands,2022,
ARGENTINA,Total trips,Thousands,2022,
ARGENTINA,Overnights visitors (tourists),Thousands,2022,
ARGENTINA,Same-day visitors (excursionists),Thousands,2022,
ARMENIA,Total trips,Thousands,2022,
ARMENIA,Overnights visitors (tourists),Thousands,2022,
ARMENIA,Same-day visitors (excursionists),Thousands,2022,
ARUBA,Total trips,Thousands,2022,
ARUBA,Overnights visitors (tourists),Thousands,2022,
ARUBA,Same-day visitors (excursionists),Thousands,2022,
AUSTRALIA,Total trips,Thousands,2022,
AUSTRALIA,Overnights visitors (tourists),Thousands,2022,
AUSTRALIA,Same-day visitors (excursionists),Thousands,2022,
AUSTRIA,Total trips,Thousands,2022,
AUSTRIA,Overnights visitors (tourists),Thousands,2022,
AUSTRIA,Same-day visitors (excursionists),Thousands,2022,
AZERBAIJAN,Total trips,Thousands,2022,
AZERBAIJAN,Overnights visitors (tourists),Thousands,2022,
AZERBAIJAN,Same-day visitors (excursionists),Thousands,2022,
BAHAMAS,Total trips,Thousands,2022,
BAHAMAS,Overnights visitors (tourists),Thousands,2022,
BAHAMAS,Same-day visitors (excursionists),Thousands,2022,
BAHRAIN,Total trips,Thousands,2022,
BAHRAIN,Overnights visitors (tourists),Thousands,2022,
BAHRAIN,Same-day visitors (excursionists),Thousands,2022,
BANGLADESH,Total trips,Thousands,2022,
BANGLADESH,Overnights visitors (tourists),Thousands,2022,
BANGLADESH,Same-day visitors (excursionists),Thousands,2022,
BARBADOS,Total trips,Thousands,2022,
BARBADOS,Overnights visitors (tourists),Thousands,2022,
BARBADOS,Same-day visitors (excursionists),Thousands,2022,
BELARUS,Total trips,Thousands,2022,
BELARUS,Overnights visitors (tourists),Thousands,2022,
BELARUS,Same-day visitors (excursionists),Thousands,2022,
BELGIUM,Total trips,Thousands,2022,
BELGIUM,Overnights visitors (tourists),Thousands,2022,
BELGIUM,Same-day visitors (excursionists),Thousands,2022,
BELIZE,Total trips,Thousands,2022,
BELIZE,Overnights visitors (tourists),Thousands,2022,
BELIZE,Same-day visitors (excursionists),Thousands,2022,
BENIN,Total trips,Thousands,2022,
BENIN,Overnights visitors (tourists),Thousands,2022,
BENIN,Same-day visitors (excursionists),Thousands,2022,
BERMUDA,Total trips,Thousands,2022,
BERMUDA,Overnights visitors (tourists),Thousands,2022,
BERMUDA,Same-day visitors (excursionists),Thousands,2022,
BHUTAN,Total trips,Thousands,2022,
BHUTAN,Overnights visitors (tourists),Thousands,2022,
BHUTAN,Same-day visitors (excursionists),Thousands,2022,
"BOLIVIA, PLURINATIONAL STATE OF",Total trips,Thousands,2022,
"BOLIVIA, PLURINATIONAL STATE OF",Overnights visitors (tourists),Thousands,2022,
"BOLIVIA, PLURINATIONAL STATE OF",Same-day visitors (excursionists),Thousands,2022,
BONAIRE,Total trips,Thousands,2022,
BONAIRE,Overnights visitors (tourists),Thousands,2022,
BONAIRE,Same-day visitors (excursionists),Thousands,2022,
BOSNIA AND HERZEGOVINA,Total trips,Thousands,2022,
BOSNIA AND HERZEGOVINA,Overnights visitors (tourists),Thousands,2022,
BOSNIA AND HERZEGOVINA,Same-day visitors (excursionists),Thousands,2022,
BOTSWANA,Total trips,Thousands,2022,
BOTSWANA,Overnights visitors (tourists),Thousands,2022,
BOTSWANA,Same-day visitors (excursionists),Thousands,2022,
BRAZIL,Total trips,Thousands,2022,
BRAZIL,Overnights visitors (tourists),Thousands,2022,
BRAZIL,Same-day visitors (excursionists),Thousands,2022,
BRITISH VIRGIN ISLANDS,Total trips,Thousands,2022,
BRITISH VIRGIN ISLANDS,Overnights visitors (tourists),Thousands,2022,
BRITISH VIRGIN ISLANDS,Same-day visitors (excursionists),Thousands,2022,
BRUNEI DARUSSALAM,Total trips,Thousands,2022,
BRUNEI DARUSSALAM,Overnights visitors (tourists),Thousands,2022,
BRUNEI DARUSSALAM,Same-day visitors (excursionists),Thousands,2022,
BULGARIA,Total trips,Thousands,2022,
BULGARIA,Overnights visitors (tourists),Thousands,2022,
BULGARIA,Same-day visitors (excursionists),Thousands,2022,
BURKINA FASO,Total trips,Thousands,2022,
BURKINA FASO,Overnights visitors (tourists),Thousands,2022,
BURKINA FASO,Same-day visitors (excursionists),Thousands,2022,
BURUNDI,Total trips,Thousands,2022,
BURUNDI,Overnights visitors (tourists),Thousands,2022,
BURUNDI,Same-day visitors (excursionists),Thousands,2022,
CABO VERDE,Total trips,Thousands,2022,
CABO VERDE,Overnights visitors (tourists),Thousands,2022,
CABO VERDE,Same-day visitors (excursionists),Thousands,2022,
CAMBODIA,Total trips,Thousands,2022,
CAMBODIA,Overnights visitors (tourists),Thousands,2022,
CAMBODIA,Same-day visitors (excursionists),Thousands,2022,
CAMEROON,Total trips,Thousands,2022,
CAMEROON,Overnights visitors (tourists),Thousands,2022,
CAMEROON,Same-day visitors (excursionists),Thousands,2022,
CANADA,Total trips,Thousands,2022,
CANADA,Overnights visitors (tourists),Thousands,2022,
CANADA,Same-day visitors (excursionists),Thousands,2022,
CAYMAN ISLANDS,Total trips,Thousands,2022,
CAYMAN ISLANDS,Overnights visitors (tourists),Thousands,2022,
CAYMAN ISLANDS,Same-day visitors (excursionists),Thousands,2022,
CENTRAL AFRICAN REPUBLIC,Total trips,Thousands,2022,
CENTRAL AFRICAN REPUBLIC,Overnights visitors (tourists),Thousands,2022,
CENTRAL AFRICAN REPUBLIC,Same-day visitors (excursionists),Thousands,2022,
CHAD,Total trips,Thousands,2022,
CHAD,Overnights visitors (tourists),Thousands,2022,
CHAD,Same-day visitors (excursionists),Thousands,2022,
CHILE,Total trips,Thousands,2022,
CHILE,Overnights visitors (tourists),Thousands,2022,
CHILE,Same-day visitors (excursionists),Thousands,2022,
CHINA,Total trips,Thousands,2022,
CHINA,Overnights visitors (tourists),Thousands,2022,
CHINA,Same-day visitors (excursionists),Thousands,2022,
COLOMBIA,Total trips,Thousands,2022,
COLOMBIA,Overnights visitors (tourists),Thousands,2022,
COLOMBIA,Same-day visitors (excursionists),Thousands,2022,
COMOROS,Total trips,Thousands,2022,
COMOROS,Overnights visitors (tourists),Thousands,2022,
COMOROS,Same-day visitors (excursionists),Thousands,2022,
CONGO,Total trips,Thousands,2022,
CONGO,Overnights visitors (tourists),Thousands,2022,
CONGO,Same-day visitors (excursionists),Thousands,2022,
"CONGO, DEMOCRATIC REPUBLIC OF THE",Total trips,Thousands,2022,
"CONGO, DEMOCRATIC REPUBLIC OF THE",Overnights visitors (tourists),Thousands,2022,
"CONGO, DEMOCRATIC REPUBLIC OF THE",Same-day visitors (excursionists),Thousands,2022,
COOK ISLANDS,Total trips,Thousands,2022,
COOK ISLANDS,Overnights visitors (tourists),Thousands,2022,
COOK ISLANDS,Same-day visitors (excursionists),Thousands,2022,
COSTA RICA,Total trips,Thousands,2022,
COSTA RICA,Overnights visitors (tourists),Thousands,2022,
COSTA RICA,Same-day visitors (excursionists),Thousands,2022,
COTE D´IVOIRE,Total trips,Thousands,2022,
COTE D´IVOIRE,Overnights visitors (tourists),Thousands,2022,
COTE D´IVOIRE,Same-day visitors (excursionists),Thousands,2022,
CROATIA,Total trips,Thousands,2022,
CROATIA,Overnights visitors (tourists),Thousands,2022,
CROATIA,Same-day visitors (excursionists),Thousands,2022,
CUBA,Total trips,Thousands,2022,
CUBA,Overnights visitors (tourists),Thousands,2022,
CUBA,Same-day visitors (excursionists),Thousands,2022,
CURAÇAO,Total trips,Thousands,2022,
CURAÇAO,Overnights visitors (tourists),Thousands,2022,
CURAÇAO,Same-day visitors (excursionists),Thousands,2022,
CYPRUS,Total trips,Thousands,2022,
CYPRUS,Overnights visitors (tourists),Thousands,2022,
CYPRUS,Same-day visitors (excursionists),Thousands,2022,
CZECH REPUBLIC (CZECHIA),Total trips,Thousands,2022,
CZECH REPUBLIC (CZECHIA),Overnights visitors (tourists),Thousands,2022,
CZECH REPUBLIC (CZECHIA),Same-day visitors (excursionists),Thousands,2022,
DENMARK,Total trips,Thousands,2022,
DENMARK,Overnights visitors (tourists),Thousands,2022,
DENMARK,Same-day visitors (excursionists),Thousands,2022,
DJIBOUTI,Total trips,Thousands,2022,
DJIBOUTI,Overnights visitors (tourists),Thousands,2022,
DJIBOUTI,Same-day visitors (excursionists),Thousands,2022,
DOMINICA,Total trips,Thousands,2022,
DOMINICA,Overnights visitors (tourists),Thousands,2022,
DOMINICA,Same-day visitors (excursionists),Thousands,2022,
DOMINICAN REPUBLIC,Total trips,Thousands,2022,
DOMINICAN REPUBLIC,Overnights visitors (tourists),Thousands,2022,
DOMINICAN REPUBLIC,Same-day visitors (excursionists),Thousands,2022,
ECUADOR,Total trips,Thousands,2022,
ECUADOR,Overnights visitors (tourists),Thousands,2022,
ECUADOR,Same-day visitors (excursionists),Thousands,2022,
EGYPT,Total trips,Thousands,2022,
EGYPT,Overnights visitors (tourists),Thousands,2022,
EGYPT,Same-day visitors (excursionists),Thousands,2022,
EL SALVADOR,Total trips,Thousands,2022,
EL SALVADOR,Overnights visitors (tourists),Thousands,2022,
EL SALVADOR,Same-day visitors (excursionists),Thousands,2022,
EQUATORIAL GUINEA,Total trips,Thousands,2022,
EQUATORIAL GUINEA,Overnights visitors (tourists),Thousands,2022,
EQUATORIAL GUINEA,Same-day visitors (excursionists),Thousands,2022,
ERITREA,Total trips,Thousands,2022,
ERITREA,Overnights visitors (tourists),Thousands,2022,
ERITREA,Same-day visitors (excursionists),Thousands,2022,
ESTONIA,Total trips,Thousands,2022,
ESTONIA,Overnights visitors (tourists),Thousands,2022,
ESTONIA,Same-day visitors (excursionists),Thousands,2022,
ESWATINI,Total trips,Thousands,2022,219.0
ESWATINI,Overnights visitors (tourists),Thousands,2022,130.0
ESWATINI,Same-day visitors (excursionists),Thousands,2022,89.0
ETHIOPIA,Total trips,Thousands,2022,
ETHIOPIA,Overnights visitors (tourists),Thousands,2022,
ETHIOPIA,Same-day visitors (excursionists),Thousands,2022,
FIJI,Total trips,Thousands,2022,
FIJI,Overnights visitors (tourists),Thousands,2022,
FIJI,Same-day visitors (excursionists),Thousands,2022,
FINLAND,Total trips,Thousands,2022,
FINLAND,Overnights visitors (tourists),Thousands,2022,
FINLAND,Same-day visitors (excursionists),Thousands,2022,
FRANCE,Total trips,Thousands,2022,
FRANCE,Overnights visitors (tourists),Thousands,2022,
FRANCE,Same-day visitors (excursionists),Thousands,2022,
FRENCH GUIANA,Total trips,Thousands,2022,
FRENCH GUIANA,Overnights visitors (tourists),Thousands,2022,
FRENCH GUIANA,Same-day visitors (excursionists),Thousands,2022,
FRENCH POLYNESIA,Total trips,Thousands,2022,
FRENCH POLYNESIA,Overnights visitors (tourists),Thousands,2022,
FRENCH POLYNESIA,Same-day visitors (excursionists),Thousands,2022,
GABON,Total trips,Thousands,2022,
GABON,Overnights visitors (tourists),Thousands,2022,
GABON,Same-day visitors (excursionists),Thousands,2022,
GAMBIA,Total trips,Thousands,2022,
GAMBIA,Overnights visitors (tourists),Thousands,2022,
GAMBIA,Same-day visitors (excursionists),Thousands,2022,
GEORGIA,Total trips,Thousands,2022,
GEORGIA,Overnights visitors (tourists),Thousands,2022,
GEORGIA,Same-day visitors (excursionists),Thousands,2022,
GERMANY,Total trips,Thousands,2022,
GERMANY,Overnights visitors (tourists),Thousands,2022,
GERMANY,Same-day visitors (excursionists),Thousands,2022,
GHANA,Total trips,Thousands,2022,
GHANA,Overnights visitors (tourists),Thousands,2022,
GHANA,Same-day visitors (excursionists),Thousands,2022,
GREECE,Total trips,Thousands,2022,
GREECE,Overnights visitors (tourists),Thousands,2022,
GREECE,Same-day visitors (excursionists),Thousands,2022,
GRENADA,Total trips,Thousands,2022,
GRENADA,Overnights visitors (tourists),Thousands,2022,
GRENADA,Same-day visitors (excursionists),Thousands,2022,
GUADELOUPE,Total trips,Thousands,2022,
GUADELOUPE,Overnights visitors (tourists),Thousands,2022,
GUADELOUPE,Same-day visitors (excursionists),Thousands,2022,
GUAM,Total trips,Thousands,2022,
GUAM,Overnights visitors (tourists),Thousands,2022,
GUAM,Same-day visitors (excursionists),Thousands,2022,
GUATEMALA,Total trips,Thousands,2022,
GUATEMALA,Overnights visitors (tourists),Thousands,2022,
GUATEMALA,Same-day visitors (excursionists),Thousands,2022,
GUINEA,Total trips,Thousands,2022,
GUINEA,Overnights visitors (tourists),Thousands,2022,
GUINEA,Same-day visitors (excursionists),Thousands,2022,
GUINEA-BISSAU,Total trips,Thousands,2022,
GUINEA-BISSAU,Overnights visitors (tourists),Thousands,2022,
GUINEA-BISSAU,Same-day visitors (excursionists),Thousands,2022,
GUYANA,Total trips,Thousands,2022,
GUYANA,Overnights visitors (tourists),Thousands,2022,
GUYANA,Same-day visitors (excursionists),Thousands,2022,
HAITI,Total trips,Thousands,2022,
HAITI,Overnights visitors (tourists),Thousands,2022,
HAITI,Same-day visitors (excursionists),Thousands,2022,
HONDURAS,Total trips,Thousands,2022,
HONDURAS,Overnights visitors (tourists),Thousands,2022,
HONDURAS,Same-day visitors (excursionists),Thousands,2022,
"HONG KONG, CHINA",Total trips,Thousands,2022,
"HONG KONG, CHINA",Overnights visitors (tourists),Thousands,2022,
"HONG KONG, CHINA",Same-day visitors (excursionists),Thousands,2022,
HUNGARY,Total trips,Thousands,2022,
HUNGARY,Overnights visitors (tourists),Thousands,2022,
HUNGARY,Same-day visitors (excursionists),Thousands,2022,
ICELAND,Total trips,Thousands,2022,
ICELAND,Overnights visitors (tourists),Thousands,2022,
ICELAND,Same-day visitors (excursionists),Thousands,2022,
INDIA,Total trips,Thousands,2022,
INDIA,Overnights visitors (tourists),Thousands,2022,
INDIA,Same-day visitors (excursionists),Thousands,2022,
INDONESIA,Total trips,Thousands,2022,
INDONESIA,Overnights visitors (tourists),Thousands,2022,
INDONESIA,Same-day visitors (excursionists),Thousands,2022,
"IRAN, ISLAMIC REPUBLIC OF",Total trips,Thousands,2022,
"IRAN, ISLAMIC REPUBLIC OF",Overnights visitors (tourists),Thousands,2022,
"IRAN, ISLAMIC REPUBLIC OF",Same-day visitors (excursionists),Thousands,2022,
IRAQ,Total trips,Thousands,2022,
IRAQ,Overnights visitors (tourists),Thousands,2022,
IRAQ,Same-day visitors (excursionists),Thousands,2022,
IRELAND,Total trips,Thousands,2022,
IRELAND,Overnights visitors (tourists),Thousands,2022,
IRELAND,Same-day visitors (excursionists),Thousands,2022,
ISRAEL,Total trips,Thousands,2022,
ISRAEL,Overnights visitors (tourists),Thousands,2022,
ISRAEL,Same-day visitors (excursionists),Thousands,2022,
ITALY,Total trips,Thousands,2022,
ITALY,Overnights visitors (tourists),Thousands,2022,
ITALY,Same-day visitors (excursionists),Thousands,2022,
JAMAICA,Total trips,Thousands,2022,
JAMAICA,Overnights visitors (tourists),Thousands,2022,
JAMAICA,Same-day visitors (excursionists),Thousands,2022,
JAPAN,Total trips,Thousands,2022,
JAPAN,Overnights visitors (tourists),Thousands,2022,
JAPAN,Same-day visitors (excursionists),Thousands,2022,
JORDAN,Total trips,Thousands,2022,
JORDAN,Overnights visitors (tourists),Thousands,2022,
JORDAN,Same-day visitors (excursionists),Thousands,2022,
KAZAKHSTAN,Total trips,Thousands,2022,
KAZAKHSTAN,Overnights visitors (tourists),Thousands,2022,
KAZAKHSTAN,Same-day visitors (excursionists),Thousands,2022,
KENYA,Total trips,Thousands,2022,
KENYA,Overnights visitors (tourists),Thousands,2022,
KENYA,Same-day visitors (excursionists),Thousands,2022,
KIRIBATI,Total trips,Thousands,2022,
KIRIBATI,Overnights visitors (tourists),Thousands,2022,
KIRIBATI,Same-day visitors (excursionists),Thousands,2022,
"KOREA, DEMOCRATIC PEOPLE´S REPUBLIC OF",Total trips,Thousands,2022,
"KOREA, DEMOCRATIC PEOPLE´S REPUBLIC OF",Overnights visitors (tourists),Thousands,2022,
"KOREA, DEMOCRATIC PEOPLE´S REPUBLIC OF",Same-day visitors (excursionists),Thousands,2022,
"KOREA, REPUBLIC OF",Total trips,Thousands,2022,
"KOREA, REPUBLIC OF",Overnights visitors (tourists),Thousands,2022,
"KOREA, REPUBLIC OF",Same-day visitors (excursionists),Thousands,2022,
KUWAIT,Total trips,Thousands,2022,
KUWAIT,Overnights visitors (tourists),Thousands,2022,
KUWAIT,Same-day visitors (excursionists),Thousands,2022,
KYRGYZSTAN,Total trips,Thousands,2022,
KYRGYZSTAN,Overnights visitors (tourists),Thousands,2022,
KYRGYZSTAN,Same-day visitors (excursionists),Thousands,2022,
LAO PEOPLE´S DEMOCRATIC REPUBLIC,Total trips,Thousands,2022,
LAO PEOPLE´S DEMOCRATIC REPUBLIC,Overnights visitors (tourists),Thousands,2022,
LAO PEOPLE´S DEMOCRATIC REPUBLIC,Same-day visitors (excursionists),Thousands,2022,
LATVIA,Total trips,Thousands,2022,
LATVIA,Overnights visitors (tourists),Thousands,2022,
LATVIA,Same-day visitors (excursionists),Thousands,2022,
LEBANON,Total trips,Thousands,2022,
LEBANON,Overnights visitors (tourists),Thousands,2022,
LEBANON,Same-day visitors (excursionists),Thousands,2022,
LESOTHO,Total trips,Thousands,2022,
LESOTHO,Overnights visitors (tourists),Thousands,2022,
LESOTHO,Same-day visitors (excursionists),Thousands,2022,
LIBERIA,Total trips,Thousands,2022,
LIBERIA,Overnights visitors (tourists),Thousands,2022,
LIBERIA,Same-day visitors (excursionists),Thousands,2022,
LIBYA,Total trips,Thousands,2022,
LIBYA,Overnights visitors (tourists),Thousands,2022,
LIBYA,Same-day visitors (excursionists),Thousands,2022,
LIECHTENSTEIN,Total trips,Thousands,2022,
LIECHTENSTEIN,Overnights visitors (tourists),Thousands,2022,
LIECHTENSTEIN,Same-day visitors (excursionists),Thousands,2022,
LITHUANIA,Total trips,Thousands,2022,
LITHUANIA,Overnights visitors (tourists),Thousands,2022,
LITHUANIA,Same-day visitors (excursionists),Thousands,2022,
LUXEMBOURG,Total trips,Thousands,2022,
LUXEMBOURG,Overnights visitors (tourists),Thousands,2022,155.0
LUXEMBOURG,Same-day visitors (excursionists),Thousands,2022,
"MACAO, CHINA",Total trips,Thousands,2022,
"MACAO, CHINA",Overnights visitors (tourists),Thousands,2022,
"MACAO, CHINA",Same-day visitors (excursionists),Thousands,2022,
MADAGASCAR,Total trips,Thousands,2022,
MADAGASCAR,Overnights visitors (tourists),Thousands,2022,
MADAGASCAR,Same-day visitors (excursionists),Thousands,2022,
MALAWI,Total trips,Thousands,2022,
MALAWI,Overnights visitors (tourists),Thousands,2022,
MALAWI,Same-day visitors (excursionists),Thousands,2022,
MALAYSIA,Total trips,Thousands,2022,
MALAYSIA,Overnights visitors (tourists),Thousands,2022,
MALAYSIA,Same-day visitors (excursionists),Thousands,2022,
MALDIVES,Total trips,Thousands,2022,
MALDIVES,Overnights visitors (tourists),Thousands,2022,
MALDIVES,Same-day visitors (excursionists),Thousands,2022,
MALI,Total trips,Thousands,2022,
MALI,Overnights visitors (tourists),Thousands,2022,24.0
MALI,Same-day visitors (excursionists),Thousands,2022,
MALTA,Total trips,Thousands,2022,
MALTA,Overnights visitors (tourists),Thousands,2022,369.0
MALTA,Same-day visitors (excursionists),Thousands,2022,
MARSHALL ISLANDS,Total trips,Thousands,2022,
MARSHALL ISLANDS,Overnights visitors (tourists),Thousands,2022,
MARSHALL ISLANDS,Same-day visitors (excursionists),Thousands,2022,
MARTINIQUE,Total trips,Thousands,2022,
MARTINIQUE,Overnights visitors (tourists),Thousands,2022,
MARTINIQUE,Same-day visitors (excursionists),Thousands,2022,
MAURITANIA,Total trips,Thousands,2022,
MAURITANIA,Overnights visitors (tourists),Thousands,2022,
MAURITANIA,Same-day visitors (excursionists),Thousands,2022,
MAURITIUS,Total trips,Thousands,2022,
MAURITIUS,Overnights visitors (tourists),Thousands,2022,
MAURITIUS,Same-day visitors (excursionists),Thousands,2022,
MEXICO,Total trips,Thousands,2022,
MEXICO,Overnights visitors (tourists),Thousands,2022,
MEXICO,Same-day visitors (excursionists),Thousands,2022,
"MICRONESIA, FEDERATED STATES OF",Total trips,Thousands,2022,
"MICRONESIA, FEDERATED STATES OF",Overnights visitors (tourists),Thousands,2022,
"MICRONESIA, FEDERATED STATES OF",Same-day visitors (excursionists),Thousands,2022,
"MOLDOVA, REPUBLIC OF",Total trips,Thousands,2022,124.0
"MOLDOVA, REPUBLIC OF",Overnights visitors (tourists),Thousands,2022,23.0
"MOLDOVA, REPUBLIC OF",Same-day visitors (excursionists),Thousands,2022,100.0
MONACO,Total trips,Thousands,2022,
MONACO,Overnights visitors (tourists),Thousands,2022,
MONACO,Same-day visitors (excursionists),Thousands,2022,
MONGOLIA,Total trips,Thousands,2022,
MONGOLIA,Overnights visitors (tourists),Thousands,2022,
MONGOLIA,Same-day visitors (excursionists),Thousands,2022,
MONTENEGRO,Total trips,Thousands,2022,
MONTENEGRO,Overnights visitors (tourists),Thousands,2022,
MONTENEGRO,Same-day visitors (excursionists),Thousands,2022,
MONTSERRAT,Total trips,Thousands,2022,
MONTSERRAT,Overnights visitors (tourists),Thousands,2022,
MONTSERRAT,Same-day visitors (excursionists),Thousands,2022,
MOROCCO,Total trips,Thousands,2022,
MOROCCO,Overnights visitors (tourists),Thousands,2022,
MOROCCO,Same-day visitors (excursionists),Thousands,2022,
MOZAMBIQUE,Total trips,Thousands,2022,
MOZAMBIQUE,Overnights visitors (tourists),Thousands,2022,
MOZAMBIQUE,Same-day visitors (excursionists),Thousands,2022,
MYANMAR,Total trips,Thousands,2022,
MYANMAR,Overnights visitors (tourists),Thousands,2022,
MYANMAR,Same-day visitors (excursionists),Thousands,2022,
NAMIBIA,Total trips,Thousands,2022,
NAMIBIA,Overnights visitors (tourists),Thousands,2022,
NAMIBIA,Same-day visitors (excursionists),Thousands,2022,
NAURU,Total trips,Thousands,2022,
NAURU,Overnights visitors (tourists),Thousands,2022,
NAURU,Same-day visitors (excursionists),Thousands,2022,
NEPAL,Total trips,Thousands,2022,
NEPAL,Overnights visitors (tourists),Thousands,2022,
NEPAL,Same-day visitors (excursionists),Thousands,2022,
NETHERLANDS,Total trips,Thousands,2022,
NETHERLANDS,Overnights visitors (tourists),Thousands,2022,
NETHERLANDS,Same-day visitors (excursionists),Thousands,2022,
NEW CALEDONIA,Total trips,Thousands,2022,
NEW CALEDONIA,Overnights visitors (tourists),Thousands,2022,
NEW CALEDONIA,Same-day visitors (excursionists),Thousands,2022,
NEW ZEALAND,Total trips,Thousands,2022,
NEW ZEALAND,Overnights visitors (tourists),Thousands,2022,
NEW ZEALAND,Same-day visitors (excursionists),Thousands,2022,
NICARAGUA,Total trips,Thousands,2022,
NICARAGUA,Overnights visitors (tourists),Thousands,2022,
NICARAGUA,Same-day visitors (excursionists),Thousands,2022,
NIGER,Total trips,Thousands,2022,
NIGER,Overnights visitors (tourists),Thousands,2022,
NIGER,Same-day visitors (excursionists),Thousands,2022,
NIGERIA,Total trips,Thousands,2022,
NIGERIA,Overnights visitors (tourists),Thousands,2022,
NIGERIA,Same-day visitors (excursionists),Thousands,2022,
NIUE,Total trips,Thousands,2022,
NIUE,Overnights visitors (tourists),Thousands,2022,
NIUE,Same-day visitors (excursionists),Thousands,2022,
NORTH MACEDONIA,Total trips,Thousands,2022,
NORTH MACEDONIA,Overnights visitors (tourists),Thousands,2022,
NORTH MACEDONIA,Same-day visitors (excursionists),Thousands,2022,
NORTHERN MARIANA ISLANDS,Total trips,Thousands,2022,
NORTHERN MARIANA ISLANDS,Overnights visitors (tourists),Thousands,2022,
NORTHERN MARIANA ISLANDS,Same-day visitors (excursionists),Thousands,2022,
NORWAY,Total trips,Thousands,2022,
NORWAY,Overnights visitors (tourists),Thousands,2022,
NORWAY,Same-day visitors (excursionists),Thousands,2022,
OMAN,Total trips,Thousands,2022,
OMAN,Overnights visitors (tourists),Thousands,2022,
OMAN,Same-day visitors (excursionists),Thousands,2022,
PAKISTAN,Total trips,Thousands,2022,
PAKISTAN,Overnights visitors (tourists),Thousands,2022,
PAKISTAN,Same-day visitors (excursionists),Thousands,2022,
PALAU,Total trips,Thousands,2022,
PALAU,Overnights visitors (tourists),Thousands,2022,
PALAU,Same-day visitors (excursionists),Thousands,2022,
PANAMA,Total trips,Thousands,2022,
PANAMA,Overnights visitors (tourists),Thousands,2022,
PANAMA,Same-day visitors (excursionists),Thousands,2022,
PAPUA NEW GUINEA,Total trips,Thousands,2022,
PAPUA NEW GUINEA,Overnights visitors (tourists),Thousands,2022,
PAPUA NEW GUINEA,Same-day visitors (excursionists),Thousands,2022,
PARAGUAY,Total trips,Thousands,2022,
PARAGUAY,Overnights visitors (tourists),Thousands,2022,
PARAGUAY,Same-day visitors (excursionists),Thousands,2022,
PERU,Total trips,Thousands,2022,
PERU,Overnights visitors (tourists),Thousands,2022,
PERU,Same-day visitors (excursionists),Thousands,2022,
PHILIPPINES,Total trips,Thousands,2022,
PHILIPPINES,Overnights visitors (tourists),Thousands,2022,
PHILIPPINES,Same-day visitors (excursionists),Thousands,2022,
POLAND,Total trips,Thousands,2022,
POLAND,Overnights visitors (tourists),Thousands,2022,
POLAND,Same-day visitors (excursionists),Thousands,2022,
PORTUGAL,Total trips,Thousands,2022,
PORTUGAL,Overnights visitors (tourists),Thousands,2022,
PORTUGAL,Same-day visitors (excursionists),Thousands,2022,
PUERTO RICO,Total trips,Thousands,2022,
PUERTO RICO,Overnights visitors (tourists),Thousands,2022,
PUERTO RICO,Same-day visitors (excursionists),Thousands,2022,
QATAR,Total trips,Thousands,2022,
QATAR,Overnights visitors (tourists),Thousands,2022,
QATAR,Same-day visitors (excursionists),Thousands,2022,
REUNION,Total trips,Thousands,2022,
REUNION,Overnights visitors (tourists),Thousands,2022,
REUNION,Same-day visitors (excursionists),Thousands,2022,
ROMANIA,Total trips,Thousands,2022,
ROMANIA,Overnights visitors (tourists),Thousands,2022,
ROMANIA,Same-day visitors (excursionists),Thousands,2022,
RUSSIAN FEDERATION,Total trips,Thousands,2022,
RUSSIAN FEDERATION,Overnights visitors (tourists),Thousands,2022,
RUSSIAN FEDERATION,Same-day visitors (excursionists),Thousands,2022,
RWANDA,Total trips,Thousands,2022,
RWANDA,Overnights visitors (tourists),Thousands,2022,
RWANDA,Same-day visitors (excursionists),Thousands,2022,
SABA,Total trips,Thousands,2022,
SABA,Overnights visitors (tourists),Thousands,2022,
SABA,Same-day visitors (excursionists),Thousands,2022,
SAINT KITTS AND NEVIS,Total trips,Thousands,2022,
SAINT KITTS AND NEVIS,Overnights visitors (tourists),Thousands,2022,
SAINT KITTS AND NEVIS,Same-day visitors (excursionists),Thousands,2022,
SAINT LUCIA,Total trips,Thousands,2022,
SAINT LUCIA,Overnights visitors (tourists),Thousands,2022,
SAINT LUCIA,Same-day visitors (excursionists),Thousands,2022,
SAINT VINCENT AND THE GRENADINES,Total trips,Thousands,2022,
SAINT VINCENT AND THE GRENADINES,Overnights visitors (tourists),Thousands,2022,
SAINT VINCENT AND THE GRENADINES,Same-day visitors (excursionists),Thousands,2022,
SAMOA,Total trips,Thousands,2022,
SAMOA,Overnights visitors (tourists),Thousands,2022,
SAMOA,Same-day visitors (excursionists),Thousands,2022,
SAN MARINO,Total trips,Thousands,2022,
SAN MARINO,Overnights visitors (tourists),Thousands,2022,
SAN MARINO,Same-day visitors (excursionists),Thousands,2022,
SAO TOME AND PRINCIPE,Total trips,Thousands,2022,
SAO TOME AND PRINCIPE,Overnights visitors (tourists),Thousands,2022,
SAO TOME AND PRINCIPE,Same-day visitors (excursionists),Thousands,2022,
SAUDI ARABIA,Total trips,Thousands,2022,
SAUDI ARABIA,Overnights visitors (tourists),Thousands,2022,
SAUDI ARABIA,Same-day visitors (excursionists),Thousands,2022,
SENEGAL,Total trips,Thousands,2022,
SENEGAL,Overnights visitors (tourists),Thousands,2022,
SENEGAL,Same-day visitors (excursionists),Thousands,2022,
SERBIA,Total trips,Thousands,2022,
SERBIA,Overnights visitors (tourists),Thousands,2022,
SERBIA,Same-day visitors (excursionists),Thousands,2022,
SERBIA AND MONTENEGRO,Total trips,Thousands,2022,
SERBIA AND MONTENEGRO,Overnights visitors (tourists),Thousands,2022,
SERBIA AND MONTENEGRO,Same-day visitors (excursionists),Thousands,2022,
SEYCHELLES,Total trips,Thousands,2022,
SEYCHELLES,Overnights visitors (tourists),Thousands,2022,
SEYCHELLES,Same-day visitors (excursionists),Thousands,2022,
SIERRA LEONE,Total trips,Thousands,2022,
SIERRA LEONE,Overnights visitors (tourists),Thousands,2022,
SIERRA LEONE,Same-day visitors (excursionists),Thousands,2022,
SINGAPORE,Total trips,Thousands,2022,
SINGAPORE,Overnights visitors (tourists),Thousands,2022,
SINGAPORE,Same-day visitors (excursionists),Thousands,2022,
SINT EUSTATIUS,Total trips,Thousands,2022,
SINT EUSTATIUS,Overnights visitors (tourists),Thousands,2022,
SINT EUSTATIUS,Same-day visitors (excursionists),Thousands,2022,
SINT MAARTEN (DUTCH PART),Total trips,Thousands,2022,
SINT MAARTEN (DUTCH PART),Overnights visitors (tourists),Thousands,2022,
SINT MAARTEN (DUTCH PART),Same-day visitors (excursionists),Thousands,2022,
SLOVAKIA,Total trips,Thousands,2022,
SLOVAKIA,Overnights visitors (tourists),Thousands,2022,
SLOVAKIA,Same-day visitors (excursionists),Thousands,2022,
SLOVENIA,Total trips,Thousands,2022,
SLOVENIA,Overnights visitors (tourists),Thousands,2022,
SLOVENIA,Same-day visitors (excursionists),Thousands,2022,
SOLOMON ISLANDS,Total trips,Thousands,2022,
SOLOMON ISLANDS,Overnights visitors (tourists),Thousands,2022,
SOLOMON ISLANDS,Same-day visitors (excursionists),Thousands,2022,
SOMALIA,Total trips,Thousands,2022,
SOMALIA,Overnights visitors (tourists),Thousands,2022,
SOMALIA,Same-day visitors (excursionists),Thousands,2022,
SOUTH AFRICA,Total trips,Thousands,2022,
SOUTH AFRICA,Overnights visitors (tourists),Thousands,2022,
SOUTH AFRICA,Same-day visitors (excursionists),Thousands,2022,
SOUTH SUDAN,Total trips,Thousands,2022,
SOUTH SUDAN,Overnights visitors (tourists),Thousands,2022,
SOUTH SUDAN,Same-day visitors (excursionists),Thousands,2022,
SPAIN,Total trips,Thousands,2022,
SPAIN,Overnights visitors (tourists),Thousands,2022,
SPAIN,Same-day visitors (excursionists),Thousands,2022,
SRI LANKA,Total trips,Thousands,2022,
SRI LANKA,Overnights visitors (tourists),Thousands,2022,
SRI LANKA,Same-day visitors (excursionists),Thousands,2022,
STATE OF PALESTINE,Total trips,Thousands,2022,
STATE OF PALESTINE,Overnights visitors (tourists),Thousands,2022,
STATE OF PALESTINE,Same-day visitors (excursionists),Thousands,2022,
SUDAN,Total trips,Thousands,2022,
SUDAN,Overnights visitors (tourists),Thousands,2022,
SUDAN,Same-day visitors (excursionists),Thousands,2022,
SURINAME,Total trips,Thousands,2022,
SURINAME,Overnights visitors (tourists),Thousands,2022,
SURINAME,Same-day visitors (excursionists),Thousands,2022,
SWEDEN,Total trips,Thousands,2022,
SWEDEN,Overnights visitors (tourists),Thousands,2022,
SWEDEN,Same-day visitors (excursionists),Thousands,2022,
SWITZERLAND,Total trips,Thousands,2022,
SWITZERLAND,Overnights visitors (tourists),Thousands,2022,
SWITZERLAND,Same-day visitors (excursionists),Thousands,2022,
SYRIAN ARAB REPUBLIC,Total trips,Thousands,2022,
SYRIAN ARAB REPUBLIC,Overnights visitors (tourists),Thousands,2022,
SYRIAN ARAB REPUBLIC,Same-day visitors (excursionists),Thousands,2022,
TAIWAN PROVINCE OF CHINA,Total trips,Thousands,2022,
TAIWAN PROVINCE OF CHINA,Overnights visitors (tourists),Thousands,2022,
TAIWAN PROVINCE OF CHINA,Same-day visitors (excursionists),Thousands,2022,
TAJIKISTAN,Total trips,Thousands,2022,
TAJIKISTAN,Overnights visitors (tourists),Thousands,2022,
TAJIKISTAN,Same-day visitors (excursionists),Thousands,2022,
"TANZANIA, UNITED REPUBLIC OF",Total trips,Thousands,2022,
"TANZANIA, UNITED REPUBLIC OF",Overnights visitors (tourists),Thousands,2022,
"TANZANIA, UNITED REPUBLIC OF",Same-day visitors (excursionists),Thousands,2022,
THAILAND,Total trips,Thousands,2022,
THAILAND,Overnights visitors (tourists),Thousands,2022,
THAILAND,Same-day visitors (excursionists),Thousands,2022,
TIMOR-LESTE,Total trips,Thousands,2022,
TIMOR-LESTE,Overnights visitors (tourists),Thousands,2022,
TIMOR-LESTE,Same-day visitors (excursionists),Thousands,2022,
TOGO,Total trips,Thousands,2022,
TOGO,Overnights visitors (tourists),Thousands,2022,
TOGO,Same-day visitors (excursionists),Thousands,2022,
TONGA,Total trips,Thousands,2022,
TONGA,Overnights visitors (tourists),Thousands,2022,
TONGA,Same-day visitors (excursionists),Thousands,2022,
TRINIDAD AND TOBAGO,Total trips,Thousands,2022,
TRINIDAD AND TOBAGO,Overnights visitors (tourists),Thousands,2022,
TRINIDAD AND TOBAGO,Same-day visitors (excursionists),Thousands,2022,
TUNISIA,Total trips,Thousands,2022,
TUNISIA,Overnights visitors (tourists),Thousands,2022,
TUNISIA,Same-day visitors (excursionists),Thousands,2022,
TÜRKIYE,Total trips,Thousands,2022,
TÜRKIYE,Overnights visitors (tourists),Thousands,2022,
TÜRKIYE,Same-day visitors (excursionists),Thousands,2022,
TURKMENISTAN,Total trips,Thousands,2022,
TURKMENISTAN,Overnights visitors (tourists),Thousands,2022,
TURKMENISTAN,Same-day visitors (excursionists),Thousands,2022,
TURKS AND CAICOS ISLANDS,Total trips,Thousands,2022,
TURKS AND CAICOS ISLANDS,Overnights visitors (tourists),Thousands,2022,
TURKS AND CAICOS ISLANDS,Same-day visitors (excursionists),Thousands,2022,
TUVALU,Total trips,Thousands,2022,
TUVALU,Overnights visitors (tourists),Thousands,2022,
TUVALU,Same-day visitors (excursionists),Thousands,2022,
UGANDA,Total trips,Thousands,2022,
UGANDA,Overnights visitors (tourists),Thousands,2022,
UGANDA,Same-day visitors (excursionists),Thousands,2022,
UKRAINE,Total trips,Thousands,2022,
UKRAINE,Overnights visitors (tourists),Thousands,2022,
UKRAINE,Same-day visitors (excursionists),Thousands,2022,
UNITED ARAB EMIRATES,Total trips,Thousands,2022,
UNITED ARAB EMIRATES,Overnights visitors (tourists),Thousands,2022,
UNITED ARAB EMIRATES,Same-day visitors (excursionists),Thousands,2022,
UNITED KINGDOM,Total trips,Thousands,2022,
UNITED KINGDOM,Overnights visitors (tourists),Thousands,2022,
UNITED KINGDOM,Same-day visitors (excursionists),Thousands,2022,
UNITED STATES OF AMERICA,Total trips,Thousands,2022,
UNITED STATES OF AMERICA,Overnights visitors (tourists),Thousands,2022,
UNITED STATES OF AMERICA,Same-day visitors (excursionists),Thousands,2022,
UNITED STATES VIRGIN ISLANDS,Total trips,Thousands,2022,
UNITED STATES VIRGIN ISLANDS,Overnights visitors (tourists),Thousands,2022,
UNITED STATES VIRGIN ISLANDS,Same-day visitors (excursionists),Thousands,2022,
URUGUAY,Total trips,Thousands,2022,
URUGUAY,Overnights visitors (tourists),Thousands,2022,
URUGUAY,Same-day visitors (excursionists),Thousands,2022,
UZBEKISTAN,Total trips,Thousands,2022,
UZBEKISTAN,Overnights visitors (tourists),Thousands,2022,
UZBEKISTAN,Same-day visitors (excursionists),Thousands,2022,
VANUATU,Total trips,Thousands,2022,
VANUATU,Overnights visitors (tourists),Thousands,2022,
VANUATU,Same-day visitors (excursionists),Thousands,2022,
"VENEZUELA, BOLIVARIAN REPUBLIC OF",Total trips,Thousands,2022,
"VENEZUELA, BOLIVARIAN REPUBLIC OF",Overnights visitors (tourists),Thousands,2022,
"VENEZUELA, BOLIVARIAN REPUBLIC OF",Same-day visitors (excursionists),Thousands,2022,
VIET NAM,Total trips,Thousands,2022,
VIET NAM,Overnights visitors (tourists),Thousands,2022,
VIET NAM,Same-day visitors (excursionists),Thousands,2022,
YEMEN,Total trips,Thousands,2022,
YEMEN,Overnights visitors (tourists),Thousands,2022,
YEMEN,Same-day visitors (excursionists),Thousands,2022,
ZAMBIA,Total trips,Thousands,2022,
ZAMBIA,Overnights visitors (tourists),Thousands,2022,
ZAMBIA,Same-day visitors (excursionists),Thousands,2022,
ZIMBABWE,Total trips,Thousands,2022,
ZIMBABWE,Overnights visitors (tourists),Thousands,2022,
ZIMBABWE,Same-day visitors (excursionists),Thousands,2022,
